Datetime,Close,High,Low,Open,Volume
2026-05-06 23:00:00+00:00,10.846699714660645,10.846699714660645,10.846699714660645,10.846699714660645,0
2026-05-06 23:01:00+00:00,10.847000122070312,10.85062026977539,10.847000122070312,10.85062026977539,0
2026-05-06 23:02:00+00:00,10.846699714660645,10.846699714660645,10.846699714660645,10.846699714660645,0
2026-05-06 23:03:00+00:00,10.847000122070312,10.850359916687012,10.84689998626709,10.84689998626709,0
2026-05-06 23:04:00+00:00,10.848299980163574,10.848400115966797,10.848299980163574,10.848400115966797,0
2026-05-06 23:05:00+00:00,10.847200393676758,10.849909782409668,10.847200393676758,10.847900390625,0
2026-05-06 23:06:00+00:00,10.848199844360352,10.848199844360352,10.847999572753906,10.847999572753906,0
2026-05-06 23:07:00+00:00,10.848099708557129,10.850939750671387,10.847209930419922,10.847900390625,0
2026-05-06 23:08:00+00:00,10.84749984741211,10.847800254821777,10.84749984741211,10.847800254821777,0
2026-05-06 23:09:00+00:00,10.848699569702148,10.850919723510742,10.846090316772461,10.847900390625,0
2026-05-06 23:10:00+00:00,10.84805965423584,10.849769592285156,10.847020149230957,10.848509788513184,0
2026-05-06 23:11:00+00:00,10.850199699401855,10.850199699401855,10.847000122070312,10.847000122070312,0
2026-05-06 23:12:00+00:00,10.847749710083008,10.847929954528809,10.8468599319458,10.8468599319458,0
2026-05-06 23:13:00+00:00,10.847979545593262,10.850199699401855,10.846659660339355,10.847660064697266,0
2026-05-06 23:14:00+00:00,10.848190307617188,10.850000381469727,10.847229957580566,10.847909927368164,0
2026-05-06 23:15:00+00:00,10.848219871520996,10.852399826049805,10.847880363464355,10.847880363464355,0
2026-05-06 23:16:00+00:00,10.84846019744873,10.852700233459473,10.847539901733398,10.848119735717773,0
2026-05-06 23:17:00+00:00,10.848159790039062,10.852499961853027,10.847220420837402,10.848489761352539,0
2026-05-06 23:18:00+00:00,10.849869728088379,10.852100372314453,10.84784984588623,10.848190307617188,0
2026-05-06 23:19:00+00:00,10.849379539489746,10.853099822998047,10.847410202026367,10.85004997253418,0
2026-05-06 23:20:00+00:00,10.850099563598633,10.852999687194824,10.848320007324219,10.848930358886719,0
2026-05-06 23:21:00+00:00,10.848119735717773,10.853300094604492,10.848119735717773,10.850110054016113,0
2026-05-06 23:22:00+00:00,10.846790313720703,10.85200023651123,10.846179962158203,10.848119735717773,0
2026-05-06 23:23:00+00:00,10.847450256347656,10.85219955444336,10.846779823303223,10.846779823303223,0
2026-05-06 23:24:00+00:00,10.846739768981934,10.849699974060059,10.846220016479492,10.84727954864502,0
2026-05-06 23:25:00+00:00,10.846799850463867,10.850000381469727,10.845890045166016,10.846929550170898,0
2026-05-06 23:26:00+00:00,10.847620010375977,10.851799964904785,10.846540451049805,10.846960067749023,0
2026-05-06 23:27:00+00:00,10.847220420837402,10.851699829101562,10.84613037109375,10.848979949951172,0
2026-05-06 23:28:00+00:00,10.847920417785645,10.85099983215332,10.846190452575684,10.848250389099121,0
2026-05-06 23:29:00+00:00,10.848939895629883,10.85219955444336,10.847419738769531,10.848939895629883,0
2026-05-06 23:30:00+00:00,10.846969604492188,10.85099983215332,10.846429824829102,10.848859786987305,0
2026-05-06 23:31:00+00:00,10.84801959991455,10.852499961853027,10.84689998626709,10.846929550170898,0
2026-05-06 23:32:00+00:00,10.848620414733887,10.852399826049805,10.847330093383789,10.84805965423584,0
2026-05-06 23:33:00+00:00,10.84706974029541,10.851699829101562,10.846559524536133,10.847990036010742,0
2026-05-06 23:34:00+00:00,10.847149848937988,10.851200103759766,10.846630096435547,10.847610473632812,0
2026-05-06 23:35:00+00:00,10.84745979309082,10.85159969329834,10.846739768981934,10.847310066223145,0
2026-05-06 23:36:00+00:00,10.84749984741211,10.851499557495117,10.846759796142578,10.847160339355469,0
2026-05-06 23:37:00+00:00,10.847490310668945,10.851799964904785,10.847020149230957,10.847640037536621,0
2026-05-06 23:38:00+00:00,10.848090171813965,10.851499557495117,10.847189903259277,10.847869873046875,0
2026-05-06 23:39:00+00:00,10.848620414733887,10.851400375366211,10.846309661865234,10.847570419311523,0
2026-05-06 23:40:00+00:00,10.84928035736084,10.851400375366211,10.846170425415039,10.846929550170898,0
2026-05-06 23:41:00+00:00,10.848999977111816,10.85319995880127,10.847880363464355,10.849459648132324,0
2026-05-06 23:42:00+00:00,10.847370147705078,10.851400375366211,10.845970153808594,10.848950386047363,0
2026-05-06 23:43:00+00:00,10.847789764404297,10.850899696350098,10.845919609069824,10.847559928894043,0
2026-05-06 23:44:00+00:00,10.846819877624512,10.851200103759766,10.846349716186523,10.846819877624512,0
2026-05-06 23:45:00+00:00,10.847419738769531,10.85159969329834,10.846719741821289,10.846920013427734,0
2026-05-06 23:46:00+00:00,10.8477201461792,10.851900100708008,10.84706974029541,10.847519874572754,0
2026-05-06 23:47:00+00:00,10.8477201461792,10.85200023651123,10.84611988067627,10.847519874572754,0
2026-05-06 23:48:00+00:00,10.848950386047363,10.85200023651123,10.846220016479492,10.846619606018066,0
2026-05-06 23:49:00+00:00,10.846759796142578,10.851099967956543,10.846619606018066,10.848369598388672,0
2026-05-06 23:50:00+00:00,10.848119735717773,10.851099967956543,10.846269607543945,10.84827995300293,0
2026-05-06 23:51:00+00:00,10.84926986694336,10.85200023651123,10.847009658813477,10.848190307617188,0
2026-05-06 23:52:00+00:00,10.848950386047363,10.852899551391602,10.847709655761719,10.848219871520996,0
2026-05-06 23:53:00+00:00,10.847820281982422,10.852299690246582,10.8471097946167,10.849129676818848,0
2026-05-06 23:54:00+00:00,10.848030090332031,10.85200023651123,10.847820281982422,10.849100112915039,0
2026-05-06 23:55:00+00:00,10.848919868469238,10.852100372314453,10.847700119018555,10.84801959991455,0
2026-05-06 23:56:00+00:00,10.85396957397461,10.85789966583252,10.848090171813965,10.849940299987793,0
2026-05-06 23:57:00+00:00,10.85634994506836,10.85770034790039,10.852510452270508,10.85342025756836,0
2026-05-06 23:58:00+00:00,10.858489990234375,10.86139965057373,10.856109619140625,10.856109619140625,0
2026-05-06 23:59:00+00:00,10.85692024230957,10.860799789428711,10.856329917907715,10.858550071716309,0
2026-05-07 00:00:00+00:00,10.8548002243042,10.859999656677246,10.8545503616333,10.858349800109863,0
2026-05-07 00:01:00+00:00,10.85315990447998,10.857799530029297,10.851030349731445,10.8548002243042,0
2026-05-07 00:02:00+00:00,10.853039741516113,10.855500221252441,10.852540016174316,10.853349685668945,0
2026-05-07 00:03:00+00:00,10.853170394897461,10.855799674987793,10.852399826049805,10.853039741516113,0
2026-05-07 00:04:00+00:00,10.854900360107422,10.855799674987793,10.852959632873535,10.853839874267578,0
2026-05-07 00:05:00+00:00,10.855649948120117,10.856900215148926,10.853899955749512,10.854900360107422,0
2026-05-07 00:06:00+00:00,10.854900360107422,10.857099533081055,10.854900360107422,10.855649948120117,0
2026-05-07 00:07:00+00:00,10.856900215148926,10.858169555664062,10.854900360107422,10.854900360107422,0
2026-05-07 00:08:00+00:00,10.858650207519531,10.85990047454834,10.856650352478027,10.856900215148926,0
2026-05-07 00:09:00+00:00,10.856559753417969,10.859100341796875,10.855999946594238,10.858650207519531,0
2026-05-07 00:10:00+00:00,10.856180191040039,10.85789966583252,10.85515022277832,10.85634994506836,0
2026-05-07 00:11:00+00:00,10.85457992553711,10.857199668884277,10.853150367736816,10.855400085449219,0
2026-05-07 00:12:00+00:00,10.853389739990234,10.855500221252441,10.853280067443848,10.85457992553711,0
2026-05-07 00:13:00+00:00,10.851900100708008,10.855299949645996,10.851149559020996,10.853440284729004,0
2026-05-07 00:14:00+00:00,10.852899551391602,10.85569953918457,10.851900100708008,10.851900100708008,0
2026-05-07 00:15:00+00:00,10.857649803161621,10.859749794006348,10.852149963378906,10.855299949645996,0
2026-05-07 00:16:00+00:00,10.860899925231934,10.861700057983398,10.856900215148926,10.858790397644043,0
2026-05-07 00:17:00+00:00,10.863980293273926,10.86460018157959,10.860150337219238,10.860899925231934,0
2026-05-07 00:18:00+00:00,10.862899780273438,10.865400314331055,10.860750198364258,10.862899780273438,0
2026-05-07 00:19:00+00:00,10.862259864807129,10.865400314331055,10.862059593200684,10.862899780273438,0
2026-05-07 00:20:00+00:00,10.862250328063965,10.863300323486328,10.861650466918945,10.862259864807129,0
2026-05-07 00:21:00+00:00,10.861650466918945,10.863300323486328,10.861570358276367,10.862250328063965,0
2026-05-07 00:22:00+00:00,10.861650466918945,10.8641996383667,10.861579895019531,10.862299919128418,0
2026-05-07 00:23:00+00:00,10.862750053405762,10.863300323486328,10.86143970489502,10.861650466918945,0
2026-05-07 00:24:00+00:00,10.862119674682617,10.863100051879883,10.861419677734375,10.862750053405762,0
2026-05-07 00:25:00+00:00,10.862649917602539,10.863710403442383,10.8616304397583,10.862150192260742,0
2026-05-07 00:26:00+00:00,10.862899780273438,10.864299774169922,10.86205005645752,10.862649917602539,0
2026-05-07 00:27:00+00:00,10.862170219421387,10.863699913024902,10.861709594726562,10.862279891967773,0
2026-05-07 00:28:00+00:00,10.862520217895508,10.862700462341309,10.861169815063477,10.861949920654297,0
2026-05-07 00:29:00+00:00,10.862649917602539,10.86340045928955,10.861700057983398,10.862350463867188,0
2026-05-07 00:30:00+00:00,10.862839698791504,10.863699913024902,10.861430168151855,10.862279891967773,0
2026-05-07 00:31:00+00:00,10.861960411071777,10.863800048828125,10.861669540405273,10.862839698791504,0
2026-05-07 00:32:00+00:00,10.862099647521973,10.863200187683105,10.861390113830566,10.86205005645752,0
2026-05-07 00:33:00+00:00,10.861530303955078,10.862700462341309,10.86106014251709,10.862059593200684,0
2026-05-07 00:34:00+00:00,10.86217975616455,10.862799644470215,10.861359596252441,10.861530303955078,0
2026-05-07 00:35:00+00:00,10.861720085144043,10.862500190734863,10.860580444335938,10.86184024810791,0
2026-05-07 00:36:00+00:00,10.860899925231934,10.862799644470215,10.860030174255371,10.861650466918945,0
2026-05-07 00:37:00+00:00,10.86281967163086,10.863269805908203,10.860650062561035,10.860899925231934,0
2026-05-07 00:38:00+00:00,10.863880157470703,10.864800453186035,10.86139965057373,10.86139965057373,0
2026-05-07 00:39:00+00:00,10.863419532775879,10.864100456237793,10.862130165100098,10.863590240478516,0
2026-05-07 00:40:00+00:00,10.863550186157227,10.864999771118164,10.862259864807129,10.863419532775879,0
2026-05-07 00:41:00+00:00,10.863679885864258,10.86460018157959,10.862850189208984,10.863550186157227,0
2026-05-07 00:42:00+00:00,10.865150451660156,10.866399765014648,10.863360404968262,10.863450050354004,0
2026-05-07 00:43:00+00:00,10.865110397338867,10.866100311279297,10.864500045776367,10.865150451660156,0
2026-05-07 00:44:00+00:00,10.864660263061523,10.866000175476074,10.864100456237793,10.865050315856934,0
2026-05-07 00:45:00+00:00,10.863149642944336,10.865240097045898,10.861960411071777,10.864839553833008,0
2026-05-07 00:46:00+00:00,10.863750457763672,10.864700317382812,10.862700462341309,10.862700462341309,0
2026-05-07 00:47:00+00:00,10.863900184631348,10.864700317382812,10.863349914550781,10.863750457763672,0
2026-05-07 00:48:00+00:00,10.863240242004395,10.864700317382812,10.862950325012207,10.863900184631348,0
2026-05-07 00:49:00+00:00,10.86365032196045,10.864800453186035,10.862899780273438,10.862950325012207,0
2026-05-07 00:50:00+00:00,10.86340045928955,10.864700317382812,10.86262035369873,10.86365032196045,0
2026-05-07 00:51:00+00:00,10.865889549255371,10.865920066833496,10.862649917602539,10.863450050354004,0
2026-05-07 00:52:00+00:00,10.86614990234375,10.866800308227539,10.864959716796875,10.865859985351562,0
2026-05-07 00:53:00+00:00,10.864629745483398,10.866999626159668,10.86365032196045,10.865670204162598,0
2026-05-07 00:54:00+00:00,10.864950180053711,10.866100311279297,10.86340045928955,10.8645601272583,0
2026-05-07 00:55:00+00:00,10.862259864807129,10.865799903869629,10.861470222473145,10.864859580993652,0
2026-05-07 00:56:00+00:00,10.861969947814941,10.863499641418457,10.861940383911133,10.86227035522461,0
2026-05-07 00:57:00+00:00,10.861949920654297,10.863100051879883,10.859919548034668,10.86240005493164,0
2026-05-07 00:58:00+00:00,10.862250328063965,10.862899780273438,10.861339569091797,10.861949920654297,0
2026-05-07 00:59:00+00:00,10.862110137939453,10.862899780273438,10.861339569091797,10.862250328063965,0
2026-05-07 01:00:00+00:00,10.862850189208984,10.863360404968262,10.861339569091797,10.862110137939453,0
2026-05-07 01:01:00+00:00,10.862850189208984,10.864100456237793,10.86238956451416,10.862850189208984,0
2026-05-07 01:02:00+00:00,10.862870216369629,10.863699913024902,10.862030029296875,10.86238956451416,0
2026-05-07 01:03:00+00:00,10.861760139465332,10.863630294799805,10.859600067138672,10.863149642944336,0
2026-05-07 01:04:00+00:00,10.861149787902832,10.86240005493164,10.860639572143555,10.861760139465332,0
2026-05-07 01:05:00+00:00,10.861149787902832,10.862700462341309,10.861149787902832,10.861149787902832,0
2026-05-07 01:06:00+00:00,10.861149787902832,10.862799644470215,10.86089038848877,10.861149787902832,0
2026-05-07 01:07:00+00:00,10.861749649047852,10.862299919128418,10.859999656677246,10.861149787902832,0
2026-05-07 01:08:00+00:00,10.861149787902832,10.862199783325195,10.860569953918457,10.861149787902832,0
2026-05-07 01:09:00+00:00,10.861149787902832,10.862669944763184,10.8610200881958,10.86104965209961,0
2026-05-07 01:10:00+00:00,10.86104965209961,10.86240005493164,10.860170364379883,10.861149787902832,0
2026-05-07 01:11:00+00:00,10.861330032348633,10.861729621887207,10.860360145568848,10.86104965209961,0
2026-05-07 01:12:00+00:00,10.857720375061035,10.8614501953125,10.856340408325195,10.860509872436523,0
2026-05-07 01:13:00+00:00,10.855939865112305,10.858599662780762,10.855790138244629,10.857150077819824,0
2026-05-07 01:14:00+00:00,10.85571002960205,10.858400344848633,10.855290412902832,10.857099533081055,0
2026-05-07 01:15:00+00:00,10.855759620666504,10.858480453491211,10.854909896850586,10.855649948120117,0
2026-05-07 01:16:00+00:00,10.857970237731934,10.858699798583984,10.854840278625488,10.855549812316895,0
2026-05-07 01:17:00+00:00,10.857150077819824,10.858559608459473,10.854040145874023,10.857199668884277,0
2026-05-07 01:18:00+00:00,10.856149673461914,10.858400344848633,10.855629920959473,10.857150077819824,0
2026-05-07 01:19:00+00:00,10.856900215148926,10.858599662780762,10.854260444641113,10.856149673461914,0
2026-05-07 01:20:00+00:00,10.857150077819824,10.858530044555664,10.855899810791016,10.856900215148926,0
2026-05-07 01:21:00+00:00,10.857150077819824,10.859399795532227,10.857150077819824,10.857150077819824,0
2026-05-07 01:22:00+00:00,10.857150077819824,10.859189987182617,10.857150077819824,10.857150077819824,0
2026-05-07 01:23:00+00:00,10.85789966583252,10.859620094299316,10.857150077819824,10.857150077819824,0
2026-05-07 01:24:00+00:00,10.859930038452148,10.860469818115234,10.857150077819824,10.85789966583252,0
2026-05-07 01:25:00+00:00,10.861370086669922,10.861419677734375,10.85789966583252,10.85789966583252,0
2026-05-07 01:26:00+00:00,10.859880447387695,10.861920356750488,10.859649658203125,10.859649658203125,0
2026-05-07 01:27:00+00:00,10.859649658203125,10.862299919128418,10.859310150146484,10.859939575195312,0
2026-05-07 01:28:00+00:00,10.859339714050293,10.860600471496582,10.85824966430664,10.859649658203125,0
2026-05-07 01:29:00+00:00,10.859640121459961,10.859959602355957,10.858650207519531,10.859350204467773,0
2026-05-07 01:30:00+00:00,10.859649658203125,10.860429763793945,10.858449935913086,10.859600067138672,0
2026-05-07 01:31:00+00:00,10.859649658203125,10.860799789428711,10.859089851379395,10.859649658203125,0
2026-05-07 01:32:00+00:00,10.859649658203125,10.860549926757812,10.85912036895752,10.859649658203125,0
2026-05-07 01:33:00+00:00,10.86028003692627,10.86063003540039,10.859109878540039,10.859649658203125,0
2026-05-07 01:34:00+00:00,10.859999656677246,10.86050033569336,10.859020233154297,10.860039710998535,0
2026-05-07 01:35:00+00:00,10.860150337219238,10.86028003692627,10.85912036895752,10.859999656677246,0
2026-05-07 01:36:00+00:00,10.858539581298828,10.860150337219238,10.857489585876465,10.860150337219238,0
2026-05-07 01:37:00+00:00,10.85657024383545,10.859580039978027,10.856329917907715,10.858539581298828,0
2026-05-07 01:38:00+00:00,10.854900360107422,10.85770034790039,10.854610443115234,10.857620239257812,0
2026-05-07 01:39:00+00:00,10.855489730834961,10.856249809265137,10.854619979858398,10.854900360107422,0
2026-05-07 01:40:00+00:00,10.85414981842041,10.85531997680664,10.853150367736816,10.854649543762207,0
2026-05-07 01:41:00+00:00,10.853899955749512,10.856289863586426,10.853899955749512,10.85414981842041,0
2026-05-07 01:42:00+00:00,10.85414981842041,10.85634994506836,10.853460311889648,10.853899955749512,0
2026-05-07 01:43:00+00:00,10.856889724731445,10.857339859008789,10.85414981842041,10.856100082397461,0
2026-05-07 01:44:00+00:00,10.853899955749512,10.856860160827637,10.85354995727539,10.856860160827637,0
2026-05-07 01:45:00+00:00,10.853899955749512,10.85597038269043,10.853899955749512,10.853899955749512,0
2026-05-07 01:46:00+00:00,10.856650352478027,10.857580184936523,10.853899955749512,10.853899955749512,0
2026-05-07 01:47:00+00:00,10.855649948120117,10.85746955871582,10.854640007019043,10.856650352478027,0
2026-05-07 01:48:00+00:00,10.853699684143066,10.856849670410156,10.853150367736816,10.855649948120117,0
2026-05-07 01:49:00+00:00,10.854700088500977,10.855199813842773,10.853690147399902,10.853899955749512,0
2026-05-07 01:50:00+00:00,10.852899551391602,10.854990005493164,10.851539611816406,10.854700088500977,0
2026-05-07 01:51:00+00:00,10.852899551391602,10.854499816894531,10.852499961853027,10.852899551391602,0
2026-05-07 01:52:00+00:00,10.852899551391602,10.85431957244873,10.852890014648438,10.853870391845703,0
2026-05-07 01:53:00+00:00,10.854880332946777,10.854880332946777,10.852899551391602,10.854080200195312,0
2026-05-07 01:54:00+00:00,10.853650093078613,10.855299949645996,10.852899551391602,10.852899551391602,0
2026-05-07 01:55:00+00:00,10.853650093078613,10.855380058288574,10.853650093078613,10.853650093078613,0
2026-05-07 01:56:00+00:00,10.853650093078613,10.855600357055664,10.853650093078613,10.853650093078613,0
2026-05-07 01:57:00+00:00,10.8545503616333,10.855250358581543,10.853650093078613,10.853650093078613,0
2026-05-07 01:58:00+00:00,10.854299545288086,10.85630989074707,10.853650093078613,10.853650093078613,0
2026-05-07 01:59:00+00:00,10.856610298156738,10.856829643249512,10.854249954223633,10.855279922485352,0
2026-05-07 02:00:00+00:00,10.854789733886719,10.857000350952148,10.854680061340332,10.855400085449219,0
2026-05-07 02:01:00+00:00,10.855400085449219,10.85573959350586,10.854789733886719,10.855170249938965,0
2026-05-07 02:02:00+00:00,10.855400085449219,10.855779647827148,10.854450225830078,10.855400085449219,0
2026-05-07 02:03:00+00:00,10.855400085449219,10.856169700622559,10.854740142822266,10.855400085449219,0
2026-05-07 02:04:00+00:00,10.857439994812012,10.857870101928711,10.85536003112793,10.855400085449219,0
2026-05-07 02:05:00+00:00,10.856149673461914,10.857819557189941,10.856149673461914,10.85669994354248,0
2026-05-07 02:06:00+00:00,10.857950210571289,10.85830020904541,10.856149673461914,10.857799530029297,0
2026-05-07 02:07:00+00:00,10.858320236206055,10.858349800109863,10.857020378112793,10.857950210571289,0
2026-05-07 02:08:00+00:00,10.858149528503418,10.858320236206055,10.857589721679688,10.858099937438965,0
2026-05-07 02:09:00+00:00,10.858149528503418,10.858400344848633,10.857379913330078,10.858149528503418,0
2026-05-07 02:10:00+00:00,10.858200073242188,10.858940124511719,10.857500076293945,10.85828971862793,0
2026-05-07 02:11:00+00:00,10.857399940490723,10.858149528503418,10.855790138244629,10.857439994812012,0
2026-05-07 02:12:00+00:00,10.858019828796387,10.858309745788574,10.856940269470215,10.857399940490723,0
2026-05-07 02:13:00+00:00,10.857399940490723,10.858329772949219,10.857259750366211,10.857399940490723,0
2026-05-07 02:14:00+00:00,10.857399940490723,10.85830020904541,10.857359886169434,10.857399940490723,0
2026-05-07 02:15:00+00:00,10.857399940490723,10.858499526977539,10.857000350952148,10.857399940490723,0
2026-05-07 02:16:00+00:00,10.856949806213379,10.858599662780762,10.856880187988281,10.857339859008789,0
2026-05-07 02:17:00+00:00,10.857399940490723,10.858200073242188,10.856900215148926,10.857799530029297,0
2026-05-07 02:18:00+00:00,10.858630180358887,10.858759880065918,10.857399940490723,10.857399940490723,0
2026-05-07 02:19:00+00:00,10.857399940490723,10.859600067138672,10.857399940490723,10.857399940490723,0
2026-05-07 02:20:00+00:00,10.858260154724121,10.859199523925781,10.857399940490723,10.857399940490723,0
2026-05-07 02:21:00+00:00,10.857399940490723,10.85890007019043,10.85690975189209,10.858220100402832,0
2026-05-07 02:22:00+00:00,10.858149528503418,10.860050201416016,10.857399940490723,10.857399940490723,0
2026-05-07 02:23:00+00:00,10.858149528503418,10.86050033569336,10.858149528503418,10.858149528503418,0
2026-05-07 02:24:00+00:00,10.857810020446777,10.85990047454834,10.857649803161621,10.858149528503418,0
2026-05-07 02:25:00+00:00,10.857399940490723,10.858719825744629,10.856650352478027,10.858149528503418,0
2026-05-07 02:26:00+00:00,10.85789966583252,10.858579635620117,10.856719970703125,10.856719970703125,0
2026-05-07 02:27:00+00:00,10.857399940490723,10.859040260314941,10.857399940490723,10.85752010345459,0
2026-05-07 02:28:00+00:00,10.857399940490723,10.858670234680176,10.857319831848145,10.857399940490723,0
2026-05-07 02:29:00+00:00,10.857399940490723,10.858599662780762,10.857219696044922,10.858200073242188,0
2026-05-07 02:30:00+00:00,10.857399940490723,10.858229637145996,10.855899810791016,10.857649803161621,0
2026-05-07 02:31:00+00:00,10.857399940490723,10.858099937438965,10.856650352478027,10.857399940490723,0
2026-05-07 02:32:00+00:00,10.857399940490723,10.858699798583984,10.857020378112793,10.857399940490723,0
2026-05-07 02:33:00+00:00,10.857399940490723,10.859000205993652,10.857399940490723,10.857609748840332,0
2026-05-07 02:34:00+00:00,10.857399940490723,10.858599662780762,10.857110023498535,10.858360290527344,0
2026-05-07 02:35:00+00:00,10.857789993286133,10.858110427856445,10.85713005065918,10.858110427856445,0
2026-05-07 02:36:00+00:00,10.857399940490723,10.85912036895752,10.85731029510498,10.857399940490723,0
2026-05-07 02:37:00+00:00,10.857399940490723,10.858799934387207,10.857009887695312,10.857399940490723,0
2026-05-07 02:38:00+00:00,10.858050346374512,10.858240127563477,10.857099533081055,10.857399940490723,0
2026-05-07 02:39:00+00:00,10.856499671936035,10.858460426330566,10.856100082397461,10.857399940490723,0
2026-05-07 02:40:00+00:00,10.857199668884277,10.857640266418457,10.856490135192871,10.857000350952148,0
2026-05-07 02:41:00+00:00,10.857399940490723,10.858099937438965,10.856579780578613,10.856630325317383,0
2026-05-07 02:42:00+00:00,10.85789966583252,10.858099937438965,10.856940269470215,10.85791015625,0
2026-05-07 02:43:00+00:00,10.857219696044922,10.858099937438965,10.856369972229004,10.857399940490723,0
2026-05-07 02:44:00+00:00,10.857330322265625,10.857330322265625,10.855649948120117,10.857150077819824,0
2026-05-07 02:45:00+00:00,10.856049537658691,10.857370376586914,10.855270385742188,10.856399536132812,0
2026-05-07 02:46:00+00:00,10.85634994506836,10.856690406799316,10.855290412902832,10.855290412902832,0
2026-05-07 02:47:00+00:00,10.856550216674805,10.85708999633789,10.85591983795166,10.85634994506836,0
2026-05-07 02:48:00+00:00,10.856399536132812,10.8571195602417,10.855990409851074,10.856550216674805,0
2026-05-07 02:49:00+00:00,10.856100082397461,10.85696029663086,10.85552978515625,10.856399536132812,0
2026-05-07 02:50:00+00:00,10.857210159301758,10.857370376586914,10.85554027557373,10.856100082397461,0
2026-05-07 02:51:00+00:00,10.856399536132812,10.857370376586914,10.856169700622559,10.856769561767578,0
2026-05-07 02:52:00+00:00,10.856399536132812,10.857399940490723,10.856249809265137,10.856399536132812,0
2026-05-07 02:53:00+00:00,10.856650352478027,10.85708999633789,10.855810165405273,10.856399536132812,0
2026-05-07 02:54:00+00:00,10.856849670410156,10.857379913330078,10.856220245361328,10.856650352478027,0
2026-05-07 02:55:00+00:00,10.857359886169434,10.857839584350586,10.856209754943848,10.85634994506836,0
2026-05-07 02:56:00+00:00,10.856849670410156,10.857769966125488,10.856389999389648,10.857359886169434,0
2026-05-07 02:57:00+00:00,10.856510162353516,10.857629776000977,10.85573959350586,10.85634994506836,0
2026-05-07 02:58:00+00:00,10.857199668884277,10.857879638671875,10.856499671936035,10.857000350952148,0
2026-05-07 02:59:00+00:00,10.857150077819824,10.85789966583252,10.85657024383545,10.857199668884277,0
2026-05-07 03:00:00+00:00,10.858429908752441,10.859000205993652,10.856789588928223,10.857250213623047,0
2026-05-07 03:01:00+00:00,10.857810020446777,10.858559608459473,10.857399940490723,10.857399940490723,0
2026-05-07 03:02:00+00:00,10.858480453491211,10.858839988708496,10.856940269470215,10.858610153198242,0
2026-05-07 03:03:00+00:00,10.856760025024414,10.858480453491211,10.856760025024414,10.857399940490723,0
2026-05-07 03:04:00+00:00,10.857629776000977,10.857999801635742,10.856800079345703,10.857399940490723,0
2026-05-07 03:05:00+00:00,10.857399940490723,10.858400344848633,10.856949806213379,10.857190132141113,0
2026-05-07 03:06:00+00:00,10.857399940490723,10.85830020904541,10.856809616088867,10.857210159301758,0
2026-05-07 03:07:00+00:00,10.857629776000977,10.85890007019043,10.856769561767578,10.857419967651367,0
2026-05-07 03:08:00+00:00,10.858189582824707,10.858579635620117,10.857290267944336,10.858269691467285,0
2026-05-07 03:09:00+00:00,10.858539581298828,10.858539581298828,10.857399940490723,10.857399940490723,0
2026-05-07 03:10:00+00:00,10.857399940490723,10.858619689941406,10.85735034942627,10.857999801635742,0
2026-05-07 03:11:00+00:00,10.85752010345459,10.858619689941406,10.857399940490723,10.857399940490723,0
2026-05-07 03:12:00+00:00,10.86011028289795,10.860440254211426,10.857399940490723,10.857709884643555,0
2026-05-07 03:13:00+00:00,10.85869026184082,10.860300064086914,10.858650207519531,10.858650207519531,0
2026-05-07 03:14:00+00:00,10.858650207519531,10.8604097366333,10.858630180358887,10.85869026184082,0
2026-05-07 03:15:00+00:00,10.857930183410645,10.859720230102539,10.85789966583252,10.859299659729004,0
2026-05-07 03:16:00+00:00,10.85789966583252,10.859259605407715,10.85789966583252,10.85791015625,0
2026-05-07 03:17:00+00:00,10.857649803161621,10.859189987182617,10.857580184936523,10.85789966583252,0
2026-05-07 03:18:00+00:00,10.857649803161621,10.85890007019043,10.857649803161621,10.857649803161621,0
2026-05-07 03:19:00+00:00,10.857649803161621,10.858830451965332,10.857649803161621,10.858819961547852,0
2026-05-07 03:20:00+00:00,10.857399940490723,10.858980178833008,10.857399940490723,10.857649803161621,0
2026-05-07 03:21:00+00:00,10.857959747314453,10.85966968536377,10.857399940490723,10.857950210571289,0
2026-05-07 03:22:00+00:00,10.858229637145996,10.85968017578125,10.857540130615234,10.859219551086426,0
2026-05-07 03:23:00+00:00,10.858650207519531,10.860610008239746,10.85807991027832,10.858229637145996,0
2026-05-07 03:24:00+00:00,10.858650207519531,10.86050033569336,10.858309745788574,10.858650207519531,0
2026-05-07 03:25:00+00:00,10.85890007019043,10.860230445861816,10.858149528503418,10.858400344848633,0
2026-05-07 03:26:00+00:00,10.857649803161621,10.859390258789062,10.857399940490723,10.85890007019043,0
2026-05-07 03:27:00+00:00,10.857649803161621,10.858799934387207,10.856900215148926,10.857649803161621,0
2026-05-07 03:28:00+00:00,10.857399940490723,10.858420372009277,10.857270240783691,10.857649803161621,0
2026-05-07 03:29:00+00:00,10.857399940490723,10.85888957977295,10.856650352478027,10.857399940490723,0
2026-05-07 03:30:00+00:00,10.858220100402832,10.859399795532227,10.857399940490723,10.858699798583984,0
2026-05-07 03:31:00+00:00,10.858719825744629,10.859399795532227,10.85731029510498,10.858149528503418,0
2026-05-07 03:32:00+00:00,10.85789966583252,10.859310150146484,10.857399940490723,10.857609748840332,0
2026-05-07 03:33:00+00:00,10.857399940490723,10.859339714050293,10.857399940490723,10.85789966583252,0
2026-05-07 03:34:00+00:00,10.85789966583252,10.858739852905273,10.857399940490723,10.857399940490723,0
2026-05-07 03:35:00+00:00,10.85789966583252,10.859089851379395,10.857850074768066,10.857850074768066,0
2026-05-07 03:36:00+00:00,10.858630180358887,10.860010147094727,10.857649803161621,10.85789966583252,0
2026-05-07 03:37:00+00:00,10.858010292053223,10.860010147094727,10.857649803161621,10.857649803161621,0
2026-05-07 03:38:00+00:00,10.859399795532227,10.860199928283691,10.85791015625,10.858030319213867,0
2026-05-07 03:39:00+00:00,10.857649803161621,10.859519958496094,10.857649803161621,10.858579635620117,0
2026-05-07 03:40:00+00:00,10.858460426330566,10.859800338745117,10.857609748840332,10.857649803161621,0
2026-05-07 03:41:00+00:00,10.857399940490723,10.858599662780762,10.856969833374023,10.857649803161621,0
2026-05-07 03:42:00+00:00,10.857399940490723,10.858200073242188,10.856969833374023,10.857000350952148,0
2026-05-07 03:43:00+00:00,10.857399940490723,10.858489990234375,10.857170104980469,10.857399940490723,0
2026-05-07 03:44:00+00:00,10.857500076293945,10.858360290527344,10.8568696975708,10.857170104980469,0
2026-05-07 03:45:00+00:00,10.858630180358887,10.858630180358887,10.857219696044922,10.85811996459961,0
2026-05-07 03:46:00+00:00,10.858149528503418,10.859129905700684,10.857150077819824,10.85807991027832,0
2026-05-07 03:47:00+00:00,10.85785961151123,10.858599662780762,10.857060432434082,10.858420372009277,0
2026-05-07 03:48:00+00:00,10.859970092773438,10.859970092773438,10.857110023498535,10.859970092773438,0
2026-05-07 03:49:00+00:00,10.85884952545166,10.860159873962402,10.858309745788574,10.859149932861328,0
2026-05-07 03:50:00+00:00,10.857999801635742,10.859000205993652,10.857179641723633,10.85884952545166,0
2026-05-07 03:51:00+00:00,10.857139587402344,10.859270095825195,10.856459617614746,10.857999801635742,0
2026-05-07 03:52:00+00:00,10.856599807739258,10.85770034790039,10.856559753417969,10.857410430908203,0
2026-05-07 03:53:00+00:00,10.856249809265137,10.8571195602417,10.855239868164062,10.8571195602417,0
2026-05-07 03:54:00+00:00,10.856749534606934,10.857159614562988,10.855660438537598,10.856060028076172,0
2026-05-07 03:55:00+00:00,10.856049537658691,10.857799530029297,10.855690002441406,10.856749534606934,0
2026-05-07 03:56:00+00:00,10.855730056762695,10.857199668884277,10.854769706726074,10.855890274047852,0
2026-05-07 03:57:00+00:00,10.856030464172363,10.8572998046875,10.854789733886719,10.855199813842773,0
2026-05-07 03:58:00+00:00,10.855770111083984,10.857999801635742,10.855770111083984,10.856229782104492,0
2026-05-07 03:59:00+00:00,10.856929779052734,10.857999801635742,10.855600357055664,10.855899810791016,0
2026-05-07 04:00:00+00:00,10.857970237731934,10.859000205993652,10.855899810791016,10.855899810791016,0
2026-05-07 04:01:00+00:00,10.857839584350586,10.859600067138672,10.857029914855957,10.857999801635742,0
2026-05-07 04:02:00+00:00,10.858480453491211,10.858969688415527,10.857170104980469,10.857170104980469,0
2026-05-07 04:03:00+00:00,10.858240127563477,10.85990047454834,10.857500076293945,10.858480453491211,0
2026-05-07 04:04:00+00:00,10.858260154724121,10.859399795532227,10.857580184936523,10.858240127563477,0
2026-05-07 04:05:00+00:00,10.85830020904541,10.85886001586914,10.85785961151123,10.858269691467285,0
2026-05-07 04:06:00+00:00,10.85830020904541,10.859060287475586,10.857959747314453,10.85830020904541,0
2026-05-07 04:07:00+00:00,10.858969688415527,10.85947036743164,10.858059883117676,10.85830020904541,0
2026-05-07 04:08:00+00:00,10.859100341796875,10.860099792480469,10.858460426330566,10.859149932861328,0
2026-05-07 04:09:00+00:00,10.859049797058105,10.860400199890137,10.858550071716309,10.859100341796875,0
2026-05-07 04:10:00+00:00,10.859149932861328,10.860199928283691,10.858619689941406,10.859049797058105,0
2026-05-07 04:11:00+00:00,10.859149932861328,10.860699653625488,10.858400344848633,10.859259605407715,0
2026-05-07 04:12:00+00:00,10.859660148620605,10.860699653625488,10.859149932861328,10.859660148620605,0
2026-05-07 04:13:00+00:00,10.859399795532227,10.861000061035156,10.858819961547852,10.859149932861328,0
2026-05-07 04:14:00+00:00,10.85923957824707,10.860699653625488,10.85908031463623,10.85986042022705,0
2026-05-07 04:15:00+00:00,10.859370231628418,10.860600471496582,10.859160423278809,10.85923957824707,0
2026-05-07 04:16:00+00:00,10.859149932861328,10.860400199890137,10.85886001586914,10.85968017578125,0
2026-05-07 04:17:00+00:00,10.858559608459473,10.860300064086914,10.858400344848633,10.859149932861328,0
2026-05-07 04:18:00+00:00,10.859160423278809,10.860799789428711,10.85830020904541,10.85906982421875,0
2026-05-07 04:19:00+00:00,10.859479904174805,10.861000061035156,10.858460426330566,10.859199523925781,0
2026-05-07 04:20:00+00:00,10.859399795532227,10.860899925231934,10.859060287475586,10.859660148620605,0
2026-05-07 04:21:00+00:00,10.859399795532227,10.860899925231934,10.859060287475586,10.859399795532227,0
2026-05-07 04:22:00+00:00,10.859399795532227,10.860699653625488,10.85923957824707,10.859399795532227,0
2026-05-07 04:23:00+00:00,10.85925006866455,10.860699653625488,10.858759880065918,10.859199523925781,0
2026-05-07 04:24:00+00:00,10.859049797058105,10.86050033569336,10.85886001586914,10.859419822692871,0
2026-05-07 04:25:00+00:00,10.859569549560547,10.860400199890137,10.858650207519531,10.859259605407715,0
2026-05-07 04:26:00+00:00,10.858969688415527,10.860899925231934,10.85867977142334,10.85949993133545,0
2026-05-07 04:27:00+00:00,10.85947036743164,10.860099792480469,10.858759880065918,10.858799934387207,0
2026-05-07 04:28:00+00:00,10.859359741210938,10.860799789428711,10.858940124511719,10.859149932861328,0
2026-05-07 04:29:00+00:00,10.859450340270996,10.860600471496582,10.85867977142334,10.859359741210938,0
2026-05-07 04:30:00+00:00,10.858799934387207,10.860699653625488,10.858799934387207,10.85947036743164,0
2026-05-07 04:31:00+00:00,10.858059883117676,10.860099792480469,10.857150077819824,10.85906982421875,0
2026-05-07 04:32:00+00:00,10.857819557189941,10.858699798583984,10.857390403747559,10.857850074768066,0
2026-05-07 04:33:00+00:00,10.857850074768066,10.859299659729004,10.857110023498535,10.857850074768066,0
2026-05-07 04:34:00+00:00,10.857649803161621,10.860400199890137,10.856800079345703,10.85789966583252,0
2026-05-07 04:35:00+00:00,10.85789966583252,10.859199523925781,10.857649803161621,10.857649803161621,0
2026-05-07 04:36:00+00:00,10.85789966583252,10.859999656677246,10.85789966583252,10.85789966583252,0
2026-05-07 04:37:00+00:00,10.85789966583252,10.859000205993652,10.857819557189941,10.85789966583252,0
2026-05-07 04:38:00+00:00,10.857870101928711,10.859000205993652,10.857870101928711,10.85789966583252,0
2026-05-07 04:39:00+00:00,10.857460021972656,10.859000205993652,10.857419967651367,10.85789966583252,0
2026-05-07 04:40:00+00:00,10.85789966583252,10.859009742736816,10.857179641723633,10.857799530029297,0
2026-05-07 04:41:00+00:00,10.85789966583252,10.859100341796875,10.857669830322266,10.85789966583252,0
2026-05-07 04:42:00+00:00,10.858710289001465,10.858929634094238,10.857870101928711,10.85789966583252,0
2026-05-07 04:43:00+00:00,10.857959747314453,10.859000205993652,10.85789966583252,10.857959747314453,0
2026-05-07 04:44:00+00:00,10.857870101928711,10.859100341796875,10.857810020446777,10.858659744262695,0
2026-05-07 04:45:00+00:00,10.858599662780762,10.860819816589355,10.857789993286133,10.85789966583252,0
2026-05-07 04:46:00+00:00,10.85886001586914,10.860300064086914,10.858400344848633,10.858599662780762,0
2026-05-07 04:47:00+00:00,10.85886001586914,10.860199928283691,10.857359886169434,10.85888957977295,0
2026-05-07 04:48:00+00:00,10.858570098876953,10.860199928283691,10.858059883117676,10.858739852905273,0
2026-05-07 04:49:00+00:00,10.85890007019043,10.860400199890137,10.858099937438965,10.858099937438965,0
2026-05-07 04:50:00+00:00,10.859959602355957,10.861100196838379,10.858650207519531,10.859100341796875,0
2026-05-07 04:51:00+00:00,10.85951042175293,10.860899925231934,10.85884952545166,10.85923957824707,0
2026-05-07 04:52:00+00:00,10.85966968536377,10.861000061035156,10.859049797058105,10.85966968536377,0
2026-05-07 04:53:00+00:00,10.859399795532227,10.860899925231934,10.859199523925781,10.859399795532227,0
2026-05-07 04:54:00+00:00,10.859399795532227,10.861100196838379,10.859189987182617,10.859399795532227,0
2026-05-07 04:55:00+00:00,10.858949661254883,10.861100196838379,10.858650207519531,10.859399795532227,0
2026-05-07 04:56:00+00:00,10.858530044555664,10.85990047454834,10.858420372009277,10.858630180358887,0
2026-05-07 04:57:00+00:00,10.858650207519531,10.860099792480469,10.858590126037598,10.858590126037598,0
2026-05-07 04:58:00+00:00,10.858650207519531,10.860199928283691,10.858650207519531,10.858650207519531,0
2026-05-07 04:59:00+00:00,10.858650207519531,10.860199928283691,10.858570098876953,10.859760284423828,0
2026-05-07 05:00:00+00:00,10.857150077819824,10.860400199890137,10.856840133666992,10.85906982421875,0
2026-05-07 05:01:00+00:00,10.85789966583252,10.85949993133545,10.856789588928223,10.857259750366211,0
2026-05-07 05:02:00+00:00,10.85770034790039,10.859700202941895,10.857190132141113,10.858429908752441,0
2026-05-07 05:03:00+00:00,10.856780052185059,10.858659744262695,10.856659889221191,10.8572998046875,0
2026-05-07 05:04:00+00:00,10.856630325317383,10.858590126037598,10.855400085449219,10.857339859008789,0
2026-05-07 05:05:00+00:00,10.857390403747559,10.858699798583984,10.855899810791016,10.856160163879395,0
2026-05-07 05:06:00+00:00,10.858209609985352,10.859299659729004,10.856650352478027,10.857999801635742,0
2026-05-07 05:07:00+00:00,10.85830020904541,10.85990047454834,10.857399940490723,10.857649803161621,0
2026-05-07 05:08:00+00:00,10.858570098876953,10.859600067138672,10.857500076293945,10.858349800109863,0
2026-05-07 05:09:00+00:00,10.858960151672363,10.859600067138672,10.857250213623047,10.857749938964844,0
2026-05-07 05:10:00+00:00,10.856149673461914,10.859299659729004,10.855250358581543,10.858449935913086,0
2026-05-07 05:11:00+00:00,10.856149673461914,10.857600212097168,10.855509757995605,10.856149673461914,0
2026-05-07 05:12:00+00:00,10.856149673461914,10.85770034790039,10.856149673461914,10.857580184936523,0
2026-05-07 05:13:00+00:00,10.856049537658691,10.857930183410645,10.855839729309082,10.856149673461914,0
2026-05-07 05:14:00+00:00,10.856389999389648,10.857399940490723,10.855950355529785,10.856049537658691,0
2026-05-07 05:15:00+00:00,10.856969833374023,10.857339859008789,10.856149673461914,10.856149673461914,0
2026-05-07 05:16:00+00:00,10.856149673461914,10.8572998046875,10.856100082397461,10.856149673461914,0
2026-05-07 05:17:00+00:00,10.856149673461914,10.857210159301758,10.85595989227295,10.856149673461914,0
2026-05-07 05:18:00+00:00,10.856149673461914,10.857399940490723,10.856149673461914,10.856149673461914,0
2026-05-07 05:19:00+00:00,10.856459617614746,10.857399940490723,10.85614013671875,10.856149673461914,0
2026-05-07 05:20:00+00:00,10.857649803161621,10.858699798583984,10.856149673461914,10.856149673461914,0
2026-05-07 05:21:00+00:00,10.857259750366211,10.858699798583984,10.856389999389648,10.858349800109863,0
2026-05-07 05:22:00+00:00,10.857500076293945,10.858799934387207,10.85696029663086,10.857259750366211,0
2026-05-07 05:23:00+00:00,10.857680320739746,10.859000205993652,10.857199668884277,10.857500076293945,0
2026-05-07 05:24:00+00:00,10.857190132141113,10.858499526977539,10.856260299682617,10.857290267944336,0
2026-05-07 05:25:00+00:00,10.857870101928711,10.859100341796875,10.856189727783203,10.857049942016602,0
2026-05-07 05:26:00+00:00,10.857999801635742,10.859000205993652,10.857649803161621,10.857870101928711,0
2026-05-07 05:27:00+00:00,10.85789966583252,10.859259605407715,10.857549667358398,10.858070373535156,0
2026-05-07 05:28:00+00:00,10.85789966583252,10.858969688415527,10.857150077819824,10.85789966583252,0
2026-05-07 05:29:00+00:00,10.857749938964844,10.859000205993652,10.857390403747559,10.858460426330566,0
2026-05-07 05:30:00+00:00,10.857199668884277,10.858400344848633,10.856599807739258,10.857749938964844,0
2026-05-07 05:31:00+00:00,10.857379913330078,10.858599662780762,10.856789588928223,10.857199668884277,0
2026-05-07 05:32:00+00:00,10.857410430908203,10.858599662780762,10.856820106506348,10.857460021972656,0
2026-05-07 05:33:00+00:00,10.85569953918457,10.858400344848633,10.855520248413086,10.857199668884277,0
2026-05-07 05:34:00+00:00,10.855799674987793,10.856900215148926,10.855409622192383,10.85569953918457,0
2026-05-07 05:35:00+00:00,10.855279922485352,10.856900215148926,10.8548002243042,10.855799674987793,0
2026-05-07 05:36:00+00:00,10.853879928588867,10.855259895324707,10.85303020477295,10.85515022277832,0
2026-05-07 05:37:00+00:00,10.855340003967285,10.85593032836914,10.852720260620117,10.853799819946289,0
2026-05-07 05:38:00+00:00,10.85414981842041,10.855299949645996,10.853930473327637,10.854869842529297,0
2026-05-07 05:39:00+00:00,10.854570388793945,10.855199813842773,10.853949546813965,10.854060173034668,0
2026-05-07 05:40:00+00:00,10.853949546813965,10.854880332946777,10.853449821472168,10.854880332946777,0
2026-05-07 05:41:00+00:00,10.853650093078613,10.8548002243042,10.853219985961914,10.853949546813965,0
2026-05-07 05:42:00+00:00,10.852899551391602,10.854499816894531,10.85243034362793,10.853650093078613,0
2026-05-07 05:43:00+00:00,10.854120254516602,10.8548002243042,10.852899551391602,10.853619575500488,0
2026-05-07 05:44:00+00:00,10.854129791259766,10.85496997833252,10.853099822998047,10.853249549865723,0
2026-05-07 05:45:00+00:00,10.853899955749512,10.855500221252441,10.853099822998047,10.854129791259766,0
2026-05-07 05:46:00+00:00,10.853899955749512,10.855899810791016,10.853699684143066,10.853899955749512,0
2026-05-07 05:47:00+00:00,10.85219955444336,10.855170249938965,10.851869583129883,10.855170249938965,0
2026-05-07 05:48:00+00:00,10.853739738464355,10.853899955749512,10.851710319519043,10.851869583129883,0
2026-05-07 05:49:00+00:00,10.85420036315918,10.854769706726074,10.852149963378906,10.852149963378906,0
2026-05-07 05:50:00+00:00,10.853449821472168,10.854610443115234,10.852700233459473,10.854610443115234,0
2026-05-07 05:51:00+00:00,10.853679656982422,10.8543701171875,10.85260009765625,10.852800369262695,0
2026-05-07 05:52:00+00:00,10.851799964904785,10.854399681091309,10.851449966430664,10.853739738464355,0
2026-05-07 05:53:00+00:00,10.85165023803711,10.854399681091309,10.851309776306152,10.851400375366211,0
2026-05-07 05:54:00+00:00,10.85414981842041,10.856499671936035,10.85165023803711,10.85276985168457,0
2026-05-07 05:55:00+00:00,10.854450225830078,10.8572998046875,10.85414981842041,10.855070114135742,0
2026-05-07 05:56:00+00:00,10.85420036315918,10.856300354003906,10.85420036315918,10.854450225830078,0
2026-05-07 05:57:00+00:00,10.855560302734375,10.856300354003906,10.85420036315918,10.855239868164062,0
2026-05-07 05:58:00+00:00,10.855429649353027,10.856399536132812,10.8545503616333,10.855560302734375,0
2026-05-07 05:59:00+00:00,10.857139587402344,10.857139587402344,10.854510307312012,10.85536003112793,0
2026-05-07 06:00:00+00:00,10.855669975280762,10.858460426330566,10.854840278625488,10.85713005065918,0
2026-05-07 06:01:00+00:00,10.855799674987793,10.856940269470215,10.854310035705566,10.8548002243042,0
2026-05-07 06:02:00+00:00,10.858610153198242,10.85929012298584,10.855799674987793,10.855799674987793,0
2026-05-07 06:03:00+00:00,10.857640266418457,10.859800338745117,10.857399940490723,10.857399940490723,0
2026-05-07 06:04:00+00:00,10.857449531555176,10.859649658203125,10.8572998046875,10.858380317687988,0
2026-05-07 06:05:00+00:00,10.85789966583252,10.859100341796875,10.857199668884277,10.857449531555176,0
2026-05-07 06:06:00+00:00,10.857939720153809,10.859100341796875,10.85770034790039,10.857939720153809,0
2026-05-07 06:07:00+00:00,10.85774040222168,10.85990047454834,10.856499671936035,10.858530044555664,0
2026-05-07 06:08:00+00:00,10.85789966583252,10.859100341796875,10.856900215148926,10.85774040222168,0
2026-05-07 06:09:00+00:00,10.85735034942627,10.859000205993652,10.857190132141113,10.85789966583252,0
2026-05-07 06:10:00+00:00,10.856949806213379,10.860199928283691,10.856949806213379,10.857970237731934,0
2026-05-07 06:11:00+00:00,10.8568696975708,10.858400344848633,10.85636043548584,10.856949806213379,0
2026-05-07 06:12:00+00:00,10.855400085449219,10.857799530029297,10.854499816894531,10.856539726257324,0
2026-05-07 06:13:00+00:00,10.85474967956543,10.857000350952148,10.854700088500977,10.855400085449219,0
2026-05-07 06:14:00+00:00,10.855250358581543,10.85669994354248,10.853759765625,10.85474967956543,0
2026-05-07 06:15:00+00:00,10.855950355529785,10.857500076293945,10.854499816894531,10.856109619140625,0
2026-05-07 06:16:00+00:00,10.855600357055664,10.85789966583252,10.85509967803955,10.855950355529785,0
2026-05-07 06:17:00+00:00,10.855810165405273,10.857399940490723,10.855310440063477,10.855600357055664,0
2026-05-07 06:18:00+00:00,10.855299949645996,10.8572998046875,10.8548002243042,10.855810165405273,0
2026-05-07 06:19:00+00:00,10.8548002243042,10.856769561767578,10.8548002243042,10.855299949645996,0
2026-05-07 06:20:00+00:00,10.8548002243042,10.8572998046875,10.8548002243042,10.8548002243042,0
2026-05-07 06:21:00+00:00,10.85474967956543,10.857049942016602,10.85474967956543,10.855810165405273,0
2026-05-07 06:22:00+00:00,10.855299949645996,10.857199668884277,10.854249954223633,10.85474967956543,0
2026-05-07 06:23:00+00:00,10.854299545288086,10.85696029663086,10.854299545288086,10.856300354003906,0
2026-05-07 06:24:00+00:00,10.857259750366211,10.85791015625,10.854299545288086,10.855759620666504,0
2026-05-07 06:25:00+00:00,10.85669994354248,10.858699798583984,10.856300354003906,10.85634994506836,0
2026-05-07 06:26:00+00:00,10.85867977142334,10.860440254211426,10.85669994354248,10.85669994354248,0
2026-05-07 06:27:00+00:00,10.859869956970215,10.860580444335938,10.85791015625,10.858440399169922,0
2026-05-07 06:28:00+00:00,10.859299659729004,10.860989570617676,10.858429908752441,10.859869956970215,0
2026-05-07 06:29:00+00:00,10.859350204467773,10.860899925231934,10.857609748840332,10.860389709472656,0
2026-05-07 06:30:00+00:00,10.86011028289795,10.862939834594727,10.859350204467773,10.860610008239746,0
2026-05-07 06:31:00+00:00,10.859430313110352,10.861200332641602,10.857749938964844,10.860090255737305,0
2026-05-07 06:32:00+00:00,10.855799674987793,10.859430313110352,10.855799674987793,10.859419822692871,0
2026-05-07 06:33:00+00:00,10.85575008392334,10.856599807739258,10.854740142822266,10.85651969909668,0
2026-05-07 06:34:00+00:00,10.854999542236328,10.855999946594238,10.854000091552734,10.85474967956543,0
2026-05-07 06:35:00+00:00,10.849459648132324,10.854840278625488,10.848649978637695,10.854000091552734,0
2026-05-07 06:36:00+00:00,10.851300239562988,10.853130340576172,10.849300384521484,10.849559783935547,0
2026-05-07 06:37:00+00:00,10.850079536437988,10.85299015045166,10.849800109863281,10.851300239562988,0
2026-05-07 06:38:00+00:00,10.851360321044922,10.85319995880127,10.849800109863281,10.850029945373535,0
2026-05-07 06:39:00+00:00,10.849809646606445,10.852499961853027,10.849559783935547,10.852470397949219,0
2026-05-07 06:40:00+00:00,10.84867000579834,10.850799560546875,10.847590446472168,10.849809646606445,0
2026-05-07 06:41:00+00:00,10.848199844360352,10.852319717407227,10.846590042114258,10.847590446472168,0
2026-05-07 06:42:00+00:00,10.850799560546875,10.852620124816895,10.848199844360352,10.84928035736084,0
2026-05-07 06:43:00+00:00,10.845210075378418,10.852330207824707,10.843040466308594,10.851929664611816,0
2026-05-07 06:44:00+00:00,10.846309661865234,10.848990440368652,10.843199729919434,10.845660209655762,0
2026-05-07 06:45:00+00:00,10.84949016571045,10.85060977935791,10.846309661865234,10.846309661865234,0
2026-05-07 06:46:00+00:00,10.847780227661133,10.849800109863281,10.847339630126953,10.848270416259766,0
2026-05-07 06:47:00+00:00,10.849329948425293,10.851070404052734,10.847729682922363,10.847940444946289,0
2026-05-07 06:48:00+00:00,10.85044002532959,10.851900100708008,10.849329948425293,10.850299835205078,0
2026-05-07 06:49:00+00:00,10.851670265197754,10.852700233459473,10.849929809570312,10.850299835205078,0
2026-05-07 06:50:00+00:00,10.852060317993164,10.853300094604492,10.850569725036621,10.85221004486084,0
2026-05-07 06:51:00+00:00,10.853170394897461,10.854940414428711,10.851969718933105,10.852760314941406,0
2026-05-07 06:52:00+00:00,10.852720260620117,10.855050086975098,10.852319717407227,10.853500366210938,0
2026-05-07 06:53:00+00:00,10.853730201721191,10.854599952697754,10.851699829101562,10.853730201721191,0
2026-05-07 06:54:00+00:00,10.853930473327637,10.855270385742188,10.852800369262695,10.85282039642334,0
2026-05-07 06:55:00+00:00,10.854169845581055,10.854700088500977,10.852800369262695,10.853859901428223,0
2026-05-07 06:56:00+00:00,10.851710319519043,10.853960037231445,10.851200103759766,10.853960037231445,0
2026-05-07 06:57:00+00:00,10.851490020751953,10.853520393371582,10.851079940795898,10.851300239562988,0
2026-05-07 06:58:00+00:00,10.851420402526855,10.853099822998047,10.851129531860352,10.851469993591309,0
2026-05-07 06:59:00+00:00,10.854290008544922,10.855199813842773,10.851300239562988,10.852290153503418,0
2026-05-07 07:00:00+00:00,10.853219985961914,10.855199813842773,10.852959632873535,10.853300094604492,0
2026-05-07 07:01:00+00:00,10.852800369262695,10.8545503616333,10.851510047912598,10.852959632873535,0
2026-05-07 07:02:00+00:00,10.852399826049805,10.854100227355957,10.852190017700195,10.853639602661133,0
2026-05-07 07:03:00+00:00,10.853650093078613,10.85509967803955,10.851349830627441,10.852399826049805,0
2026-05-07 07:04:00+00:00,10.853429794311523,10.854700088500977,10.85315990447998,10.854140281677246,0
2026-05-07 07:05:00+00:00,10.853799819946289,10.85569953918457,10.852760314941406,10.853349685668945,0
2026-05-07 07:06:00+00:00,10.853449821472168,10.85569953918457,10.853099822998047,10.85381031036377,0
2026-05-07 07:07:00+00:00,10.854060173034668,10.855500221252441,10.852660179138184,10.853500366210938,0
2026-05-07 07:08:00+00:00,10.853850364685059,10.854100227355957,10.852499961853027,10.8533296585083,0
2026-05-07 07:09:00+00:00,10.852299690246582,10.854900360107422,10.850110054016113,10.852299690246582,0
2026-05-07 07:10:00+00:00,10.85219955444336,10.853659629821777,10.852140426635742,10.852629661560059,0
2026-05-07 07:11:00+00:00,10.84630012512207,10.852359771728516,10.846099853515625,10.851980209350586,0
2026-05-07 07:12:00+00:00,10.848609924316406,10.850540161132812,10.846309661865234,10.846309661865234,0
2026-05-07 07:13:00+00:00,10.849029541015625,10.8503999710083,10.847900390625,10.848640441894531,0
2026-05-07 07:14:00+00:00,10.851240158081055,10.852720260620117,10.847900390625,10.847900390625,0
2026-05-07 07:15:00+00:00,10.849370002746582,10.851750373840332,10.848429679870605,10.84988021850586,0
2026-05-07 07:16:00+00:00,10.849329948425293,10.851499557495117,10.848910331726074,10.849370002746582,0
2026-05-07 07:17:00+00:00,10.850839614868164,10.85204029083252,10.848679542541504,10.849329948425293,0
2026-05-07 07:18:00+00:00,10.853300094604492,10.854720115661621,10.850729942321777,10.850729942321777,0
2026-05-07 07:19:00+00:00,10.8571195602417,10.857600212097168,10.853300094604492,10.85416030883789,0
2026-05-07 07:20:00+00:00,10.856069564819336,10.858059883117676,10.854999542236328,10.857330322265625,0
2026-05-07 07:21:00+00:00,10.85377025604248,10.856900215148926,10.852910041809082,10.855409622192383,0
2026-05-07 07:22:00+00:00,10.851309776306152,10.854499816894531,10.850990295410156,10.852899551391602,0
2026-05-07 07:23:00+00:00,10.851160049438477,10.852899551391602,10.850239753723145,10.851309776306152,0
2026-05-07 07:24:00+00:00,10.85099983215332,10.854249954223633,10.850799560546875,10.851160049438477,0
2026-05-07 07:25:00+00:00,10.852299690246582,10.854700088500977,10.85099983215332,10.851889610290527,0
2026-05-07 07:26:00+00:00,10.852899551391602,10.85336971282959,10.850370407104492,10.852299690246582,0
2026-05-07 07:27:00+00:00,10.851510047912598,10.853240013122559,10.850580215454102,10.85258960723877,0
2026-05-07 07:28:00+00:00,10.850879669189453,10.853599548339844,10.85044002532959,10.852149963378906,0
2026-05-07 07:29:00+00:00,10.851759910583496,10.8568696975708,10.849610328674316,10.850879669189453,0
2026-05-07 07:30:00+00:00,10.856749534606934,10.86001968383789,10.848480224609375,10.85165023803711,0
2026-05-07 07:31:00+00:00,10.856439590454102,10.862899780273438,10.854949951171875,10.856160163879395,0
2026-05-07 07:32:00+00:00,10.855879783630371,10.857399940490723,10.854999542236328,10.856439590454102,0
2026-05-07 07:33:00+00:00,10.856849670410156,10.857629776000977,10.854330062866211,10.855660438537598,0
2026-05-07 07:34:00+00:00,10.852399826049805,10.857649803161621,10.851790428161621,10.855730056762695,0
2026-05-07 07:35:00+00:00,10.851160049438477,10.853899955749512,10.851110458374023,10.852540016174316,0
2026-05-07 07:36:00+00:00,10.84883975982666,10.852160453796387,10.846400260925293,10.851909637451172,0
2026-05-07 07:37:00+00:00,10.84727954864502,10.850799560546875,10.847200393676758,10.848099708557129,0
2026-05-07 07:38:00+00:00,10.850469589233398,10.851099967956543,10.846570014953613,10.847200393676758,0
2026-05-07 07:39:00+00:00,10.846650123596191,10.850799560546875,10.8462495803833,10.850469589233398,0
2026-05-07 07:40:00+00:00,10.847359657287598,10.849200248718262,10.845999717712402,10.846650123596191,0
2026-05-07 07:41:00+00:00,10.847299575805664,10.848870277404785,10.844599723815918,10.846199989318848,0
2026-05-07 07:42:00+00:00,10.846699714660645,10.850299835205078,10.84589958190918,10.848469734191895,0
2026-05-07 07:43:00+00:00,10.844900131225586,10.848299980163574,10.844599723815918,10.846699714660645,0
2026-05-07 07:44:00+00:00,10.845199584960938,10.847599983215332,10.844400405883789,10.845820426940918,0
2026-05-07 07:45:00+00:00,10.844900131225586,10.846830368041992,10.844120025634766,10.846039772033691,0
2026-05-07 07:46:00+00:00,10.843649864196777,10.846150398254395,10.843600273132324,10.844900131225586,0
2026-05-07 07:47:00+00:00,10.846540451049805,10.848429679870605,10.841910362243652,10.843649864196777,0
2026-05-07 07:48:00+00:00,10.843420028686523,10.848429679870605,10.842570304870605,10.846540451049805,0
2026-05-07 07:49:00+00:00,10.841460227966309,10.845809936523438,10.840999603271484,10.843420028686523,0
2026-05-07 07:50:00+00:00,10.842040061950684,10.84585952758789,10.84103012084961,10.841750144958496,0
2026-05-07 07:51:00+00:00,10.843379974365234,10.844759941101074,10.841930389404297,10.842040061950684,0
2026-05-07 07:52:00+00:00,10.84570026397705,10.846819877624512,10.841959953308105,10.843119621276855,0
2026-05-07 07:53:00+00:00,10.844449996948242,10.84630012512207,10.843500137329102,10.84529972076416,0
2026-05-07 07:54:00+00:00,10.844340324401855,10.845800399780273,10.843799591064453,10.844449996948242,0
2026-05-07 07:55:00+00:00,10.843689918518066,10.844340324401855,10.84160041809082,10.843799591064453,0
2026-05-07 07:56:00+00:00,10.84080982208252,10.8435697555542,10.839189529418945,10.8435697555542,0
2026-05-07 07:57:00+00:00,10.83864974975586,10.841730117797852,10.838250160217285,10.841050148010254,0
2026-05-07 07:58:00+00:00,10.840299606323242,10.842300415039062,10.83843994140625,10.83866024017334,0
2026-05-07 07:59:00+00:00,10.840950012207031,10.842599868774414,10.83981990814209,10.840299606323242,0
2026-05-07 08:00:00+00:00,10.83489990234375,10.841039657592773,10.830419540405273,10.841039657592773,0
2026-05-07 08:01:00+00:00,10.83611011505127,10.83905029296875,10.83489990234375,10.83489990234375,0
2026-05-07 08:02:00+00:00,10.836270332336426,10.839099884033203,10.835490226745605,10.83590030670166,0
2026-05-07 08:03:00+00:00,10.836799621582031,10.838879585266113,10.834620475769043,10.838430404663086,0
2026-05-07 08:04:00+00:00,10.834739685058594,10.839539527893066,10.83456039428711,10.837969779968262,0
2026-05-07 08:05:00+00:00,10.836020469665527,10.838239669799805,10.834070205688477,10.834699630737305,0
2026-05-07 08:06:00+00:00,10.838410377502441,10.840120315551758,10.836000442504883,10.836009979248047,0
2026-05-07 08:07:00+00:00,10.839799880981445,10.841440200805664,10.83804988861084,10.838410377502441,0
2026-05-07 08:08:00+00:00,10.839900016784668,10.842249870300293,10.839300155639648,10.839799880981445,0
2026-05-07 08:09:00+00:00,10.844929695129395,10.846440315246582,10.83926010131836,10.840970039367676,0
2026-05-07 08:10:00+00:00,10.852740287780762,10.853300094604492,10.844799995422363,10.846209526062012,0
2026-05-07 08:11:00+00:00,10.852299690246582,10.855330467224121,10.852009773254395,10.852009773254395,0
2026-05-07 08:12:00+00:00,10.852299690246582,10.85416030883789,10.852299690246582,10.852299690246582,0
2026-05-07 08:13:00+00:00,10.85216999053955,10.853300094604492,10.84749984741211,10.852299690246582,0
2026-05-07 08:14:00+00:00,10.857170104980469,10.859310150146484,10.850099563598633,10.851570129394531,0
2026-05-07 08:15:00+00:00,10.854889869689941,10.858099937438965,10.853890419006348,10.857210159301758,0
2026-05-07 08:16:00+00:00,10.85243034362793,10.855569839477539,10.85200023651123,10.854990005493164,0
2026-05-07 08:17:00+00:00,10.851880073547363,10.853699684143066,10.851499557495117,10.85243034362793,0
2026-05-07 08:18:00+00:00,10.852499961853027,10.855400085449219,10.848190307617188,10.851880073547363,0
2026-05-07 08:19:00+00:00,10.851670265197754,10.853599548339844,10.850299835205078,10.85159969329834,0
2026-05-07 08:20:00+00:00,10.851409912109375,10.853400230407715,10.850700378417969,10.851670265197754,0
2026-05-07 08:21:00+00:00,10.850299835205078,10.852299690246582,10.850259780883789,10.850700378417969,0
2026-05-07 08:22:00+00:00,10.849900245666504,10.851019859313965,10.849200248718262,10.850299835205078,0
2026-05-07 08:23:00+00:00,10.849800109863281,10.851969718933105,10.849200248718262,10.849900245666504,0
2026-05-07 08:24:00+00:00,10.84939956665039,10.851400375366211,10.848990440368652,10.849800109863281,0
2026-05-07 08:25:00+00:00,10.853349685668945,10.856220245361328,10.849020004272461,10.849989891052246,0
2026-05-07 08:26:00+00:00,10.8514404296875,10.855500221252441,10.850839614868164,10.853409767150879,0
2026-05-07 08:27:00+00:00,10.851980209350586,10.854000091552734,10.85099983215332,10.8514404296875,0
2026-05-07 08:28:00+00:00,10.85260009765625,10.853599548339844,10.851810455322266,10.851980209350586,0
2026-05-07 08:29:00+00:00,10.851309776306152,10.853400230407715,10.850680351257324,10.85260009765625,0
2026-05-07 08:30:00+00:00,10.850199699401855,10.852299690246582,10.84939956665039,10.851320266723633,0
2026-05-07 08:31:00+00:00,10.850199699401855,10.851149559020996,10.84924030303955,10.850540161132812,0
2026-05-07 08:32:00+00:00,10.847089767456055,10.850500106811523,10.846890449523926,10.850500106811523,0
2026-05-07 08:33:00+00:00,10.845580101013184,10.848099708557129,10.845499992370605,10.847089767456055,0
2026-05-07 08:34:00+00:00,10.847610473632812,10.848899841308594,10.845499992370605,10.846460342407227,0
2026-05-07 08:35:00+00:00,10.847319602966309,10.850099563598633,10.84727954864502,10.847610473632812,0
2026-05-07 08:36:00+00:00,10.848050117492676,10.849100112915039,10.847029685974121,10.847709655761719,0
2026-05-07 08:37:00+00:00,10.849740028381348,10.850839614868164,10.847550392150879,10.848050117492676,0
2026-05-07 08:38:00+00:00,10.849519729614258,10.850930213928223,10.84846019744873,10.849169731140137,0
2026-05-07 08:39:00+00:00,10.848939895629883,10.850700378417969,10.848480224609375,10.848489761352539,0
2026-05-07 08:40:00+00:00,10.847559928894043,10.850790023803711,10.846489906311035,10.848939895629883,0
2026-05-07 08:41:00+00:00,10.846540451049805,10.848099708557129,10.845549583435059,10.846489906311035,0
2026-05-07 08:42:00+00:00,10.846240043640137,10.847599983215332,10.845410346984863,10.84568977355957,0
2026-05-07 08:43:00+00:00,10.846099853515625,10.848099708557129,10.84572982788086,10.84628963470459,0
2026-05-07 08:44:00+00:00,10.844260215759277,10.847299575805664,10.843230247497559,10.846010208129883,0
2026-05-07 08:45:00+00:00,10.843520164489746,10.845000267028809,10.843050003051758,10.843799591064453,0
2026-05-07 08:46:00+00:00,10.843170166015625,10.844799995422363,10.842519760131836,10.844679832458496,0
2026-05-07 08:47:00+00:00,10.842659950256348,10.844400405883789,10.841830253601074,10.843170166015625,0
2026-05-07 08:48:00+00:00,10.841750144958496,10.843400001525879,10.840920448303223,10.84276008605957,0
2026-05-07 08:49:00+00:00,10.842269897460938,10.843199729919434,10.84099006652832,10.841870307922363,0
2026-05-07 08:50:00+00:00,10.843040466308594,10.844120025634766,10.841500282287598,10.84235954284668,0
2026-05-07 08:51:00+00:00,10.841679573059082,10.843899726867676,10.8412504196167,10.843059539794922,0
2026-05-07 08:52:00+00:00,10.84160041809082,10.843500137329102,10.840479850769043,10.841839790344238,0
2026-05-07 08:53:00+00:00,10.842419624328613,10.844019889831543,10.840959548950195,10.84160041809082,0
2026-05-07 08:54:00+00:00,10.8431396484375,10.844949722290039,10.842240333557129,10.842350006103516,0
2026-05-07 08:55:00+00:00,10.847370147705078,10.847780227661133,10.84298038482666,10.843770027160645,0
2026-05-07 08:56:00+00:00,10.845800399780273,10.847990036010742,10.845609664916992,10.84613037109375,0
2026-05-07 08:57:00+00:00,10.847929954528809,10.85042953491211,10.845399856567383,10.846039772033691,0
2026-05-07 08:58:00+00:00,10.848360061645508,10.8502197265625,10.847550392150879,10.849960327148438,0
2026-05-07 08:59:00+00:00,10.847840309143066,10.850890159606934,10.846590042114258,10.84823989868164,0
2026-05-07 09:00:00+00:00,10.85219955444336,10.855059623718262,10.847970008850098,10.848150253295898,0
2026-05-07 09:01:00+00:00,10.849510192871094,10.855230331420898,10.849089622497559,10.854430198669434,0
2026-05-07 09:02:00+00:00,10.850299835205078,10.851699829101562,10.848170280456543,10.850259780883789,0
2026-05-07 09:03:00+00:00,10.850500106811523,10.851969718933105,10.847789764404297,10.850299835205078,0
2026-05-07 09:04:00+00:00,10.849749565124512,10.85161018371582,10.848690032958984,10.850500106811523,0
2026-05-07 09:05:00+00:00,10.850709915161133,10.85081958770752,10.848429679870605,10.849020004272461,0
2026-05-07 09:06:00+00:00,10.850299835205078,10.851900100708008,10.850000381469727,10.850769996643066,0
2026-05-07 09:07:00+00:00,10.850099563598633,10.852299690246582,10.849800109863281,10.850299835205078,0
2026-05-07 09:08:00+00:00,10.851090431213379,10.853300094604492,10.850099563598633,10.850099563598633,0
2026-05-07 09:09:00+00:00,10.85219955444336,10.853099822998047,10.850799560546875,10.851200103759766,0
2026-05-07 09:10:00+00:00,10.85103988647461,10.853300094604492,10.850199699401855,10.85219955444336,0
2026-05-07 09:11:00+00:00,10.85155963897705,10.85165023803711,10.849720001220703,10.85027027130127,0
2026-05-07 09:12:00+00:00,10.850709915161133,10.852100372314453,10.850600242614746,10.850810050964355,0
2026-05-07 09:13:00+00:00,10.850259780883789,10.85159969329834,10.849699974060059,10.850769996643066,0
2026-05-07 09:14:00+00:00,10.850020408630371,10.851400375366211,10.84939956665039,10.849699974060059,0
2026-05-07 09:15:00+00:00,10.84939956665039,10.85159969329834,10.848750114440918,10.84939956665039,0
2026-05-07 09:16:00+00:00,10.848369598388672,10.85200023651123,10.848250389099121,10.84939956665039,0
2026-05-07 09:17:00+00:00,10.849499702453613,10.850700378417969,10.848299980163574,10.849510192871094,0
2026-05-07 09:18:00+00:00,10.849260330200195,10.850299835205078,10.84788990020752,10.850159645080566,0
2026-05-07 09:19:00+00:00,10.849300384521484,10.850600242614746,10.848010063171387,10.848400115966797,0
2026-05-07 09:20:00+00:00,10.848569869995117,10.8503999710083,10.848400115966797,10.850040435791016,0
2026-05-07 09:21:00+00:00,10.847000122070312,10.849800109863281,10.846400260925293,10.848400115966797,0
2026-05-07 09:22:00+00:00,10.846759796142578,10.848199844360352,10.84652042388916,10.847000122070312,0
2026-05-07 09:23:00+00:00,10.847060203552246,10.84850025177002,10.845919609069824,10.846779823303223,0
2026-05-07 09:24:00+00:00,10.852190017700195,10.852689743041992,10.846599578857422,10.847060203552246,0
2026-05-07 09:25:00+00:00,10.850410461425781,10.852800369262695,10.849800109863281,10.851420402526855,0
2026-05-07 09:26:00+00:00,10.851790428161621,10.852399826049805,10.849900245666504,10.850629806518555,0
2026-05-07 09:27:00+00:00,10.85200023651123,10.853099822998047,10.850700378417969,10.850700378417969,0
2026-05-07 09:28:00+00:00,10.851369857788086,10.852700233459473,10.850500106811523,10.85099983215332,0
2026-05-07 09:29:00+00:00,10.850099563598633,10.852299690246582,10.849499702453613,10.850500106811523,0
2026-05-07 09:30:00+00:00,10.850370407104492,10.85159969329834,10.849699974060059,10.849989891052246,0
2026-05-07 09:31:00+00:00,10.847689628601074,10.850890159606934,10.847089767456055,10.849720001220703,0
2026-05-07 09:32:00+00:00,10.846810340881348,10.848130226135254,10.846159934997559,10.847100257873535,0
2026-05-07 09:33:00+00:00,10.84691047668457,10.848119735717773,10.84589958190918,10.846810340881348,0
2026-05-07 09:34:00+00:00,10.847299575805664,10.848600387573242,10.84589958190918,10.846770286560059,0
2026-05-07 09:35:00+00:00,10.84531021118164,10.848310470581055,10.844599723815918,10.847660064697266,0
2026-05-07 09:36:00+00:00,10.84634017944336,10.847700119018555,10.845230102539062,10.845279693603516,0
2026-05-07 09:37:00+00:00,10.847800254821777,10.849129676818848,10.845040321350098,10.846529960632324,0
2026-05-07 09:38:00+00:00,10.846320152282715,10.848360061645508,10.846059799194336,10.848360061645508,0
2026-05-07 09:39:00+00:00,10.845620155334473,10.84689998626709,10.845009803771973,10.846369743347168,0
2026-05-07 09:40:00+00:00,10.842599868774414,10.846799850463867,10.842599868774414,10.845620155334473,0
2026-05-07 09:41:00+00:00,10.840800285339355,10.844200134277344,10.840800285339355,10.843059539794922,0
2026-05-07 09:42:00+00:00,10.841950416564941,10.842900276184082,10.840189933776855,10.841329574584961,0
2026-05-07 09:43:00+00:00,10.839400291442871,10.842700004577637,10.838489532470703,10.841290473937988,0
2026-05-07 09:44:00+00:00,10.839019775390625,10.840700149536133,10.838800430297852,10.840069770812988,0
2026-05-07 09:45:00+00:00,10.83821964263916,10.840470314025879,10.836950302124023,10.839449882507324,0
2026-05-07 09:46:00+00:00,10.839570045471191,10.841150283813477,10.838210105895996,10.83821964263916,0
2026-05-07 09:47:00+00:00,10.836000442504883,10.8402099609375,10.836000442504883,10.838800430297852,0
2026-05-07 09:48:00+00:00,10.835040092468262,10.836899757385254,10.834699630737305,10.836000442504883,0
2026-05-07 09:49:00+00:00,10.834349632263184,10.836600303649902,10.833959579467773,10.83456039428711,0
2026-05-07 09:50:00+00:00,10.838800430297852,10.840250015258789,10.833720207214355,10.834259986877441,0
2026-05-07 09:51:00+00:00,10.838700294494629,10.840049743652344,10.8371000289917,10.838800430297852,0
2026-05-07 09:52:00+00:00,10.840169906616211,10.841219902038574,10.838489532470703,10.838700294494629,0
2026-05-07 09:53:00+00:00,10.838970184326172,10.841699600219727,10.837820053100586,10.840169906616211,0
2026-05-07 09:54:00+00:00,10.835630416870117,10.839599609375,10.83549976348877,10.838520050048828,0
2026-05-07 09:55:00+00:00,10.836299896240234,10.838600158691406,10.835129737854004,10.835570335388184,0
2026-05-07 09:56:00+00:00,10.837420463562012,10.838299751281738,10.8362398147583,10.836440086364746,0
2026-05-07 09:57:00+00:00,10.835599899291992,10.837800025939941,10.834890365600586,10.836389541625977,0
2026-05-07 09:58:00+00:00,10.836219787597656,10.839079856872559,10.835249900817871,10.835599899291992,0
2026-05-07 09:59:00+00:00,10.83508014678955,10.83650016784668,10.834500312805176,10.835339546203613,0
2026-05-07 10:00:00+00:00,10.837249755859375,10.83864974975586,10.834710121154785,10.835869789123535,0
2026-05-07 10:01:00+00:00,10.837960243225098,10.838500022888184,10.836589813232422,10.83800983428955,0
2026-05-07 10:02:00+00:00,10.835829734802246,10.838479995727539,10.835470199584961,10.837140083312988,0
2026-05-07 10:03:00+00:00,10.836950302124023,10.837800025939941,10.835390090942383,10.835880279541016,0
2026-05-07 10:04:00+00:00,10.837730407714844,10.839099884033203,10.836819648742676,10.837579727172852,0
2026-05-07 10:05:00+00:00,10.836540222167969,10.838600158691406,10.836099624633789,10.837050437927246,0
2026-05-07 10:06:00+00:00,10.837019920349121,10.83810043334961,10.836270332336426,10.836400032043457,0
2026-05-07 10:07:00+00:00,10.836939811706543,10.838299751281738,10.836310386657715,10.83650016784668,0
2026-05-07 10:08:00+00:00,10.836709976196289,10.838700294494629,10.835599899291992,10.836939811706543,0
2026-05-07 10:09:00+00:00,10.834959983825684,10.837499618530273,10.83329963684082,10.835869789123535,0
2026-05-07 10:10:00+00:00,10.834400177001953,10.835599899291992,10.833649635314941,10.833740234375,0
2026-05-07 10:11:00+00:00,10.83512020111084,10.835700035095215,10.833970069885254,10.835129737854004,0
2026-05-07 10:12:00+00:00,10.834030151367188,10.835399627685547,10.833800315856934,10.834420204162598,0
2026-05-07 10:13:00+00:00,10.833700180053711,10.835200309753418,10.833250045776367,10.83395004272461,0
2026-05-07 10:14:00+00:00,10.833800315856934,10.83530044555664,10.833499908447266,10.833700180053711,0
2026-05-07 10:15:00+00:00,10.834280014038086,10.835399627685547,10.833000183105469,10.833800315856934,0
2026-05-07 10:16:00+00:00,10.834919929504395,10.836259841918945,10.833919525146484,10.834650039672852,0
2026-05-07 10:17:00+00:00,10.834400177001953,10.836000442504883,10.834139823913574,10.83495044708252,0
2026-05-07 10:18:00+00:00,10.834070205688477,10.835700035095215,10.8326997756958,10.834159851074219,0
2026-05-07 10:19:00+00:00,10.832300186157227,10.835399627685547,10.830699920654297,10.833230018615723,0
2026-05-07 10:20:00+00:00,10.832659721374512,10.834199905395508,10.831999778747559,10.832719802856445,0
2026-05-07 10:21:00+00:00,10.830699920654297,10.833499908447266,10.830329895019531,10.832289695739746,0
2026-05-07 10:22:00+00:00,10.829540252685547,10.831999778747559,10.829299926757812,10.831399917602539,0
2026-05-07 10:23:00+00:00,10.82919979095459,10.830499649047852,10.82859992980957,10.829859733581543,0
2026-05-07 10:24:00+00:00,10.829899787902832,10.831600189208984,10.829099655151367,10.82981014251709,0
2026-05-07 10:25:00+00:00,10.827699661254883,10.830920219421387,10.827540397644043,10.829899787902832,0
2026-05-07 10:26:00+00:00,10.829400062561035,10.830400466918945,10.827699661254883,10.828399658203125,0
2026-05-07 10:27:00+00:00,10.829330444335938,10.831100463867188,10.828490257263184,10.829879760742188,0
2026-05-07 10:28:00+00:00,10.828080177307129,10.829999923706055,10.827489852905273,10.82938003540039,0
2026-05-07 10:29:00+00:00,10.828399658203125,10.82960033416748,10.827199935913086,10.827500343322754,0
2026-05-07 10:30:00+00:00,10.830069541931152,10.830360412597656,10.827899932861328,10.828399658203125,0
2026-05-07 10:31:00+00:00,10.83137035369873,10.8326997756958,10.829230308532715,10.829790115356445,0
2026-05-07 10:32:00+00:00,10.827859878540039,10.832489967346191,10.827730178833008,10.830809593200684,0
2026-05-07 10:33:00+00:00,10.829790115356445,10.830100059509277,10.827230453491211,10.827859878540039,0
2026-05-07 10:34:00+00:00,10.831399917602539,10.83240032196045,10.829000473022461,10.829000473022461,0
2026-05-07 10:35:00+00:00,10.830300331115723,10.832110404968262,10.830100059509277,10.831029891967773,0
2026-05-07 10:36:00+00:00,10.831100463867188,10.832200050354004,10.830300331115723,10.831080436706543,0
2026-05-07 10:37:00+00:00,10.831259727478027,10.832300186157227,10.829730033874512,10.831100463867188,0
2026-05-07 10:38:00+00:00,10.828499794006348,10.832280158996582,10.828499794006348,10.830499649047852,0
2026-05-07 10:39:00+00:00,10.82738971710205,10.829000473022461,10.827199935913086,10.828499794006348,0
2026-05-07 10:40:00+00:00,10.828459739685059,10.82919979095459,10.826889991760254,10.827759742736816,0
2026-05-07 10:41:00+00:00,10.826950073242188,10.829259872436523,10.826199531555176,10.827899932861328,0
2026-05-07 10:42:00+00:00,10.826800346374512,10.82859992980957,10.826199531555176,10.826760292053223,0
2026-05-07 10:43:00+00:00,10.826899528503418,10.828499794006348,10.826169967651367,10.826800346374512,0
2026-05-07 10:44:00+00:00,10.827799797058105,10.828470230102539,10.826499938964844,10.826899528503418,0
2026-05-07 10:45:00+00:00,10.826299667358398,10.828969955444336,10.825650215148926,10.827799797058105,0
2026-05-07 10:46:00+00:00,10.826299667358398,10.82759952545166,10.82544994354248,10.826299667358398,0
2026-05-07 10:47:00+00:00,10.826299667358398,10.827300071716309,10.825139999389648,10.826459884643555,0
2026-05-07 10:48:00+00:00,10.827569961547852,10.828200340270996,10.82606029510498,10.826299667358398,0
2026-05-07 10:49:00+00:00,10.829090118408203,10.83018970489502,10.826700210571289,10.82761001586914,0
2026-05-07 10:50:00+00:00,10.831000328063965,10.831720352172852,10.828280448913574,10.828840255737305,0
2026-05-07 10:51:00+00:00,10.828519821166992,10.831500053405762,10.828069686889648,10.831239700317383,0
2026-05-07 10:52:00+00:00,10.827759742736816,10.829099655151367,10.827520370483398,10.828350067138672,0
2026-05-07 10:53:00+00:00,10.826600074768066,10.828370094299316,10.82509994506836,10.827750205993652,0
2026-05-07 10:54:00+00:00,10.827500343322754,10.828559875488281,10.826199531555176,10.826600074768066,0
2026-05-07 10:55:00+00:00,10.82798957824707,10.828700065612793,10.826569557189941,10.827500343322754,0
2026-05-07 10:56:00+00:00,10.828539848327637,10.829400062561035,10.827300071716309,10.827300071716309,0
2026-05-07 10:57:00+00:00,10.82886028289795,10.829500198364258,10.827690124511719,10.828510284423828,0
2026-05-07 10:58:00+00:00,10.828359603881836,10.829299926757812,10.828200340270996,10.828359603881836,0
2026-05-07 10:59:00+00:00,10.827560424804688,10.82865047454834,10.826569557189941,10.828559875488281,0
2026-05-07 11:00:00+00:00,10.828300476074219,10.828929901123047,10.82645034790039,10.827659606933594,0
2026-05-07 11:01:00+00:00,10.828519821166992,10.829620361328125,10.82765007019043,10.828300476074219,0
2026-05-07 11:02:00+00:00,10.82824993133545,10.82919979095459,10.827449798583984,10.828869819641113,0
2026-05-07 11:03:00+00:00,10.828510284423828,10.82919979095459,10.827380180358887,10.828280448913574,0
2026-05-07 11:04:00+00:00,10.828900337219238,10.829859733581543,10.82759952545166,10.828880310058594,0
2026-05-07 11:05:00+00:00,10.828060150146484,10.829360008239746,10.827179908752441,10.828869819641113,0
2026-05-07 11:06:00+00:00,10.827540397644043,10.828700065612793,10.827230453491211,10.82765007019043,0
2026-05-07 11:07:00+00:00,10.828300476074219,10.828399658203125,10.826569557189941,10.82804012298584,0
2026-05-07 11:08:00+00:00,10.82721996307373,10.828909873962402,10.827150344848633,10.82802963256836,0
2026-05-07 11:09:00+00:00,10.827360153198242,10.82859992980957,10.826120376586914,10.827199935913086,0
2026-05-07 11:10:00+00:00,10.827549934387207,10.829520225524902,10.827179908752441,10.827360153198242,0
2026-05-07 11:11:00+00:00,10.828129768371582,10.829000473022461,10.827130317687988,10.827549934387207,0
2026-05-07 11:12:00+00:00,10.828740119934082,10.829460144042969,10.827790260314941,10.828160285949707,0
2026-05-07 11:13:00+00:00,10.828669548034668,10.829500198364258,10.827520370483398,10.82880973815918,0
2026-05-07 11:14:00+00:00,10.828510284423828,10.82960033416748,10.828359603881836,10.828729629516602,0
2026-05-07 11:15:00+00:00,10.827930450439453,10.82919979095459,10.827420234680176,10.828630447387695,0
2026-05-07 11:16:00+00:00,10.8264799118042,10.829000473022461,10.826149940490723,10.827930450439453,0
2026-05-07 11:17:00+00:00,10.82837963104248,10.830300331115723,10.826250076293945,10.82742977142334,0
2026-05-07 11:18:00+00:00,10.827899932861328,10.829620361328125,10.827369689941406,10.82837963104248,0
2026-05-07 11:19:00+00:00,10.82588005065918,10.829000473022461,10.82526969909668,10.827899932861328,0
2026-05-07 11:20:00+00:00,10.825779914855957,10.82759952545166,10.824799537658691,10.826470375061035,0
2026-05-07 11:21:00+00:00,10.826089859008789,10.827899932861328,10.824689865112305,10.825779914855957,0
2026-05-07 11:22:00+00:00,10.826390266418457,10.827899932861328,10.826089859008789,10.827099800109863,0
2026-05-07 11:23:00+00:00,10.827019691467285,10.827899932861328,10.825409889221191,10.827019691467285,0
2026-05-07 11:24:00+00:00,10.824319839477539,10.827799797058105,10.8233003616333,10.825980186462402,0
2026-05-07 11:25:00+00:00,10.822660446166992,10.825300216674805,10.821999549865723,10.823599815368652,0
2026-05-07 11:26:00+00:00,10.820799827575684,10.8233003616333,10.820090293884277,10.822389602661133,0
2026-05-07 11:27:00+00:00,10.821700096130371,10.822600364685059,10.82073974609375,10.821669578552246,0
2026-05-07 11:28:00+00:00,10.822549819946289,10.82390022277832,10.821700096130371,10.822110176086426,0
2026-05-07 11:29:00+00:00,10.822660446166992,10.823399543762207,10.82172966003418,10.822400093078613,0
2026-05-07 11:30:00+00:00,10.823579788208008,10.82450008392334,10.822019577026367,10.822660446166992,0
2026-05-07 11:31:00+00:00,10.822930335998535,10.824600219726562,10.822790145874023,10.823530197143555,0
2026-05-07 11:32:00+00:00,10.820690155029297,10.823800086975098,10.820079803466797,10.82349967956543,0
2026-05-07 11:33:00+00:00,10.820770263671875,10.821599960327148,10.81956958770752,10.820690155029297,0
2026-05-07 11:34:00+00:00,10.81991958618164,10.822799682617188,10.819680213928223,10.820759773254395,0
2026-05-07 11:35:00+00:00,10.820389747619629,10.820710182189941,10.818659782409668,10.819930076599121,0
2026-05-07 11:36:00+00:00,10.819820404052734,10.821700096130371,10.81935977935791,10.82091999053955,0
2026-05-07 11:37:00+00:00,10.81937026977539,10.821889877319336,10.81881046295166,10.821279525756836,0
2026-05-07 11:38:00+00:00,10.821969985961914,10.82345962524414,10.817910194396973,10.820910453796387,0
2026-05-07 11:39:00+00:00,10.82157039642334,10.822600364685059,10.82017993927002,10.821220397949219,0
2026-05-07 11:40:00+00:00,10.819829940795898,10.822600364685059,10.818440437316895,10.820679664611816,0
2026-05-07 11:41:00+00:00,10.819769859313965,10.821499824523926,10.81898021697998,10.820670127868652,0
2026-05-07 11:42:00+00:00,10.820280075073242,10.821499824523926,10.81935977935791,10.81935977935791,0
2026-05-07 11:43:00+00:00,10.820369720458984,10.821399688720703,10.818739891052246,10.819589614868164,0
2026-05-07 11:44:00+00:00,10.821220397949219,10.822099685668945,10.819549560546875,10.820910453796387,0
2026-05-07 11:45:00+00:00,10.82075023651123,10.822099685668945,10.81956958770752,10.82036018371582,0
2026-05-07 11:46:00+00:00,10.824339866638184,10.824700355529785,10.820549964904785,10.82153034210205,0
2026-05-07 11:47:00+00:00,10.826729774475098,10.826789855957031,10.8226900100708,10.82367992401123,0
2026-05-07 11:48:00+00:00,10.826359748840332,10.827159881591797,10.82450008392334,10.826399803161621,0
2026-05-07 11:49:00+00:00,10.828169822692871,10.828399658203125,10.825759887695312,10.826800346374512,0
2026-05-07 11:50:00+00:00,10.82748031616211,10.82859992980957,10.826580047607422,10.827730178833008,0
2026-05-07 11:51:00+00:00,10.82509994506836,10.828499794006348,10.824780464172363,10.82748031616211,0
2026-05-07 11:52:00+00:00,10.823619842529297,10.825400352478027,10.823369979858398,10.82489013671875,0
2026-05-07 11:53:00+00:00,10.824359893798828,10.825300216674805,10.822500228881836,10.823539733886719,0
2026-05-07 11:54:00+00:00,10.82472038269043,10.825599670410156,10.824310302734375,10.824359893798828,0
2026-05-07 11:55:00+00:00,10.822110176086426,10.825300216674805,10.821020126342773,10.82483959197998,0
2026-05-07 11:56:00+00:00,10.823710441589355,10.824760437011719,10.820579528808594,10.8233003616333,0
2026-05-07 11:57:00+00:00,10.821510314941406,10.824000358581543,10.821459770202637,10.823710441589355,0
2026-05-07 11:58:00+00:00,10.82096004486084,10.823570251464844,10.819600105285645,10.8220796585083,0
2026-05-07 11:59:00+00:00,10.820710182189941,10.821900367736816,10.81919002532959,10.819689750671387,0
2026-05-07 12:00:00+00:00,10.819840431213379,10.822239875793457,10.81840991973877,10.820079803466797,0
2026-05-07 12:01:00+00:00,10.82332992553711,10.823820114135742,10.81799030303955,10.819029808044434,0
2026-05-07 12:02:00+00:00,10.824469566345215,10.825989723205566,10.821499824523926,10.822540283203125,0
2026-05-07 12:03:00+00:00,10.822400093078613,10.826399803161621,10.821020126342773,10.826020240783691,0
2026-05-07 12:04:00+00:00,10.822139739990234,10.822699546813965,10.819899559020996,10.822179794311523,0
2026-05-07 12:05:00+00:00,10.823080062866211,10.824410438537598,10.819999694824219,10.820560455322266,0
2026-05-07 12:06:00+00:00,10.822830200195312,10.824379920959473,10.821499824523926,10.822380065917969,0
2026-05-07 12:07:00+00:00,10.823349952697754,10.824700355529785,10.821599960327148,10.823960304260254,0
2026-05-07 12:08:00+00:00,10.824790000915527,10.826600074768066,10.821999549865723,10.82217025756836,0
2026-05-07 12:09:00+00:00,10.823989868164062,10.826800346374512,10.822970390319824,10.826569557189941,0
2026-05-07 12:10:00+00:00,10.821260452270508,10.824000358581543,10.817330360412598,10.824000358581543,0
2026-05-07 12:11:00+00:00,10.820480346679688,10.823280334472656,10.819499969482422,10.821209907531738,0
2026-05-07 12:12:00+00:00,10.821430206298828,10.822500228881836,10.819499969482422,10.819620132446289,0
2026-05-07 12:13:00+00:00,10.82040023803711,10.822409629821777,10.819339752197266,10.820560455322266,0
2026-05-07 12:14:00+00:00,10.82075023651123,10.823169708251953,10.820420265197754,10.822050094604492,0
2026-05-07 12:15:00+00:00,10.823260307312012,10.824299812316895,10.820240020751953,10.820839881896973,0
2026-05-07 12:16:00+00:00,10.819769859313965,10.824020385742188,10.8191499710083,10.823260307312012,0
2026-05-07 12:17:00+00:00,10.820119857788086,10.821249961853027,10.818869590759277,10.820639610290527,0
2026-05-07 12:18:00+00:00,10.820759773254395,10.821410179138184,10.819319725036621,10.820119857788086,0
2026-05-07 12:19:00+00:00,10.81879997253418,10.822480201721191,10.818719863891602,10.821120262145996,0
2026-05-07 12:20:00+00:00,10.817709922790527,10.820549964904785,10.815999984741211,10.8197603225708,0
2026-05-07 12:21:00+00:00,10.818479537963867,10.819899559020996,10.817339897155762,10.817729949951172,0
2026-05-07 12:22:00+00:00,10.820699691772461,10.821060180664062,10.817700386047363,10.817749977111816,0
2026-05-07 12:23:00+00:00,10.818010330200195,10.821900367736816,10.817770004272461,10.819899559020996,0
2026-05-07 12:24:00+00:00,10.818289756774902,10.820719718933105,10.817700386047363,10.817700386047363,0
2026-05-07 12:25:00+00:00,10.817119598388672,10.819700241088867,10.817119598388672,10.81857967376709,0
2026-05-07 12:26:00+00:00,10.81879997253418,10.820719718933105,10.816900253295898,10.817119598388672,0
2026-05-07 12:27:00+00:00,10.81842041015625,10.820890426635742,10.818010330200195,10.81879997253418,0
2026-05-07 12:28:00+00:00,10.822380065917969,10.822680473327637,10.81842041015625,10.820940017700195,0
2026-05-07 12:29:00+00:00,10.81917953491211,10.822680473327637,10.816370010375977,10.822629928588867,0
2026-05-07 12:30:00+00:00,10.821089744567871,10.824359893798828,10.817110061645508,10.819299697875977,0
2026-05-07 12:31:00+00:00,10.81997013092041,10.824399948120117,10.81997013092041,10.82116985321045,0
2026-05-07 12:32:00+00:00,10.821649551391602,10.823800086975098,10.81997013092041,10.81997013092041,0
2026-05-07 12:33:00+00:00,10.820500373840332,10.825149536132812,10.81991958618164,10.821649551391602,0
2026-05-07 12:34:00+00:00,10.819609642028809,10.82334041595459,10.819600105285645,10.820500373840332,0
2026-05-07 12:35:00+00:00,10.821459770202637,10.822199821472168,10.818699836730957,10.821260452270508,0
2026-05-07 12:36:00+00:00,10.820899963378906,10.82211971282959,10.819700241088867,10.820199966430664,0
2026-05-07 12:37:00+00:00,10.820300102233887,10.823599815368652,10.820249557495117,10.820799827575684,0
2026-05-07 12:38:00+00:00,10.817399978637695,10.82172966003418,10.817399978637695,10.82172966003418,0
2026-05-07 12:39:00+00:00,10.817660331726074,10.81879997253418,10.816439628601074,10.818099975585938,0
2026-05-07 12:40:00+00:00,10.817299842834473,10.819899559020996,10.817299842834473,10.817660331726074,0
2026-05-07 12:41:00+00:00,10.817700386047363,10.819100379943848,10.817119598388672,10.817299842834473,0
2026-05-07 12:42:00+00:00,10.818300247192383,10.81937026977539,10.817299842834473,10.817700386047363,0
2026-05-07 12:43:00+00:00,10.81935977935791,10.820560455322266,10.818070411682129,10.819089889526367,0
2026-05-07 12:44:00+00:00,10.82052993774414,10.820759773254395,10.818739891052246,10.819450378417969,0
2026-05-07 12:45:00+00:00,10.821359634399414,10.822099685668945,10.819279670715332,10.82052993774414,0
2026-05-07 12:46:00+00:00,10.821920394897461,10.823060035705566,10.820599555969238,10.821359634399414,0
2026-05-07 12:47:00+00:00,10.823650360107422,10.82468032836914,10.82155990600586,10.822019577026367,0
2026-05-07 12:48:00+00:00,10.823789596557617,10.825119972229004,10.82217025756836,10.822799682617188,0
2026-05-07 12:49:00+00:00,10.822680473327637,10.825119972229004,10.822270393371582,10.823840141296387,0
2026-05-07 12:50:00+00:00,10.822830200195312,10.824390411376953,10.820249557495117,10.822600364685059,0
2026-05-07 12:51:00+00:00,10.822449684143066,10.823860168457031,10.821720123291016,10.822529792785645,0
2026-05-07 12:52:00+00:00,10.821490287780762,10.8229398727417,10.821080207824707,10.822509765625,0
2026-05-07 12:53:00+00:00,10.821660041809082,10.822500228881836,10.81980037689209,10.82155990600586,0
2026-05-07 12:54:00+00:00,10.822699546813965,10.82411003112793,10.820630073547363,10.820630073547363,0
2026-05-07 12:55:00+00:00,10.823760032653809,10.82450008392334,10.821849822998047,10.822990417480469,0
2026-05-07 12:56:00+00:00,10.82483959197998,10.825799942016602,10.823100090026855,10.823980331420898,0
2026-05-07 12:57:00+00:00,10.823800086975098,10.827710151672363,10.823399543762207,10.825160026550293,0
2026-05-07 12:58:00+00:00,10.823699951171875,10.825499534606934,10.823369979858398,10.823800086975098,0
2026-05-07 12:59:00+00:00,10.824769973754883,10.825240135192871,10.822360038757324,10.823699951171875,0
2026-05-07 13:00:00+00:00,10.825300216674805,10.827799797058105,10.82411003112793,10.824769973754883,0
2026-05-07 13:01:00+00:00,10.827619552612305,10.828800201416016,10.824760437011719,10.826410293579102,0
2026-05-07 13:02:00+00:00,10.827019691467285,10.828789710998535,10.825980186462402,10.827630043029785,0
2026-05-07 13:03:00+00:00,10.826359748840332,10.828499794006348,10.825400352478027,10.82686996459961,0
2026-05-07 13:04:00+00:00,10.826359748840332,10.828370094299316,10.826199531555176,10.82666015625,0
2026-05-07 13:05:00+00:00,10.826530456542969,10.827489852905273,10.824899673461914,10.82627010345459,0
2026-05-07 13:06:00+00:00,10.826720237731934,10.828760147094727,10.825510025024414,10.826530456542969,0
2026-05-07 13:07:00+00:00,10.827619552612305,10.830309867858887,10.826140403747559,10.826720237731934,0
2026-05-07 13:08:00+00:00,10.828519821166992,10.830340385437012,10.827500343322754,10.827630043029785,0
2026-05-07 13:09:00+00:00,10.830060005187988,10.830670356750488,10.828280448913574,10.828550338745117,0
2026-05-07 13:10:00+00:00,10.828300476074219,10.830639839172363,10.82800006866455,10.829150199890137,0
2026-05-07 13:11:00+00:00,10.827949523925781,10.830100059509277,10.82759952545166,10.828350067138672,0
2026-05-07 13:12:00+00:00,10.827360153198242,10.829070091247559,10.827170372009277,10.828740119934082,0
2026-05-07 13:13:00+00:00,10.827710151672363,10.829039573669434,10.826299667358398,10.827360153198242,0
2026-05-07 13:14:00+00:00,10.827879905700684,10.82919979095459,10.82742977142334,10.827719688415527,0
2026-05-07 13:15:00+00:00,10.827949523925781,10.829000473022461,10.826899528503418,10.82781982421875,0
2026-05-07 13:16:00+00:00,10.827919960021973,10.829139709472656,10.827580451965332,10.82798957824707,0
2026-05-07 13:17:00+00:00,10.82721996307373,10.828689575195312,10.826250076293945,10.827899932861328,0
2026-05-07 13:18:00+00:00,10.825460433959961,10.82841968536377,10.825249671936035,10.826959609985352,0
2026-05-07 13:19:00+00:00,10.823960304260254,10.826499938964844,10.82349967956543,10.825460433959961,0
2026-05-07 13:20:00+00:00,10.82446002960205,10.826149940490723,10.82390022277832,10.823960304260254,0
2026-05-07 13:21:00+00:00,10.823909759521484,10.826510429382324,10.82211971282959,10.82446002960205,0
2026-05-07 13:22:00+00:00,10.82390022277832,10.825400352478027,10.82349967956543,10.823789596557617,0
2026-05-07 13:23:00+00:00,10.825169563293457,10.826899528503418,10.82390022277832,10.82390022277832,0
2026-05-07 13:24:00+00:00,10.824970245361328,10.82705020904541,10.824370384216309,10.824899673461914,0
2026-05-07 13:25:00+00:00,10.825090408325195,10.826499938964844,10.824029922485352,10.824959754943848,0
2026-05-07 13:26:00+00:00,10.824480056762695,10.825400352478027,10.823249816894531,10.824379920959473,0
2026-05-07 13:27:00+00:00,10.823369979858398,10.824899673461914,10.822750091552734,10.823960304260254,0
2026-05-07 13:28:00+00:00,10.82289981842041,10.824899673461914,10.82289981842041,10.823010444641113,0
2026-05-07 13:29:00+00:00,10.823519706726074,10.824700355529785,10.822640419006348,10.823490142822266,0
2026-05-07 13:30:00+00:00,10.825790405273438,10.827190399169922,10.823599815368652,10.823619842529297,0
2026-05-07 13:31:00+00:00,10.827099800109863,10.828089714050293,10.825289726257324,10.826560020446777,0
2026-05-07 13:32:00+00:00,10.825730323791504,10.828740119934082,10.825469970703125,10.827980041503906,0
2026-05-07 13:33:00+00:00,10.827859878540039,10.82804012298584,10.825570106506348,10.825730323791504,0
2026-05-07 13:34:00+00:00,10.826919555664062,10.828709602355957,10.826390266418457,10.827619552612305,0
2026-05-07 13:35:00+00:00,10.829609870910645,10.829609870910645,10.826800346374512,10.826939582824707,0
2026-05-07 13:36:00+00:00,10.829139709472656,10.830400466918945,10.828109741210938,10.828390121459961,0
2026-05-07 13:37:00+00:00,10.827289581298828,10.8302001953125,10.826199531555176,10.829290390014648,0
2026-05-07 13:38:00+00:00,10.82798957824707,10.829299926757812,10.826499938964844,10.827469825744629,0
2026-05-07 13:39:00+00:00,10.828789710998535,10.830430030822754,10.826729774475098,10.827859878540039,0
2026-05-07 13:40:00+00:00,10.827799797058105,10.82960033416748,10.827569961547852,10.829059600830078,0
2026-05-07 13:41:00+00:00,10.828390121459961,10.82975959777832,10.826919555664062,10.828280448913574,0
2026-05-07 13:42:00+00:00,10.828109741210938,10.829700469970703,10.827119827270508,10.829500198364258,0
2026-05-07 13:43:00+00:00,10.828060150146484,10.829500198364258,10.82699966430664,10.828720092773438,0
2026-05-07 13:44:00+00:00,10.827119827270508,10.828700065612793,10.826970100402832,10.827790260314941,0
2026-05-07 13:45:00+00:00,10.82880973815918,10.82938003540039,10.825849533081055,10.827019691467285,0
2026-05-07 13:46:00+00:00,10.827949523925781,10.829259872436523,10.827119827270508,10.828760147094727,0
2026-05-07 13:47:00+00:00,10.830300331115723,10.831480026245117,10.826910018920898,10.828009605407715,0
2026-05-07 13:48:00+00:00,10.82800006866455,10.830679893493652,10.827899932861328,10.830300331115723,0
2026-05-07 13:49:00+00:00,10.830340385437012,10.831700325012207,10.82800006866455,10.828519821166992,0
2026-05-07 13:50:00+00:00,10.829150199890137,10.831399917602539,10.829019546508789,10.830880165100098,0
2026-05-07 13:51:00+00:00,10.832929611206055,10.83530044555664,10.828669548034668,10.829130172729492,0
2026-05-07 13:52:00+00:00,10.833060264587402,10.833760261535645,10.832340240478516,10.832940101623535,0
2026-05-07 13:53:00+00:00,10.832929611206055,10.834600448608398,10.832200050354004,10.833450317382812,0
2026-05-07 13:54:00+00:00,10.832810401916504,10.835040092468262,10.832300186157227,10.832929611206055,0
2026-05-07 13:55:00+00:00,10.83135986328125,10.833600044250488,10.829970359802246,10.83335018157959,0
2026-05-07 13:56:00+00:00,10.832249641418457,10.83329963684082,10.83135986328125,10.83180046081543,0
2026-05-07 13:57:00+00:00,10.833800315856934,10.834090232849121,10.831669807434082,10.832500457763672,0
2026-05-07 13:58:00+00:00,10.834970474243164,10.835129737854004,10.833609580993652,10.834090232849121,0
2026-05-07 13:59:00+00:00,10.835709571838379,10.836170196533203,10.833959579467773,10.834549903869629,0
2026-05-07 14:00:00+00:00,10.836039543151855,10.836569786071777,10.83450984954834,10.835709571838379,0
2026-05-07 14:01:00+00:00,10.836339950561523,10.836600303649902,10.834329605102539,10.836039543151855,0
2026-05-07 14:02:00+00:00,10.836440086364746,10.838279724121094,10.835650444030762,10.836270332336426,0
2026-05-07 14:03:00+00:00,10.835820198059082,10.837050437927246,10.835370063781738,10.83588981628418,0
2026-05-07 14:04:00+00:00,10.838470458984375,10.839139938354492,10.835729598999023,10.835809707641602,0
2026-05-07 14:05:00+00:00,10.841440200805664,10.841440200805664,10.837630271911621,10.838370323181152,0
2026-05-07 14:06:00+00:00,10.841500282287598,10.843350410461426,10.839090347290039,10.840559959411621,0
2026-05-07 14:07:00+00:00,10.84043025970459,10.843270301818848,10.840020179748535,10.841500282287598,0
2026-05-07 14:08:00+00:00,10.841930389404297,10.842499732971191,10.840399742126465,10.841329574584961,0
2026-05-07 14:09:00+00:00,10.84175968170166,10.84280014038086,10.840459823608398,10.842020034790039,0
2026-05-07 14:10:00+00:00,10.841509819030762,10.842599868774414,10.84136962890625,10.842249870300293,0
2026-05-07 14:11:00+00:00,10.839929580688477,10.84220027923584,10.839529991149902,10.84136962890625,0
2026-05-07 14:12:00+00:00,10.839360237121582,10.841270446777344,10.83887004852295,10.840789794921875,0
2026-05-07 14:13:00+00:00,10.839469909667969,10.840959548950195,10.838319778442383,10.839360237121582,0
2026-05-07 14:14:00+00:00,10.839159965515137,10.840299606323242,10.838390350341797,10.839799880981445,0
2026-05-07 14:15:00+00:00,10.842399597167969,10.842399597167969,10.83804988861084,10.839340209960938,0
2026-05-07 14:16:00+00:00,10.84179973602295,10.843990325927734,10.840649604797363,10.843159675598145,0
2026-05-07 14:17:00+00:00,10.841540336608887,10.84276008605957,10.84043025970459,10.841750144958496,0
2026-05-07 14:18:00+00:00,10.841500282287598,10.842399597167969,10.840479850769043,10.841300010681152,0
2026-05-07 14:19:00+00:00,10.84319019317627,10.843740463256836,10.841170310974121,10.841670036315918,0
2026-05-07 14:20:00+00:00,10.842780113220215,10.843879699707031,10.842220306396484,10.842889785766602,0
2026-05-07 14:21:00+00:00,10.841910362243652,10.843050003051758,10.840970039367676,10.842729568481445,0
2026-05-07 14:22:00+00:00,10.842430114746094,10.842900276184082,10.841520309448242,10.841910362243652,0
2026-05-07 14:23:00+00:00,10.842120170593262,10.843270301818848,10.841540336608887,10.842399597167969,0
2026-05-07 14:24:00+00:00,10.841830253601074,10.84274959564209,10.840970039367676,10.842080116271973,0
2026-05-07 14:25:00+00:00,10.841219902038574,10.84220027923584,10.8406400680542,10.841730117797852,0
2026-05-07 14:26:00+00:00,10.840290069580078,10.841670036315918,10.839269638061523,10.841219902038574,0
2026-05-07 14:27:00+00:00,10.840499877929688,10.840499877929688,10.838239669799805,10.840169906616211,0
2026-05-07 14:28:00+00:00,10.839489936828613,10.840700149536133,10.839130401611328,10.840399742126465,0
2026-05-07 14:29:00+00:00,10.839229583740234,10.840200424194336,10.838890075683594,10.839579582214355,0
2026-05-07 14:30:00+00:00,10.837220191955566,10.839599609375,10.836009979248047,10.839269638061523,0
2026-05-07 14:31:00+00:00,10.83821964263916,10.839320182800293,10.835379600524902,10.8371000289917,0
2026-05-07 14:32:00+00:00,10.837140083312988,10.838509559631348,10.834329605102539,10.837929725646973,0
2026-05-07 14:33:00+00:00,10.83530044555664,10.837240219116211,10.832889556884766,10.837160110473633,0
2026-05-07 14:34:00+00:00,10.835700035095215,10.837809562683105,10.834580421447754,10.835339546203613,0
2026-05-07 14:35:00+00:00,10.836030006408691,10.837420463562012,10.835339546203613,10.835700035095215,0
2026-05-07 14:36:00+00:00,10.837120056152344,10.83761978149414,10.835559844970703,10.8360595703125,0
2026-05-07 14:37:00+00:00,10.836370468139648,10.837320327758789,10.834699630737305,10.837209701538086,0
2026-05-07 14:38:00+00:00,10.836000442504883,10.836899757385254,10.835659980773926,10.836339950561523,0
2026-05-07 14:39:00+00:00,10.83533000946045,10.836150169372559,10.834090232849121,10.835700035095215,0
2026-05-07 14:40:00+00:00,10.834540367126465,10.83590030670166,10.83450984954834,10.83533000946045,0
2026-05-07 14:41:00+00:00,10.835029602050781,10.835200309753418,10.833669662475586,10.835049629211426,0
2026-05-07 14:42:00+00:00,10.83450984954834,10.835029602050781,10.833109855651855,10.834529876708984,0
2026-05-07 14:43:00+00:00,10.834429740905762,10.834799766540527,10.833279609680176,10.834369659423828,0
2026-05-07 14:44:00+00:00,10.834750175476074,10.835049629211426,10.833760261535645,10.834440231323242,0
2026-05-07 14:45:00+00:00,10.835129737854004,10.83590030670166,10.833990097045898,10.834970474243164,0
2026-05-07 14:46:00+00:00,10.833379745483398,10.835800170898438,10.832869529724121,10.835280418395996,0
2026-05-07 14:47:00+00:00,10.831509590148926,10.833600044250488,10.831199645996094,10.833279609680176,0
2026-05-07 14:48:00+00:00,10.833000183105469,10.834320068359375,10.831119537353516,10.831520080566406,0
2026-05-07 14:49:00+00:00,10.832650184631348,10.833499908447266,10.831609725952148,10.832599639892578,0
2026-05-07 14:50:00+00:00,10.833709716796875,10.834549903869629,10.832289695739746,10.832799911499023,0
2026-05-07 14:51:00+00:00,10.836660385131836,10.83749008178711,10.833390235900879,10.83434009552002,0
2026-05-07 14:52:00+00:00,10.83722972869873,10.838339805603027,10.836339950561523,10.837089538574219,0
2026-05-07 14:53:00+00:00,10.834639549255371,10.837650299072266,10.833259582519531,10.837369918823242,0
2026-05-07 14:54:00+00:00,10.833800315856934,10.835490226745605,10.833550453186035,10.83390998840332,0
2026-05-07 14:55:00+00:00,10.831890106201172,10.83413028717041,10.831459999084473,10.833800315856934,0
2026-05-07 14:56:00+00:00,10.83230972290039,10.832799911499023,10.83178997039795,10.832220077514648,0
2026-05-07 14:57:00+00:00,10.83275032043457,10.833399772644043,10.829509735107422,10.831990242004395,0
2026-05-07 14:58:00+00:00,10.831350326538086,10.833539962768555,10.83098030090332,10.83257007598877,0
2026-05-07 14:59:00+00:00,10.832880020141602,10.833959579467773,10.829919815063477,10.831390380859375,0
2026-05-07 15:00:00+00:00,10.833829879760742,10.834799766540527,10.83257007598877,10.833279609680176,0
2026-05-07 15:01:00+00:00,10.833359718322754,10.834600448608398,10.832610130310059,10.834050178527832,0
2026-05-07 15:02:00+00:00,10.834030151367188,10.834600448608398,10.832200050354004,10.833359718322754,0
2026-05-07 15:03:00+00:00,10.834670066833496,10.834799766540527,10.832280158996582,10.834210395812988,0
2026-05-07 15:04:00+00:00,10.835240364074707,10.836170196533203,10.833200454711914,10.834230422973633,0
2026-05-07 15:05:00+00:00,10.836819648742676,10.836930274963379,10.834250450134277,10.834630012512207,0
2026-05-07 15:06:00+00:00,10.83568000793457,10.836939811706543,10.83491039276123,10.836819648742676,0
2026-05-07 15:07:00+00:00,10.83806037902832,10.838640213012695,10.834620475769043,10.835740089416504,0
2026-05-07 15:08:00+00:00,10.836910247802734,10.838600158691406,10.835869789123535,10.837849617004395,0
2026-05-07 15:09:00+00:00,10.83745002746582,10.838500022888184,10.835860252380371,10.836859703063965,0
2026-05-07 15:10:00+00:00,10.838700294494629,10.839019775390625,10.836700439453125,10.837820053100586,0
2026-05-07 15:11:00+00:00,10.837889671325684,10.838899612426758,10.836709976196289,10.838640213012695,0
2026-05-07 15:12:00+00:00,10.838310241699219,10.839340209960938,10.837530136108398,10.837849617004395,0
2026-05-07 15:13:00+00:00,10.838700294494629,10.839200019836426,10.837249755859375,10.837530136108398,0
2026-05-07 15:14:00+00:00,10.839090347290039,10.839300155639648,10.83745002746582,10.83899974822998,0
2026-05-07 15:15:00+00:00,10.840570449829102,10.84158992767334,10.837860107421875,10.839280128479004,0
2026-05-07 15:16:00+00:00,10.839070320129395,10.841170310974121,10.83887004852295,10.840700149536133,0
2026-05-07 15:17:00+00:00,10.836649894714355,10.839460372924805,10.836170196533203,10.839070320129395,0
2026-05-07 15:18:00+00:00,10.837409973144531,10.838399887084961,10.83646011352539,10.836649894714355,0
2026-05-07 15:19:00+00:00,10.838839530944824,10.839300155639648,10.836970329284668,10.83726978302002,0
2026-05-07 15:20:00+00:00,10.838479995727539,10.83920955657959,10.837030410766602,10.83864974975586,0
2026-05-07 15:21:00+00:00,10.838529586791992,10.839599609375,10.837089538574219,10.838489532470703,0
2026-05-07 15:22:00+00:00,10.839159965515137,10.840200424194336,10.838390350341797,10.838529586791992,0
2026-05-07 15:23:00+00:00,10.838769912719727,10.840200424194336,10.837550163269043,10.839139938354492,0
2026-05-07 15:24:00+00:00,10.842249870300293,10.845000267028809,10.838419914245605,10.838680267333984,0
2026-05-07 15:25:00+00:00,10.840370178222656,10.842309951782227,10.83942985534668,10.841970443725586,0
2026-05-07 15:26:00+00:00,10.843629837036133,10.845259666442871,10.840270042419434,10.840900421142578,0
2026-05-07 15:27:00+00:00,10.843770027160645,10.846639633178711,10.842000007629395,10.842399597167969,0
2026-05-07 15:28:00+00:00,10.843589782714844,10.846699714660645,10.843560218811035,10.843770027160645,0
2026-05-07 15:29:00+00:00,10.846400260925293,10.847530364990234,10.843500137329102,10.844559669494629,0
2026-05-07 15:30:00+00:00,10.846360206604004,10.847610473632812,10.845450401306152,10.847260475158691,0
2026-05-07 15:31:00+00:00,10.844249725341797,10.847000122070312,10.844249725341797,10.846320152282715,0
2026-05-07 15:32:00+00:00,10.8441801071167,10.846199989318848,10.844030380249023,10.844440460205078,0
2026-05-07 15:33:00+00:00,10.840080261230469,10.845529556274414,10.840020179748535,10.845529556274414,0
2026-05-07 15:34:00+00:00,10.838419914245605,10.840860366821289,10.83726978302002,10.840860366821289,0
2026-05-07 15:35:00+00:00,10.83938980102539,10.840869903564453,10.837929725646973,10.837980270385742,0
2026-05-07 15:36:00+00:00,10.841150283813477,10.842399597167969,10.838700294494629,10.83938980102539,0
2026-05-07 15:37:00+00:00,10.8406400680542,10.84280014038086,10.840410232543945,10.841659545898438,0
2026-05-07 15:38:00+00:00,10.840539932250977,10.842399597167969,10.83948040008545,10.840700149536133,0
2026-05-07 15:39:00+00:00,10.84179973602295,10.843400001525879,10.840439796447754,10.840539932250977,0
2026-05-07 15:40:00+00:00,10.842599868774414,10.843600273132324,10.841400146484375,10.842479705810547,0
2026-05-07 15:41:00+00:00,10.842000007629395,10.843299865722656,10.840860366821289,10.842659950256348,0
2026-05-07 15:42:00+00:00,10.83942985534668,10.843700408935547,10.839240074157715,10.842000007629395,0
2026-05-07 15:43:00+00:00,10.841819763183594,10.841819763183594,10.839200019836426,10.839300155639648,0
2026-05-07 15:44:00+00:00,10.842900276184082,10.844799995422363,10.83998966217041,10.84076976776123,0
2026-05-07 15:45:00+00:00,10.843549728393555,10.84529972076416,10.842639923095703,10.843059539794922,0
2026-05-07 15:46:00+00:00,10.843839645385742,10.845600128173828,10.8433198928833,10.843549728393555,0
2026-05-07 15:47:00+00:00,10.844300270080566,10.845800399780273,10.843299865722656,10.843609809875488,0
2026-05-07 15:48:00+00:00,10.845000267028809,10.84570026397705,10.844030380249023,10.844409942626953,0
2026-05-07 15:49:00+00:00,10.84611988067627,10.846799850463867,10.844099998474121,10.844429969787598,0
2026-05-07 15:50:00+00:00,10.845999717712402,10.847999572753906,10.84529972076416,10.84529972076416,0
2026-05-07 15:51:00+00:00,10.845820426940918,10.847800254821777,10.845470428466797,10.845999717712402,0
2026-05-07 15:52:00+00:00,10.846500396728516,10.847900390625,10.845569610595703,10.845820426940918,0
2026-05-07 15:53:00+00:00,10.847399711608887,10.848600387573242,10.846220016479492,10.846670150756836,0
2026-05-07 15:54:00+00:00,10.844659805297852,10.848389625549316,10.844260215759277,10.847399711608887,0
2026-05-07 15:55:00+00:00,10.848400115966797,10.849699974060059,10.844470024108887,10.84512996673584,0
2026-05-07 15:56:00+00:00,10.848170280456543,10.849800109863281,10.848170280456543,10.848699569702148,0
2026-05-07 15:57:00+00:00,10.85116958618164,10.851460456848145,10.846599578857422,10.848299980163574,0
2026-05-07 15:58:00+00:00,10.852359771728516,10.853309631347656,10.850299835205078,10.850700378417969,0
2026-05-07 15:59:00+00:00,10.851320266723633,10.853400230407715,10.850890159606934,10.852359771728516,0
2026-05-07 16:00:00+00:00,10.852359771728516,10.854000091552734,10.85122013092041,10.851590156555176,0
2026-05-07 16:01:00+00:00,10.852359771728516,10.853500366210938,10.851280212402344,10.852219581604004,0
2026-05-07 16:02:00+00:00,10.851479530334473,10.85319995880127,10.85142993927002,10.852359771728516,0
2026-05-07 16:03:00+00:00,10.85204029083252,10.852700233459473,10.85027027130127,10.851479530334473,0
2026-05-07 16:04:00+00:00,10.852290153503418,10.852999687194824,10.85142993927002,10.85142993927002,0
2026-05-07 16:05:00+00:00,10.855250358581543,10.856499671936035,10.851920127868652,10.851920127868652,0
2026-05-07 16:06:00+00:00,10.854649543762207,10.856200218200684,10.854649543762207,10.855299949645996,0
2026-05-07 16:07:00+00:00,10.854240417480469,10.856399536132812,10.853480339050293,10.85591983795166,0
2026-05-07 16:08:00+00:00,10.854180335998535,10.855600357055664,10.853899955749512,10.853899955749512,0
2026-05-07 16:09:00+00:00,10.854849815368652,10.855600357055664,10.853130340576172,10.854089736938477,0
2026-05-07 16:10:00+00:00,10.854599952697754,10.855600357055664,10.85354995727539,10.854849815368652,0
2026-05-07 16:11:00+00:00,10.854240417480469,10.855999946594238,10.853650093078613,10.854599952697754,0
2026-05-07 16:12:00+00:00,10.855429649353027,10.856100082397461,10.853560447692871,10.854240417480469,0
2026-05-07 16:13:00+00:00,10.856120109558105,10.857199668884277,10.854649543762207,10.854720115661621,0
2026-05-07 16:14:00+00:00,10.85515022277832,10.856809616088867,10.854780197143555,10.855230331420898,0
2026-05-07 16:15:00+00:00,10.856659889221191,10.85731029510498,10.855030059814453,10.855500221252441,0
2026-05-07 16:16:00+00:00,10.855119705200195,10.857399940490723,10.854949951171875,10.856539726257324,0
2026-05-07 16:17:00+00:00,10.854900360107422,10.855799674987793,10.854180335998535,10.855310440063477,0
2026-05-07 16:18:00+00:00,10.854909896850586,10.85569953918457,10.854680061340332,10.85509967803955,0
2026-05-07 16:19:00+00:00,10.854610443115234,10.855799674987793,10.853699684143066,10.854860305786133,0
2026-05-07 16:20:00+00:00,10.8545503616333,10.855899810791016,10.854180335998535,10.85496997833252,0
2026-05-07 16:21:00+00:00,10.856180191040039,10.857199668884277,10.854419708251953,10.854559898376465,0
2026-05-07 16:22:00+00:00,10.855850219726562,10.857500076293945,10.855039596557617,10.855770111083984,0
2026-05-07 16:23:00+00:00,10.855779647827148,10.856599807739258,10.854299545288086,10.855779647827148,0
2026-05-07 16:24:00+00:00,10.856260299682617,10.857500076293945,10.854339599609375,10.854559898376465,0
2026-05-07 16:25:00+00:00,10.855480194091797,10.857339859008789,10.854680061340332,10.8548002243042,0
2026-05-07 16:26:00+00:00,10.855779647827148,10.856630325317383,10.855230331420898,10.855480194091797,0
2026-05-07 16:27:00+00:00,10.855279922485352,10.857000350952148,10.85476016998291,10.855779647827148,0
2026-05-07 16:28:00+00:00,10.854390144348145,10.856599807739258,10.853799819946289,10.855279922485352,0
2026-05-07 16:29:00+00:00,10.854990005493164,10.855999946594238,10.853599548339844,10.854390144348145,0
2026-05-07 16:30:00+00:00,10.8548002243042,10.855609893798828,10.853949546813965,10.855310440063477,0
2026-05-07 16:31:00+00:00,10.8543701171875,10.85569953918457,10.853650093078613,10.8541898727417,0
2026-05-07 16:32:00+00:00,10.85431957244873,10.855500221252441,10.85396957397461,10.855079650878906,0
2026-05-07 16:33:00+00:00,10.854610443115234,10.855500221252441,10.853719711303711,10.854240417480469,0
2026-05-07 16:34:00+00:00,10.854260444641113,10.85509967803955,10.853580474853516,10.854570388793945,0
2026-05-07 16:35:00+00:00,10.853870391845703,10.85509967803955,10.853489875793457,10.854069709777832,0
2026-05-07 16:36:00+00:00,10.854519844055176,10.855600357055664,10.85381031036377,10.85396957397461,0
2026-05-07 16:37:00+00:00,10.854700088500977,10.85569953918457,10.853619575500488,10.854630470275879,0
2026-05-07 16:38:00+00:00,10.855380058288574,10.856100082397461,10.854169845581055,10.854780197143555,0
2026-05-07 16:39:00+00:00,10.85476016998291,10.856100082397461,10.854120254516602,10.855389595031738,0
2026-05-07 16:40:00+00:00,10.854260444641113,10.856200218200684,10.85420036315918,10.854849815368652,0
2026-05-07 16:41:00+00:00,10.85498046875,10.855899810791016,10.854009628295898,10.854269981384277,0
2026-05-07 16:42:00+00:00,10.855489730834961,10.856399536132812,10.854570388793945,10.855050086975098,0
2026-05-07 16:43:00+00:00,10.855569839477539,10.856399536132812,10.85396957397461,10.85554027557373,0
2026-05-07 16:44:00+00:00,10.854570388793945,10.855899810791016,10.854390144348145,10.855830192565918,0
2026-05-07 16:45:00+00:00,10.855230331420898,10.855999946594238,10.853679656982422,10.855170249938965,0
2026-05-07 16:46:00+00:00,10.85534954071045,10.856300354003906,10.8545503616333,10.855230331420898,0
2026-05-07 16:47:00+00:00,10.854909896850586,10.856599807739258,10.854490280151367,10.855810165405273,0
2026-05-07 16:48:00+00:00,10.854729652404785,10.855899810791016,10.854530334472656,10.854909896850586,0
2026-05-07 16:49:00+00:00,10.855039596557617,10.855899810791016,10.854379653930664,10.85496997833252,0
2026-05-07 16:50:00+00:00,10.854619979858398,10.855999946594238,10.854350090026855,10.854990005493164,0
2026-05-07 16:51:00+00:00,10.855059623718262,10.856200218200684,10.853919982910156,10.85435962677002,0
2026-05-07 16:52:00+00:00,10.856249809265137,10.856300354003906,10.85459041595459,10.855110168457031,0
2026-05-07 16:53:00+00:00,10.85558032989502,10.856599807739258,10.854649543762207,10.855640411376953,0
2026-05-07 16:54:00+00:00,10.85492992401123,10.85575008392334,10.853930473327637,10.85558032989502,0
2026-05-07 16:55:00+00:00,10.854829788208008,10.855299949645996,10.852919578552246,10.854960441589355,0
2026-05-07 16:56:00+00:00,10.855119705200195,10.855199813842773,10.854069709777832,10.854880332946777,0
2026-05-07 16:57:00+00:00,10.854310035705566,10.856100082397461,10.853360176086426,10.854180335998535,0
2026-05-07 16:58:00+00:00,10.858699798583984,10.85949993133545,10.854310035705566,10.854310035705566,0
2026-05-07 16:59:00+00:00,10.859109878540039,10.86001968383789,10.857810020446777,10.858400344848633,0
2026-05-07 17:00:00+00:00,10.85890007019043,10.860099792480469,10.857780456542969,10.859109878540039,0
2026-05-07 17:01:00+00:00,10.85863971710205,10.859999656677246,10.857020378112793,10.85890007019043,0
2026-05-07 17:02:00+00:00,10.856900215148926,10.85949993133545,10.856049537658691,10.858960151672363,0
2026-05-07 17:03:00+00:00,10.854640007019043,10.856470108032227,10.853569984436035,10.856389999389648,0
2026-05-07 17:04:00+00:00,10.85453987121582,10.855299949645996,10.854029655456543,10.85476016998291,0
2026-05-07 17:05:00+00:00,10.853460311889648,10.855600357055664,10.853440284729004,10.85453987121582,0
2026-05-07 17:06:00+00:00,10.854519844055176,10.855199813842773,10.853050231933594,10.853460311889648,0
2026-05-07 17:07:00+00:00,10.85359001159668,10.855999946594238,10.85336971282959,10.854479789733887,0
2026-05-07 17:08:00+00:00,10.853500366210938,10.855600357055664,10.853139877319336,10.854269981384277,0
2026-05-07 17:09:00+00:00,10.854479789733887,10.855500221252441,10.85336971282959,10.8545503616333,0
2026-05-07 17:10:00+00:00,10.854860305786133,10.856100082397461,10.854249954223633,10.854619979858398,0
2026-05-07 17:11:00+00:00,10.854630470275879,10.855799674987793,10.85398006439209,10.854860305786133,0
2026-05-07 17:12:00+00:00,10.854920387268066,10.855899810791016,10.854280471801758,10.85492992401123,0
2026-05-07 17:13:00+00:00,10.85498046875,10.855899810791016,10.85420036315918,10.854379653930664,0
2026-05-07 17:14:00+00:00,10.855019569396973,10.855999946594238,10.85416030883789,10.85498046875,0
2026-05-07 17:15:00+00:00,10.854940414428711,10.85569953918457,10.853050231933594,10.854249954223633,0
2026-05-07 17:16:00+00:00,10.854999542236328,10.855799674987793,10.853890419006348,10.854940414428711,0
2026-05-07 17:17:00+00:00,10.854869842529297,10.855899810791016,10.853960037231445,10.854999542236328,0
2026-05-07 17:18:00+00:00,10.85612964630127,10.856510162353516,10.85420036315918,10.855110168457031,0
2026-05-07 17:19:00+00:00,10.85509967803955,10.857099533081055,10.854510307312012,10.854510307312012,0
2026-05-07 17:20:00+00:00,10.856200218200684,10.856900215148926,10.854669570922852,10.85509967803955,0
2026-05-07 17:21:00+00:00,10.855340003967285,10.857000350952148,10.8548002243042,10.855199813842773,0
2026-05-07 17:22:00+00:00,10.854570388793945,10.856399536132812,10.854570388793945,10.855340003967285,0
2026-05-07 17:23:00+00:00,10.855110168457031,10.855799674987793,10.853269577026367,10.855250358581543,0
2026-05-07 17:24:00+00:00,10.854439735412598,10.855999946594238,10.854009628295898,10.855110168457031,0
2026-05-07 17:25:00+00:00,10.856719970703125,10.85735034942627,10.85319995880127,10.854439735412598,0
2026-05-07 17:26:00+00:00,10.86083984375,10.862589836120605,10.855690002441406,10.856470108032227,0
2026-05-07 17:27:00+00:00,10.863300323486328,10.865209579467773,10.85949993133545,10.85949993133545,0
2026-05-07 17:28:00+00:00,10.862099647521973,10.866669654846191,10.862099647521973,10.864270210266113,0
2026-05-07 17:29:00+00:00,10.86359977722168,10.865599632263184,10.861700057983398,10.863860130310059,0
2026-05-07 17:30:00+00:00,10.863100051879883,10.865799903869629,10.863100051879883,10.86359977722168,0
2026-05-07 17:31:00+00:00,10.86240005493164,10.865500450134277,10.86240005493164,10.863100051879883,0
2026-05-07 17:32:00+00:00,10.860779762268066,10.864410400390625,10.860440254211426,10.864410400390625,0
2026-05-07 17:33:00+00:00,10.8645601272583,10.865400314331055,10.860779762268066,10.861900329589844,0
2026-05-07 17:34:00+00:00,10.862890243530273,10.864899635314941,10.861559867858887,10.862640380859375,0
2026-05-07 17:35:00+00:00,10.862130165100098,10.86340045928955,10.861000061035156,10.861689567565918,0
2026-05-07 17:36:00+00:00,10.863100051879883,10.863200187683105,10.861539840698242,10.862130165100098,0
2026-05-07 17:37:00+00:00,10.860770225524902,10.863300323486328,10.86046028137207,10.862759590148926,0
2026-05-07 17:38:00+00:00,10.859800338745117,10.861000061035156,10.859370231628418,10.860580444335938,0
2026-05-07 17:39:00+00:00,10.860039710998535,10.861080169677734,10.859450340270996,10.859800338745117,0
2026-05-07 17:40:00+00:00,10.858949661254883,10.860859870910645,10.85828971862793,10.860039710998535,0
2026-05-07 17:41:00+00:00,10.859000205993652,10.860600471496582,10.85873031616211,10.858949661254883,0
2026-05-07 17:42:00+00:00,10.860230445861816,10.861100196838379,10.859189987182617,10.85923957824707,0
2026-05-07 17:43:00+00:00,10.860309600830078,10.861800193786621,10.860230445861816,10.860230445861816,0
2026-05-07 17:44:00+00:00,10.86050033569336,10.861900329589844,10.860099792480469,10.860309600830078,0
2026-05-07 17:45:00+00:00,10.860600471496582,10.862099647521973,10.85990047454834,10.86050033569336,0
2026-05-07 17:46:00+00:00,10.860600471496582,10.862099647521973,10.860600471496582,10.860600471496582,0
2026-05-07 17:47:00+00:00,10.860329627990723,10.862099647521973,10.860030174255371,10.861499786376953,0
2026-05-07 17:48:00+00:00,10.859999656677246,10.861599922180176,10.859999656677246,10.860269546508789,0
2026-05-07 17:49:00+00:00,10.859999656677246,10.861800193786621,10.859950065612793,10.861000061035156,0
2026-05-07 17:50:00+00:00,10.861300468444824,10.862299919128418,10.859999656677246,10.859999656677246,0
2026-05-07 17:51:00+00:00,10.860600471496582,10.86281967163086,10.86011028289795,10.860639572143555,0
2026-05-07 17:52:00+00:00,10.863909721374512,10.864700317382812,10.860600471496582,10.862239837646484,0
2026-05-07 17:53:00+00:00,10.863619804382324,10.864700317382812,10.862500190734863,10.864310264587402,0
2026-05-07 17:54:00+00:00,10.865030288696289,10.865799903869629,10.863269805908203,10.863619804382324,0
2026-05-07 17:55:00+00:00,10.86594009399414,10.866120338439941,10.86398983001709,10.864720344543457,0
2026-05-07 17:56:00+00:00,10.860879898071289,10.86594009399414,10.860260009765625,10.86594009399414,0
2026-05-07 17:57:00+00:00,10.862420082092285,10.862799644470215,10.86085033416748,10.861559867858887,0
2026-05-07 17:58:00+00:00,10.861189842224121,10.86299991607666,10.860170364379883,10.861499786376953,0
2026-05-07 17:59:00+00:00,10.859519958496094,10.861189842224121,10.859149932861328,10.860179901123047,0
2026-05-07 18:00:00+00:00,10.861220359802246,10.86240005493164,10.857179641723633,10.859419822692871,0
2026-05-07 18:01:00+00:00,10.860939979553223,10.862000465393066,10.85986042022705,10.861379623413086,0
2026-05-07 18:02:00+00:00,10.859040260314941,10.86143970489502,10.858819961547852,10.861029624938965,0
2026-05-07 18:03:00+00:00,10.859649658203125,10.860150337219238,10.858189582824707,10.859140396118164,0
2026-05-07 18:04:00+00:00,10.859219551086426,10.860600471496582,10.858830451965332,10.859649658203125,0
2026-05-07 18:05:00+00:00,10.85949993133545,10.86050033569336,10.85867977142334,10.859219551086426,0
2026-05-07 18:06:00+00:00,10.858799934387207,10.86023998260498,10.85791015625,10.859479904174805,0
2026-05-07 18:07:00+00:00,10.857399940490723,10.859999656677246,10.857399940490723,10.858799934387207,0
2026-05-07 18:08:00+00:00,10.857930183410645,10.85949993133545,10.857339859008789,10.857399940490723,0
2026-05-07 18:09:00+00:00,10.860560417175293,10.860950469970703,10.857680320739746,10.858670234680176,0
2026-05-07 18:10:00+00:00,10.860529899597168,10.861900329589844,10.860179901123047,10.860750198364258,0
2026-05-07 18:11:00+00:00,10.860520362854004,10.861800193786621,10.859299659729004,10.86050033569336,0
2026-05-07 18:12:00+00:00,10.860400199890137,10.861900329589844,10.860400199890137,10.860520362854004,0
2026-05-07 18:13:00+00:00,10.860560417175293,10.861700057983398,10.859370231628418,10.860870361328125,0
2026-05-07 18:14:00+00:00,10.859789848327637,10.861599922180176,10.858980178833008,10.860569953918457,0
2026-05-07 18:15:00+00:00,10.860230445861816,10.860899925231934,10.858980178833008,10.859930038452148,0
2026-05-07 18:16:00+00:00,10.86061954498291,10.861200332641602,10.859299659729004,10.860230445861816,0
2026-05-07 18:17:00+00:00,10.859530448913574,10.86139965057373,10.859259605407715,10.86061954498291,0
2026-05-07 18:18:00+00:00,10.859219551086426,10.859919548034668,10.858619689941406,10.859569549560547,0
2026-05-07 18:19:00+00:00,10.858309745788574,10.860320091247559,10.85791015625,10.858880043029785,0
2026-05-07 18:20:00+00:00,10.858880043029785,10.860320091247559,10.85830020904541,10.85830020904541,0
2026-05-07 18:21:00+00:00,10.859339714050293,10.860199928283691,10.858400344848633,10.859310150146484,0
2026-05-07 18:22:00+00:00,10.86001968383789,10.860699653625488,10.858610153198242,10.859450340270996,0
2026-05-07 18:23:00+00:00,10.859880447387695,10.861100196838379,10.85888957977295,10.859479904174805,0
2026-05-07 18:24:00+00:00,10.859720230102539,10.861100196838379,10.85962963104248,10.860260009765625,0
2026-05-07 18:25:00+00:00,10.859310150146484,10.860919952392578,10.859100341796875,10.859720230102539,0
2026-05-07 18:26:00+00:00,10.859649658203125,10.861599922180176,10.859399795532227,10.860679626464844,0
2026-05-07 18:27:00+00:00,10.85962963104248,10.861499786376953,10.859319686889648,10.859589576721191,0
2026-05-07 18:28:00+00:00,10.859519958496094,10.861200332641602,10.859490394592285,10.85962963104248,0
2026-05-07 18:29:00+00:00,10.859580039978027,10.861300468444824,10.859359741210938,10.860509872436523,0
2026-05-07 18:30:00+00:00,10.859640121459961,10.861499786376953,10.859299659729004,10.85949993133545,0
2026-05-07 18:31:00+00:00,10.860039710998535,10.861000061035156,10.859270095825195,10.860480308532715,0
2026-05-07 18:32:00+00:00,10.85988998413086,10.860899925231934,10.859169960021973,10.860039710998535,0
2026-05-07 18:33:00+00:00,10.859789848327637,10.860899925231934,10.859180450439453,10.86023998260498,0
2026-05-07 18:34:00+00:00,10.859990119934082,10.861100196838379,10.859729766845703,10.859769821166992,0
2026-05-07 18:35:00+00:00,10.860269546508789,10.860899925231934,10.85912036895752,10.859760284423828,0
2026-05-07 18:36:00+00:00,10.860090255737305,10.861100196838379,10.85968017578125,10.85968017578125,0
2026-05-07 18:37:00+00:00,10.859700202941895,10.86139965057373,10.859149932861328,10.86005973815918,0
2026-05-07 18:38:00+00:00,10.86100959777832,10.863100051879883,10.859700202941895,10.860569953918457,0
2026-05-07 18:39:00+00:00,10.860699653625488,10.86340045928955,10.859970092773438,10.86100959777832,0
2026-05-07 18:40:00+00:00,10.862549781799316,10.862700462341309,10.859829902648926,10.860679626464844,0
2026-05-07 18:41:00+00:00,10.861089706420898,10.86361026763916,10.860950469970703,10.861029624938965,0
2026-05-07 18:42:00+00:00,10.861430168151855,10.863269805908203,10.860950469970703,10.861100196838379,0
2026-05-07 18:43:00+00:00,10.862600326538086,10.863530158996582,10.860529899597168,10.861430168151855,0
2026-05-07 18:44:00+00:00,10.866840362548828,10.869190216064453,10.86139965057373,10.86139965057373,0
2026-05-07 18:45:00+00:00,10.866869926452637,10.869919776916504,10.865309715270996,10.86752986907959,0
2026-05-07 18:46:00+00:00,10.863639831542969,10.867300033569336,10.863109588623047,10.866869926452637,0
2026-05-07 18:47:00+00:00,10.863450050354004,10.86620044708252,10.863180160522461,10.864509582519531,0
2026-05-07 18:48:00+00:00,10.862990379333496,10.866299629211426,10.862850189208984,10.865099906921387,0
2026-05-07 18:49:00+00:00,10.86355972290039,10.866100311279297,10.862859725952148,10.8643798828125,0
2026-05-07 18:50:00+00:00,10.864230155944824,10.867799758911133,10.863419532775879,10.865180015563965,0
2026-05-07 18:51:00+00:00,10.862520217895508,10.866000175476074,10.862360000610352,10.864230155944824,0
2026-05-07 18:52:00+00:00,10.860469818115234,10.863200187683105,10.859410285949707,10.862409591674805,0
2026-05-07 18:53:00+00:00,10.86281967163086,10.863289833068848,10.860389709472656,10.860930442810059,0
2026-05-07 18:54:00+00:00,10.861860275268555,10.86400032043457,10.861160278320312,10.86279010772705,0
2026-05-07 18:55:00+00:00,10.859959602355957,10.86460018157959,10.856510162353516,10.861860275268555,0
2026-05-07 18:56:00+00:00,10.86178970336914,10.86299991607666,10.859729766845703,10.860879898071289,0
2026-05-07 18:57:00+00:00,10.862000465393066,10.862899780273438,10.861149787902832,10.861709594726562,0
2026-05-07 18:58:00+00:00,10.861769676208496,10.86299991607666,10.861599922180176,10.862000465393066,0
2026-05-07 18:59:00+00:00,10.860360145568848,10.862600326538086,10.859560012817383,10.86184024810791,0
2026-05-07 19:00:00+00:00,10.861650466918945,10.862030029296875,10.858869552612305,10.860150337219238,0
2026-05-07 19:01:00+00:00,10.862159729003906,10.86340045928955,10.859919548034668,10.861379623413086,0
2026-05-07 19:02:00+00:00,10.862899780273438,10.864700317382812,10.862000465393066,10.862159729003906,0
2026-05-07 19:03:00+00:00,10.86262035369873,10.86460018157959,10.862250328063965,10.862899780273438,0
2026-05-07 19:04:00+00:00,10.862930297851562,10.863699913024902,10.862059593200684,10.86262035369873,0
2026-05-07 19:05:00+00:00,10.86283016204834,10.864500045776367,10.862030029296875,10.862930297851562,0
2026-05-07 19:06:00+00:00,10.862870216369629,10.864500045776367,10.861969947814941,10.862369537353516,0
2026-05-07 19:07:00+00:00,10.860699653625488,10.864399909973145,10.860420227050781,10.862870216369629,0
2026-05-07 19:08:00+00:00,10.862310409545898,10.862700462341309,10.860269546508789,10.860699653625488,0
2026-05-07 19:09:00+00:00,10.862190246582031,10.863900184631348,10.861530303955078,10.862310409545898,0
2026-05-07 19:10:00+00:00,10.861900329589844,10.86359977722168,10.86184024810791,10.862190246582031,0
2026-05-07 19:11:00+00:00,10.862640380859375,10.8641996383667,10.861760139465332,10.862970352172852,0
2026-05-07 19:12:00+00:00,10.862689971923828,10.863960266113281,10.862299919128418,10.862700462341309,0
2026-05-07 19:13:00+00:00,10.862589836120605,10.863499641418457,10.860799789428711,10.86279010772705,0
2026-05-07 19:14:00+00:00,10.8604097366333,10.863699913024902,10.85990047454834,10.861769676208496,0
2026-05-07 19:15:00+00:00,10.861370086669922,10.862199783325195,10.859310150146484,10.860269546508789,0
2026-05-07 19:16:00+00:00,10.861140251159668,10.862199783325195,10.86089038848877,10.861359596252441,0
2026-05-07 19:17:00+00:00,10.86555004119873,10.86555004119873,10.859939575195312,10.861140251159668,0
2026-05-07 19:18:00+00:00,10.865030288696289,10.868009567260742,10.863980293273926,10.86400032043457,0
2026-05-07 19:19:00+00:00,10.869879722595215,10.87263011932373,10.865019798278809,10.867560386657715,0
2026-05-07 19:20:00+00:00,10.863309860229492,10.874469757080078,10.863309860229492,10.872190475463867,0
2026-05-07 19:21:00+00:00,10.865019798278809,10.867899894714355,10.863459587097168,10.863459587097168,0
2026-05-07 19:22:00+00:00,10.865880012512207,10.867899894714355,10.864749908447266,10.865019798278809,0
2026-05-07 19:23:00+00:00,10.86655044555664,10.867799758911133,10.865059852600098,10.865949630737305,0
2026-05-07 19:24:00+00:00,10.870149612426758,10.871299743652344,10.865679740905762,10.866660118103027,0
2026-05-07 19:25:00+00:00,10.870630264282227,10.871899604797363,10.868720054626465,10.86987018585205,0
2026-05-07 19:26:00+00:00,10.868459701538086,10.872400283813477,10.867050170898438,10.871569633483887,0
2026-05-07 19:27:00+00:00,10.86616039276123,10.86929988861084,10.865619659423828,10.867980003356934,0
2026-05-07 19:28:00+00:00,10.86596965789795,10.867300033569336,10.86575984954834,10.86655044555664,0
2026-05-07 19:29:00+00:00,10.864410400390625,10.866800308227539,10.864410400390625,10.866239547729492,0
2026-05-07 19:30:00+00:00,10.864680290222168,10.866000175476074,10.863349914550781,10.864990234375,0
2026-05-07 19:31:00+00:00,10.863880157470703,10.86520004272461,10.862990379333496,10.864629745483398,0
2026-05-07 19:32:00+00:00,10.86283016204834,10.86520004272461,10.862290382385254,10.863380432128906,0
2026-05-07 19:33:00+00:00,10.862649917602539,10.864009857177734,10.862110137939453,10.86283016204834,0
2026-05-07 19:34:00+00:00,10.862199783325195,10.863800048828125,10.861849784851074,10.862879753112793,0
2026-05-07 19:35:00+00:00,10.86238956451416,10.863900184631348,10.861900329589844,10.862190246582031,0
2026-05-07 19:36:00+00:00,10.86260986328125,10.863800048828125,10.86227035522461,10.862520217895508,0
2026-05-07 19:37:00+00:00,10.861180305480957,10.864100456237793,10.860540390014648,10.86260986328125,0
2026-05-07 19:38:00+00:00,10.861089706420898,10.862099647521973,10.86083984375,10.8612699508667,0
2026-05-07 19:39:00+00:00,10.861040115356445,10.862099647521973,10.860679626464844,10.861069679260254,0
2026-05-07 19:40:00+00:00,10.861749649047852,10.862700462341309,10.860300064086914,10.861160278320312,0
2026-05-07 19:41:00+00:00,10.862509727478027,10.863100051879883,10.861149787902832,10.86182975769043,0
2026-05-07 19:42:00+00:00,10.86262035369873,10.86359977722168,10.862159729003906,10.863129615783691,0
2026-05-07 19:43:00+00:00,10.8618803024292,10.863200187683105,10.861689567565918,10.862649917602539,0
2026-05-07 19:44:00+00:00,10.86124038696289,10.86299991607666,10.860939979553223,10.862119674682617,0
2026-05-07 19:45:00+00:00,10.863329887390137,10.864299774169922,10.860870361328125,10.861359596252441,0
2026-05-07 19:46:00+00:00,10.863260269165039,10.864500045776367,10.862759590148926,10.863329887390137,0
2026-05-07 19:47:00+00:00,10.863630294799805,10.864399909973145,10.862299919128418,10.863499641418457,0
2026-05-07 19:48:00+00:00,10.863249778747559,10.865039825439453,10.861709594726562,10.863530158996582,0
2026-05-07 19:49:00+00:00,10.863260269165039,10.865099906921387,10.862589836120605,10.863249778747559,0
2026-05-07 19:50:00+00:00,10.862460136413574,10.863699913024902,10.861570358276367,10.863260269165039,0
2026-05-07 19:51:00+00:00,10.863670349121094,10.864709854125977,10.861490249633789,10.862460136413574,0
2026-05-07 19:52:00+00:00,10.865900039672852,10.868900299072266,10.862420082092285,10.864270210266113,0
2026-05-07 19:53:00+00:00,10.867890357971191,10.869099617004395,10.865519523620605,10.867730140686035,0
2026-05-07 19:54:00+00:00,10.865150451660156,10.868900299072266,10.865059852600098,10.865739822387695,0
2026-05-07 19:55:00+00:00,10.86989974975586,10.87440013885498,10.865070343017578,10.865070343017578,0
2026-05-07 19:56:00+00:00,10.868439674377441,10.87399959564209,10.867560386657715,10.872960090637207,0
2026-05-07 19:57:00+00:00,10.874890327453613,10.879480361938477,10.868399620056152,10.871870040893555,0
2026-05-07 19:58:00+00:00,10.876460075378418,10.881110191345215,10.874320030212402,10.877639770507812,0
2026-05-07 19:59:00+00:00,10.876700401306152,10.879400253295898,10.874970436096191,10.877510070800781,0
2026-05-07 20:00:00+00:00,10.879770278930664,10.882329940795898,10.876700401306152,10.876700401306152,0
2026-05-07 20:01:00+00:00,10.881629943847656,10.885140419006348,10.879690170288086,10.880760192871094,0
2026-05-07 20:02:00+00:00,10.869560241699219,10.882729530334473,10.867600440979004,10.882019996643066,0
2026-05-07 20:03:00+00:00,10.870650291442871,10.875200271606445,10.869270324707031,10.869810104370117,0
2026-05-07 20:04:00+00:00,10.874640464782715,10.875049591064453,10.86851978302002,10.870650291442871,0
2026-05-07 20:05:00+00:00,10.874489784240723,10.875499725341797,10.871569633483887,10.871569633483887,0
2026-05-07 20:06:00+00:00,10.874859809875488,10.877900123596191,10.871700286865234,10.872900009155273,0
2026-05-07 20:07:00+00:00,10.877739906311035,10.878800392150879,10.87483024597168,10.874859809875488,0
2026-05-07 20:08:00+00:00,10.878959655761719,10.87930965423584,10.875490188598633,10.875499725341797,0
2026-05-07 20:09:00+00:00,10.876899719238281,10.879599571228027,10.876899719238281,10.877099990844727,0
2026-05-07 20:10:00+00:00,10.876810073852539,10.879599571228027,10.876440048217773,10.876899719238281,0
2026-05-07 20:11:00+00:00,10.876810073852539,10.879500389099121,10.876810073852539,10.876810073852539,0
2026-05-07 20:12:00+00:00,10.876609802246094,10.879599571228027,10.876330375671387,10.876810073852539,0
2026-05-07 20:13:00+00:00,10.877229690551758,10.879739761352539,10.87660026550293,10.878379821777344,0
2026-05-07 20:14:00+00:00,10.877340316772461,10.879899978637695,10.877010345458984,10.877229690551758,0
2026-05-07 20:15:00+00:00,10.880149841308594,10.882829666137695,10.877039909362793,10.880149841308594,0
2026-05-07 20:16:00+00:00,10.88012981414795,10.883000373840332,10.879400253295898,10.882060050964355,0
2026-05-07 20:17:00+00:00,10.882329940795898,10.883000373840332,10.879400253295898,10.881580352783203,0
2026-05-07 20:18:00+00:00,10.881719589233398,10.883399963378906,10.879659652709961,10.880149841308594,0
2026-05-07 20:19:00+00:00,10.88031005859375,10.882399559020996,10.879420280456543,10.879940032958984,0
2026-05-07 20:20:00+00:00,10.881930351257324,10.88290023803711,10.879650115966797,10.880889892578125,0
2026-05-07 20:21:00+00:00,10.881150245666504,10.88379955291748,10.879650115966797,10.880209922790527,0
2026-05-07 20:22:00+00:00,10.881150245666504,10.883899688720703,10.88090991973877,10.881150245666504,0
2026-05-07 20:23:00+00:00,10.881219863891602,10.883999824523926,10.88107967376709,10.881150245666504,0
2026-05-07 20:24:00+00:00,10.881159782409668,10.883600234985352,10.881159782409668,10.881219863891602,0
2026-05-07 20:25:00+00:00,10.880760192871094,10.883600234985352,10.879509925842285,10.882129669189453,0
2026-05-07 20:26:00+00:00,10.880709648132324,10.883600234985352,10.880709648132324,10.882100105285645,0
2026-05-07 20:27:00+00:00,10.879400253295898,10.883500099182129,10.879059791564941,10.880709648132324,0
2026-05-07 20:28:00+00:00,10.878769874572754,10.881600379943848,10.878769874572754,10.879400253295898,0
2026-05-07 20:29:00+00:00,10.881329536437988,10.881329536437988,10.878430366516113,10.87913990020752,0
2026-05-07 20:30:00+00:00,10.879440307617188,10.88167953491211,10.878009796142578,10.87913990020752,0
2026-05-07 20:31:00+00:00,10.879199981689453,10.881750106811523,10.879030227661133,10.880889892578125,0
2026-05-07 20:32:00+00:00,10.879240036010742,10.881600379943848,10.879199981689453,10.879199981689453,0
2026-05-07 20:33:00+00:00,10.880419731140137,10.881500244140625,10.878399848937988,10.879240036010742,0
2026-05-07 20:34:00+00:00,10.876879692077637,10.880570411682129,10.876879692077637,10.878399848937988,0
2026-05-07 20:35:00+00:00,10.878299713134766,10.879400253295898,10.876729965209961,10.876879692077637,0
2026-05-07 20:36:00+00:00,10.879220008850098,10.88010025024414,10.876720428466797,10.876720428466797,0
2026-05-07 20:37:00+00:00,10.881890296936035,10.88461971282959,10.877070426940918,10.879220008850098,0
2026-05-07 20:38:00+00:00,10.882399559020996,10.884160041809082,10.881890296936035,10.881890296936035,0
2026-05-07 20:39:00+00:00,10.882399559020996,10.884200096130371,10.881930351257324,10.882610321044922,0
2026-05-07 20:40:00+00:00,10.882780075073242,10.884400367736816,10.882399559020996,10.883399963378906,0
2026-05-07 20:41:00+00:00,10.882399559020996,10.884300231933594,10.882399559020996,10.88241958618164,0
2026-05-07 20:42:00+00:00,10.882399559020996,10.884599685668945,10.882399559020996,10.882399559020996,0
2026-05-07 20:43:00+00:00,10.881589889526367,10.884599685668945,10.879400253295898,10.882399559020996,0
2026-05-07 20:44:00+00:00,10.88290023803711,10.88290023803711,10.879400253295898,10.879400253295898,0
2026-05-07 20:45:00+00:00,10.880149841308594,10.883600234985352,10.879400253295898,10.879400253295898,0
2026-05-07 20:46:00+00:00,10.880149841308594,10.883299827575684,10.880149841308594,10.882590293884277,0
2026-05-07 20:47:00+00:00,10.882180213928223,10.883299827575684,10.880149841308594,10.880149841308594,0
2026-05-07 20:48:00+00:00,10.880149841308594,10.883199691772461,10.880149841308594,10.882180213928223,0
2026-05-07 20:49:00+00:00,10.881850242614746,10.883199691772461,10.880149841308594,10.880149841308594,0
2026-05-07 20:50:00+00:00,10.878649711608887,10.882729530334473,10.877900123596191,10.881850242614746,0
2026-05-07 20:51:00+00:00,10.878649711608887,10.881500244140625,10.878510475158691,10.879070281982422,0
2026-05-07 20:52:00+00:00,10.878649711608887,10.881500244140625,10.878490447998047,10.878649711608887,0
2026-05-07 20:53:00+00:00,10.878649711608887,10.881500244140625,10.877429962158203,10.878499984741211,0
2026-05-07 20:54:00+00:00,10.87814998626709,10.881500244140625,10.877309799194336,10.878000259399414,0
2026-05-07 20:55:00+00:00,10.87814998626709,10.880499839782715,10.876190185546875,10.877519607543945,0
2026-05-07 20:56:00+00:00,10.87814998626709,10.880499839782715,10.876660346984863,10.876850128173828,0
2026-05-07 20:57:00+00:00,10.878899574279785,10.88129997253418,10.876819610595703,10.87814998626709,0
2026-05-07 20:58:00+00:00,10.879509925842285,10.881999969482422,10.878199577331543,10.878899574279785,0
2026-05-07 20:59:00+00:00,10.877300262451172,10.881400108337402,10.877300262451172,10.878549575805664,0
2026-05-07 21:01:00+00:00,10.871720314025879,10.871720314025879,10.871720314025879,10.871720314025879,0
2026-05-07 21:03:00+00:00,10.8720703125,10.8720703125,10.8720703125,10.8720703125,0
2026-05-07 21:05:00+00:00,10.848999977111816,10.848999977111816,10.848999977111816,10.848999977111816,0
2026-05-07 21:07:00+00:00,10.858659744262695,10.858659744262695,10.858659744262695,10.858659744262695,0
2026-05-07 21:09:00+00:00,10.869290351867676,10.869290351867676,10.869290351867676,10.869290351867676,0
2026-05-07 21:11:00+00:00,10.873510360717773,10.873510360717773,10.873510360717773,10.873510360717773,0
2026-05-07 21:13:00+00:00,10.851659774780273,10.851659774780273,10.851659774780273,10.851659774780273,0
2026-05-07 21:15:00+00:00,10.85492992401123,10.85492992401123,10.85492992401123,10.85492992401123,0
2026-05-07 21:17:00+00:00,10.858329772949219,10.858329772949219,10.858329772949219,10.858329772949219,0
2026-05-07 21:19:00+00:00,10.860529899597168,10.860529899597168,10.860529899597168,10.860529899597168,0
2026-05-07 21:21:00+00:00,10.875920295715332,10.875920295715332,10.875920295715332,10.875920295715332,0
2026-05-07 21:23:00+00:00,10.85696029663086,10.85696029663086,10.85696029663086,10.85696029663086,0
2026-05-07 21:25:00+00:00,10.85828971862793,10.85828971862793,10.85828971862793,10.85828971862793,0
2026-05-07 21:27:00+00:00,10.878179550170898,10.878179550170898,10.878179550170898,10.878179550170898,0
2026-05-07 21:29:00+00:00,10.877409934997559,10.877409934997559,10.877409934997559,10.877409934997559,0
2026-05-07 21:31:00+00:00,10.86316967010498,10.86316967010498,10.86316967010498,10.86316967010498,0
2026-05-07 21:33:00+00:00,10.8618803024292,10.8618803024292,10.8618803024292,10.8618803024292,0
2026-05-07 21:35:00+00:00,10.866660118103027,10.866660118103027,10.866660118103027,10.866660118103027,0
2026-05-07 21:37:00+00:00,10.868980407714844,10.868980407714844,10.868980407714844,10.868980407714844,0
2026-05-07 21:39:00+00:00,10.865889549255371,10.865889549255371,10.865889549255371,10.865889549255371,0
2026-05-07 21:41:00+00:00,10.873970031738281,10.873970031738281,10.873970031738281,10.873970031738281,0
2026-05-07 21:43:00+00:00,10.867919921875,10.867919921875,10.867919921875,10.867919921875,0
2026-05-07 21:45:00+00:00,10.876460075378418,10.876460075378418,10.876460075378418,10.876460075378418,0
2026-05-07 21:47:00+00:00,10.871179580688477,10.871179580688477,10.871179580688477,10.871179580688477,0
2026-05-07 21:49:00+00:00,10.871520042419434,10.871520042419434,10.871520042419434,10.871520042419434,0
2026-05-07 21:51:00+00:00,10.863550186157227,10.863550186157227,10.863550186157227,10.863550186157227,0
2026-05-07 21:53:00+00:00,10.869879722595215,10.869879722595215,10.869879722595215,10.869879722595215,0
2026-05-07 21:55:00+00:00,10.872099876403809,10.872099876403809,10.872099876403809,10.872099876403809,0
2026-05-07 21:57:00+00:00,10.868720054626465,10.868720054626465,10.868720054626465,10.868720054626465,0
2026-05-07 21:59:00+00:00,10.867259979248047,10.867259979248047,10.867259979248047,10.867259979248047,0
2026-05-07 22:00:00+00:00,10.867270469665527,10.867270469665527,10.867270469665527,10.867270469665527,0
2026-05-07 22:01:00+00:00,10.868820190429688,10.868820190429688,10.868820190429688,10.868820190429688,0
2026-05-07 22:03:00+00:00,10.869400024414062,10.869400024414062,10.868439674377441,10.868439674377441,0
2026-05-07 22:05:00+00:00,10.870599746704102,10.870599746704102,10.870530128479004,10.870530128479004,0
2026-05-07 22:06:00+00:00,10.870499610900879,10.870499610900879,10.870499610900879,10.870499610900879,0
2026-05-07 22:07:00+00:00,10.87423038482666,10.87736988067627,10.870599746704102,10.87147045135498,0
2026-05-07 22:08:00+00:00,10.873499870300293,10.873499870300293,10.872900009155273,10.872900009155273,0
2026-05-07 22:09:00+00:00,10.872389793395996,10.875,10.872269630432129,10.872269630432129,0
2026-05-07 22:10:00+00:00,10.873379707336426,10.875699996948242,10.872400283813477,10.872400283813477,0
2026-05-07 22:11:00+00:00,10.875200271606445,10.87720012664795,10.87341022491455,10.873600006103516,0
2026-05-07 22:12:00+00:00,10.875470161437988,10.877300262451172,10.87384033203125,10.87520980834961,0
2026-05-07 22:13:00+00:00,10.875370025634766,10.877699851989746,10.874099731445312,10.875479698181152,0
2026-05-07 22:14:00+00:00,10.875160217285156,10.877900123596191,10.875009536743164,10.875359535217285,0
2026-05-07 22:15:00+00:00,10.875849723815918,10.878000259399414,10.874770164489746,10.875049591064453,0
2026-05-07 22:16:00+00:00,10.8760404586792,10.876119613647461,10.874520301818848,10.875760078430176,0
2026-05-07 22:17:00+00:00,10.876139640808105,10.876500129699707,10.874099731445312,10.8760404586792,0
2026-05-07 22:18:00+00:00,10.875960350036621,10.876799583435059,10.873849868774414,10.875880241394043,0
2026-05-07 22:19:00+00:00,10.876299858093262,10.878600120544434,10.87460994720459,10.875960350036621,0
2026-05-07 22:20:00+00:00,10.87639045715332,10.879199981689453,10.874369621276855,10.876219749450684,0
2026-05-07 22:21:00+00:00,10.87537956237793,10.877699851989746,10.873979568481445,10.87639045715332,0
2026-05-07 22:22:00+00:00,10.874759674072266,10.878199577331543,10.87417984008789,10.874560356140137,0
2026-05-07 22:23:00+00:00,10.875960350036621,10.877400398254395,10.874279975891113,10.875880241394043,0
2026-05-07 22:24:00+00:00,10.875849723815918,10.876799583435059,10.874670028686523,10.874670028686523,0
2026-05-07 22:25:00+00:00,10.87617015838623,10.876970291137695,10.874699592590332,10.875260353088379,0
2026-05-07 22:26:00+00:00,10.874899864196777,10.876850128173828,10.87343978881836,10.874699592590332,0
2026-05-07 22:27:00+00:00,10.87405014038086,10.876700401306152,10.873519897460938,10.874899864196777,0
2026-05-07 22:28:00+00:00,10.87341022491455,10.876500129699707,10.873149871826172,10.876230239868164,0
2026-05-07 22:29:00+00:00,10.876079559326172,10.876500129699707,10.873470306396484,10.876009941101074,0
2026-05-07 22:30:00+00:00,10.873459815979004,10.876799583435059,10.873160362243652,10.8760404586792,0
2026-05-07 22:31:00+00:00,10.874259948730469,10.877140045166016,10.873430252075195,10.873470306396484,0
2026-05-07 22:32:00+00:00,10.874629974365234,10.877099990844727,10.874210357666016,10.874279975891113,0
2026-05-07 22:33:00+00:00,10.875510215759277,10.87720012664795,10.874640464782715,10.874710083007812,0
2026-05-07 22:34:00+00:00,10.878379821777344,10.878800392150879,10.875510215759277,10.875519752502441,0
2026-05-07 22:35:00+00:00,10.878399848937988,10.878899574279785,10.877349853515625,10.877559661865234,0
2026-05-07 22:36:00+00:00,10.878800392150879,10.879400253295898,10.87771987915039,10.87798023223877,0
2026-05-07 22:37:00+00:00,10.878129959106445,10.879300117492676,10.878129959106445,10.878800392150879,0
2026-05-07 22:38:00+00:00,10.87876033782959,10.879300117492676,10.878129959106445,10.878129959106445,0
2026-05-07 22:39:00+00:00,10.876669883728027,10.87930965423584,10.876179695129395,10.878700256347656,0
2026-05-07 22:40:00+00:00,10.87695026397705,10.879400253295898,10.876649856567383,10.876689910888672,0
2026-05-07 22:41:00+00:00,10.878490447998047,10.879480361938477,10.87677001953125,10.877659797668457,0
2026-05-07 22:42:00+00:00,10.879329681396484,10.879799842834473,10.877039909362793,10.878490447998047,0
2026-05-07 22:43:00+00:00,10.878490447998047,10.879799842834473,10.877079963684082,10.879500389099121,0
2026-05-07 22:44:00+00:00,10.878190040588379,10.879599571228027,10.876819610595703,10.877090454101562,0
2026-05-07 22:45:00+00:00,10.878190040588379,10.879400253295898,10.878190040588379,10.878939628601074,0
2026-05-07 22:46:00+00:00,10.877849578857422,10.879199981689453,10.876529693603516,10.878190040588379,0
2026-05-07 22:47:00+00:00,10.876899719238281,10.879280090332031,10.876879692077637,10.877849578857422,0
2026-05-07 22:48:00+00:00,10.876899719238281,10.879300117492676,10.876680374145508,10.876910209655762,0
2026-05-07 22:49:00+00:00,10.876580238342285,10.87948989868164,10.876580238342285,10.876819610595703,0
2026-05-07 22:50:00+00:00,10.877449989318848,10.879300117492676,10.876520156860352,10.876640319824219,0
2026-05-07 22:51:00+00:00,10.878669738769531,10.879340171813965,10.876689910888672,10.877449989318848,0
2026-05-07 22:52:00+00:00,10.877449989318848,10.879300117492676,10.876640319824219,10.877449989318848,0
2026-05-07 22:53:00+00:00,10.878210067749023,10.879570007324219,10.876669883728027,10.878629684448242,0
2026-05-07 22:54:00+00:00,10.878700256347656,10.879300117492676,10.876449584960938,10.878210067749023,0
2026-05-07 22:55:00+00:00,10.87617015838623,10.879389762878418,10.87615966796875,10.878700256347656,0
2026-05-07 22:56:00+00:00,10.876290321350098,10.879199981689453,10.876059532165527,10.876179695129395,0
2026-05-07 22:57:00+00:00,10.876270294189453,10.879300117492676,10.875929832458496,10.876299858093262,0
2026-05-07 22:58:00+00:00,10.876290321350098,10.879400253295898,10.876150131225586,10.877409934997559,0
2026-05-07 23:00:00+00:00,10.876049995422363,10.879300117492676,10.876009941101074,10.876009941101074,0
2026-05-07 23:01:00+00:00,10.877920150756836,10.879199981689453,10.87578010559082,10.876049995422363,0
2026-05-07 23:02:00+00:00,10.877260208129883,10.87909984588623,10.876009941101074,10.877840042114258,0
2026-05-07 23:03:00+00:00,10.876099586486816,10.880069732666016,10.876029968261719,10.878210067749023,0
2026-05-07 23:04:00+00:00,10.876999855041504,10.87909984588623,10.876059532165527,10.876099586486816,0
2026-05-07 23:05:00+00:00,10.87909984588623,10.87909984588623,10.876059532165527,10.877030372619629,0
2026-05-07 23:06:00+00:00,10.876130104064941,10.87909984588623,10.876119613647461,10.876119613647461,0
2026-05-07 23:07:00+00:00,10.8779296875,10.87969970703125,10.876130104064941,10.876130104064941,0
2026-05-07 23:08:00+00:00,10.878419876098633,10.87969970703125,10.876810073852539,10.87777042388916,0
2026-05-07 23:09:00+00:00,10.878339767456055,10.879799842834473,10.876130104064941,10.878419876098633,0
2026-05-07 23:10:00+00:00,10.878089904785156,10.879400253295898,10.876130104064941,10.876130104064941,0
2026-05-07 23:11:00+00:00,10.878840446472168,10.879150390625,10.87617015838623,10.87617015838623,0
2026-05-07 23:12:00+00:00,10.876239776611328,10.879400253295898,10.87621021270752,10.87621021270752,0
2026-05-07 23:13:00+00:00,10.876270294189453,10.87909984588623,10.876239776611328,10.876239776611328,0
2026-05-07 23:14:00+00:00,10.877969741821289,10.879300117492676,10.876270294189453,10.876270294189453,0
2026-05-07 23:15:00+00:00,10.877240180969238,10.881099700927734,10.876290321350098,10.876310348510742,0
2026-05-07 23:16:00+00:00,10.87710952758789,10.881600379943848,10.876350402832031,10.876890182495117,0
2026-05-07 23:17:00+00:00,10.876779556274414,10.881099700927734,10.876299858093262,10.87710952758789,0
2026-05-07 23:18:00+00:00,10.877820014953613,10.880900382995605,10.876779556274414,10.876779556274414,0
2026-05-07 23:19:00+00:00,10.878239631652832,10.881500244140625,10.876399993896484,10.877820014953613,0
2026-05-07 23:20:00+00:00,10.876529693603516,10.88129997253418,10.876509666442871,10.878140449523926,0
2026-05-07 23:21:00+00:00,10.877559661865234,10.880999565124512,10.876480102539062,10.877280235290527,0
2026-05-07 23:22:00+00:00,10.877289772033691,10.881500244140625,10.876529693603516,10.877559661865234,0
2026-05-07 23:23:00+00:00,10.878430366516113,10.881400108337402,10.876890182495117,10.877289772033691,0
2026-05-07 23:24:00+00:00,10.877530097961426,10.88129997253418,10.876640319824219,10.878430366516113,0
2026-05-07 23:25:00+00:00,10.877880096435547,10.881799697875977,10.877479553222656,10.877530097961426,0
2026-05-07 23:26:00+00:00,10.877570152282715,10.88129997253418,10.877340316772461,10.877829551696777,0
2026-05-07 23:27:00+00:00,10.877309799194336,10.881199836730957,10.877180099487305,10.877619743347168,0
2026-05-07 23:28:00+00:00,10.88029956817627,10.881699562072754,10.877309799194336,10.880040168762207,0
2026-05-07 23:29:00+00:00,10.877989768981934,10.881600379943848,10.87798023223877,10.878339767456055,0
2026-05-07 23:30:00+00:00,10.877909660339355,10.881600379943848,10.877900123596191,10.877989768981934,0
2026-05-07 23:31:00+00:00,10.878569602966309,10.881699562072754,10.877169609069824,10.877909660339355,0
2026-05-07 23:32:00+00:00,10.880009651184082,10.881699562072754,10.877840042114258,10.878669738769531,0
2026-05-07 23:33:00+00:00,10.881600379943848,10.881600379943848,10.877829551696777,10.880760192871094,0
2026-05-07 23:34:00+00:00,10.88049030303955,10.881699562072754,10.877889633178711,10.878640174865723,0
2026-05-07 23:35:00+00:00,10.87876033782959,10.881999969482422,10.877169609069824,10.878100395202637,0
2026-05-07 23:36:00+00:00,10.880510330200195,10.881999969482422,10.87833023071289,10.87876033782959,0
2026-05-07 23:37:00+00:00,10.879039764404297,10.881500244140625,10.87837028503418,10.881179809570312,0
2026-05-07 23:38:00+00:00,10.878479957580566,10.881699562072754,10.878049850463867,10.879039764404297,0
2026-05-07 23:39:00+00:00,10.8785400390625,10.881400108337402,10.878000259399414,10.878829956054688,0
2026-05-07 23:40:00+00:00,10.880510330200195,10.881699562072754,10.878190040588379,10.878190040588379,0
2026-05-07 23:41:00+00:00,10.878769874572754,10.881699562072754,10.876899719238281,10.878339767456055,0
2026-05-07 23:42:00+00:00,10.878809928894043,10.881699562072754,10.878299713134766,10.87891960144043,0
2026-05-07 23:43:00+00:00,10.878410339355469,10.881799697875977,10.878060340881348,10.878279685974121,0
2026-05-07 23:44:00+00:00,10.878680229187012,10.8818998336792,10.877470016479492,10.878279685974121,0
2026-05-07 23:45:00+00:00,10.878629684448242,10.882100105285645,10.878210067749023,10.878680229187012,0
2026-05-07 23:46:00+00:00,10.88125991821289,10.882399559020996,10.877599716186523,10.878629684448242,0
2026-05-07 23:47:00+00:00,10.881509780883789,10.882800102233887,10.878040313720703,10.87814998626709,0
2026-05-07 23:48:00+00:00,10.881699562072754,10.883000373840332,10.877690315246582,10.881699562072754,0
2026-05-07 23:49:00+00:00,10.881239891052246,10.883199691772461,10.87954044342041,10.8816499710083,0
2026-05-07 23:50:00+00:00,10.881150245666504,10.883399963378906,10.879839897155762,10.879940032958984,0
2026-05-07 23:51:00+00:00,10.879989624023438,10.883399963378906,10.879739761352539,10.881139755249023,0
2026-05-07 23:52:00+00:00,10.881030082702637,10.883700370788574,10.879989624023438,10.879989624023438,0
2026-05-07 23:53:00+00:00,10.881699562072754,10.883700370788574,10.87969970703125,10.881699562072754,0
2026-05-07 23:54:00+00:00,10.883040428161621,10.883899688720703,10.88010025024414,10.882430076599121,0
2026-05-07 23:55:00+00:00,10.882699966430664,10.88379955291748,10.88010025024414,10.880350112915039,0
2026-05-07 23:56:00+00:00,10.882769584655762,10.88379955291748,10.88031005859375,10.88306999206543,0
2026-05-07 23:57:00+00:00,10.882800102233887,10.883500099182129,10.880049705505371,10.880510330200195,0
2026-05-07 23:58:00+00:00,10.881230354309082,10.883899688720703,10.880330085754395,10.880620002746582,0
2026-05-07 23:59:00+00:00,10.883159637451172,10.88379955291748,10.88010025024414,10.881230354309082,0
2026-05-08 00:00:00+00:00,10.882349967956543,10.88539981842041,10.880940437316895,10.881139755249023,0
2026-05-08 00:01:00+00:00,10.881699562072754,10.884300231933594,10.879899978637695,10.883879661560059,0
2026-05-08 00:02:00+00:00,10.879220008850098,10.882499694824219,10.879170417785645,10.880120277404785,0
2026-05-08 00:03:00+00:00,10.880780220031738,10.88280963897705,10.878689765930176,10.879220008850098,0
2026-05-08 00:04:00+00:00,10.882699966430664,10.882699966430664,10.87975025177002,10.880780220031738,0
2026-05-08 00:05:00+00:00,10.879799842834473,10.881999969482422,10.87948989868164,10.880249977111816,0
2026-05-08 00:06:00+00:00,10.879910469055176,10.881500244140625,10.878669738769531,10.879799842834473,0
2026-05-08 00:07:00+00:00,10.879639625549316,10.881329536437988,10.878899574279785,10.881070137023926,0
2026-05-08 00:08:00+00:00,10.878990173339844,10.88129997253418,10.878809928894043,10.879639625549316,0
2026-05-08 00:09:00+00:00,10.879549980163574,10.882200241088867,10.878990173339844,10.880840301513672,0
2026-05-08 00:10:00+00:00,10.879050254821777,10.881400108337402,10.878860473632812,10.879549980163574,0
2026-05-08 00:11:00+00:00,10.87913990020752,10.881500244140625,10.878870010375977,10.879050254821777,0
2026-05-08 00:12:00+00:00,10.880439758300781,10.882699966430664,10.87913990020752,10.88031005859375,0
2026-05-08 00:13:00+00:00,10.881349563598633,10.88379955291748,10.880439758300781,10.882129669189453,0
2026-05-08 00:14:00+00:00,10.882049560546875,10.884200096130371,10.881270408630371,10.882980346679688,0
2026-05-08 00:15:00+00:00,10.881930351257324,10.884900093078613,10.8818998336792,10.882049560546875,0
2026-05-08 00:16:00+00:00,10.8825101852417,10.883500099182129,10.881059646606445,10.881930351257324,0
2026-05-08 00:17:00+00:00,10.882499694824219,10.884499549865723,10.881059646606445,10.881059646606445,0
2026-05-08 00:18:00+00:00,10.887399673461914,10.89011001586914,10.882349967956543,10.883139610290527,0
2026-05-08 00:19:00+00:00,10.886699676513672,10.888999938964844,10.886699676513672,10.887399673461914,0
2026-05-08 00:20:00+00:00,10.887410163879395,10.889300346374512,10.886699676513672,10.886699676513672,0
2026-05-08 00:21:00+00:00,10.886500358581543,10.88860034942627,10.885769844055176,10.887410163879395,0
2026-05-08 00:22:00+00:00,10.886309623718262,10.888400077819824,10.885990142822266,10.886489868164062,0
2026-05-08 00:23:00+00:00,10.886429786682129,10.887999534606934,10.885310173034668,10.886309623718262,0
2026-05-08 00:24:00+00:00,10.886930465698242,10.887700080871582,10.885490417480469,10.886529922485352,0
2026-05-08 00:25:00+00:00,10.886240005493164,10.887999534606934,10.8851900100708,10.885990142822266,0
2026-05-08 00:26:00+00:00,10.886309623718262,10.887499809265137,10.884949684143066,10.886930465698242,0
2026-05-08 00:27:00+00:00,10.886839866638184,10.88759994506836,10.885359764099121,10.886309623718262,0
2026-05-08 00:28:00+00:00,10.886139869689941,10.888500213623047,10.885530471801758,10.88621997833252,0
2026-05-08 00:29:00+00:00,10.885970115661621,10.887999534606934,10.885459899902344,10.886039733886719,0
2026-05-08 00:30:00+00:00,10.886890411376953,10.888299942016602,10.885950088500977,10.886520385742188,0
2026-05-08 00:31:00+00:00,10.886280059814453,10.88860034942627,10.886269569396973,10.886890411376953,0
2026-05-08 00:32:00+00:00,10.886850357055664,10.887800216674805,10.884079933166504,10.886380195617676,0
2026-05-08 00:33:00+00:00,10.886639595031738,10.888299942016602,10.886190414428711,10.886190414428711,0
2026-05-08 00:34:00+00:00,10.887189865112305,10.888500213623047,10.886110305786133,10.886639595031738,0
2026-05-08 00:35:00+00:00,10.884880065917969,10.887399673461914,10.884880065917969,10.887189865112305,0
2026-05-08 00:36:00+00:00,10.887149810791016,10.888099670410156,10.884499549865723,10.885330200195312,0
2026-05-08 00:37:00+00:00,10.886500358581543,10.888099670410156,10.886500358581543,10.887149810791016,0
2026-05-08 00:38:00+00:00,10.887149810791016,10.888400077819824,10.886500358581543,10.886500358581543,0
2026-05-08 00:39:00+00:00,10.887149810791016,10.888400077819824,10.886529922485352,10.88656997680664,0
2026-05-08 00:40:00+00:00,10.887149810791016,10.888400077819824,10.886369705200195,10.886859893798828,0
2026-05-08 00:41:00+00:00,10.887149810791016,10.887999534606934,10.886529922485352,10.887149810791016,0
2026-05-08 00:42:00+00:00,10.887350082397461,10.887999534606934,10.886529922485352,10.886529922485352,0
2026-05-08 00:43:00+00:00,10.88683032989502,10.887900352478027,10.88601016998291,10.886770248413086,0
2026-05-08 00:44:00+00:00,10.885580062866211,10.887900352478027,10.884469985961914,10.88656997680664,0
2026-05-08 00:45:00+00:00,10.88659954071045,10.888299942016602,10.884960174560547,10.885580062866211,0
2026-05-08 00:46:00+00:00,10.88601016998291,10.887499809265137,10.885649681091309,10.887149810791016,0
2026-05-08 00:47:00+00:00,10.885129928588867,10.887439727783203,10.884880065917969,10.886699676513672,0
2026-05-08 00:48:00+00:00,10.886500358581543,10.886650085449219,10.884860038757324,10.88617992401123,0
2026-05-08 00:49:00+00:00,10.885330200195312,10.886810302734375,10.884869575500488,10.886449813842773,0
2026-05-08 00:50:00+00:00,10.885580062866211,10.886699676513672,10.885199546813965,10.88634967803955,0
2026-05-08 00:51:00+00:00,10.885939598083496,10.886719703674316,10.88484001159668,10.885649681091309,0
2026-05-08 00:52:00+00:00,10.885310173034668,10.88659954071045,10.88440990447998,10.885939598083496,0
2026-05-08 00:53:00+00:00,10.884900093078613,10.88599967956543,10.883959770202637,10.884759902954102,0
2026-05-08 00:54:00+00:00,10.884949684143066,10.885749816894531,10.883990287780762,10.884900093078613,0
2026-05-08 00:55:00+00:00,10.886679649353027,10.887900352478027,10.884679794311523,10.885299682617188,0
2026-05-08 00:56:00+00:00,10.886850357055664,10.887499809265137,10.886070251464844,10.887299537658691,0
2026-05-08 00:57:00+00:00,10.88595962524414,10.887700080871582,10.88595962524414,10.886910438537598,0
2026-05-08 00:58:00+00:00,10.887100219726562,10.887200355529785,10.885970115661621,10.886059761047363,0
2026-05-08 00:59:00+00:00,10.886699676513672,10.88759994506836,10.885689735412598,10.886549949645996,0
2026-05-08 01:00:00+00:00,10.886240005493164,10.886850357055664,10.884770393371582,10.886699676513672,0
2026-05-08 01:01:00+00:00,10.882659912109375,10.886409759521484,10.881059646606445,10.886240005493164,0
2026-05-08 01:02:00+00:00,10.882800102233887,10.884200096130371,10.88185977935791,10.882650375366211,0
2026-05-08 01:03:00+00:00,10.882670402526855,10.883899688720703,10.881540298461914,10.882670402526855,0
2026-05-08 01:04:00+00:00,10.882579803466797,10.883580207824707,10.881759643554688,10.88247013092041,0
2026-05-08 01:05:00+00:00,10.881699562072754,10.882559776306152,10.880559921264648,10.882200241088867,0
2026-05-08 01:06:00+00:00,10.879449844360352,10.8822603225708,10.878870010375977,10.881699562072754,0
2026-05-08 01:07:00+00:00,10.879850387573242,10.88129997253418,10.879229545593262,10.879449844360352,0
2026-05-08 01:08:00+00:00,10.878849983215332,10.880359649658203,10.877960205078125,10.880359649658203,0
2026-05-08 01:09:00+00:00,10.879229545593262,10.879799842834473,10.877960205078125,10.878849983215332,0
2026-05-08 01:10:00+00:00,10.87971019744873,10.880599975585938,10.878890037536621,10.879190444946289,0
2026-05-08 01:11:00+00:00,10.87969970703125,10.880900382995605,10.878669738769531,10.879249572753906,0
2026-05-08 01:12:00+00:00,10.879650115966797,10.880900382995605,10.879179954528809,10.87969970703125,0
2026-05-08 01:13:00+00:00,10.879650115966797,10.880999565124512,10.879059791564941,10.879599571228027,0
2026-05-08 01:14:00+00:00,10.878129959106445,10.880229949951172,10.877570152282715,10.880080223083496,0
2026-05-08 01:15:00+00:00,10.878259658813477,10.880319595336914,10.877269744873047,10.87814998626709,0
2026-05-08 01:16:00+00:00,10.87814998626709,10.87969970703125,10.877860069274902,10.878259658813477,0
2026-05-08 01:17:00+00:00,10.881150245666504,10.882349967956543,10.87814998626709,10.87814998626709,0
2026-05-08 01:18:00+00:00,10.880029678344727,10.8818998336792,10.879969596862793,10.880769729614258,0
2026-05-08 01:19:00+00:00,10.879960060119629,10.880800247192383,10.8789701461792,10.880029678344727,0
2026-05-08 01:20:00+00:00,10.879469871520996,10.88129997253418,10.879469871520996,10.879759788513184,0
2026-05-08 01:21:00+00:00,10.87969970703125,10.881099700927734,10.879260063171387,10.879940032958984,0
2026-05-08 01:22:00+00:00,10.87975025177002,10.881099700927734,10.879260063171387,10.87969970703125,0
2026-05-08 01:23:00+00:00,10.880000114440918,10.881199836730957,10.879469871520996,10.87975025177002,0
2026-05-08 01:24:00+00:00,10.88064956665039,10.881699562072754,10.879469871520996,10.880000114440918,0
2026-05-08 01:25:00+00:00,10.880060195922852,10.8818998336792,10.880060195922852,10.88064956665039,0
2026-05-08 01:26:00+00:00,10.88047981262207,10.881600379943848,10.879460334777832,10.88064956665039,0
2026-05-08 01:27:00+00:00,10.880499839782715,10.881400108337402,10.879280090332031,10.880069732666016,0
2026-05-08 01:28:00+00:00,10.880769729614258,10.881799697875977,10.879759788513184,10.880359649658203,0
2026-05-08 01:29:00+00:00,10.88107967376709,10.8818998336792,10.880060195922852,10.88064956665039,0
2026-05-08 01:30:00+00:00,10.88064956665039,10.88129997253418,10.879960060119629,10.88064956665039,0
2026-05-08 01:31:00+00:00,10.880060195922852,10.88129997253418,10.879759788513184,10.88064956665039,0
2026-05-08 01:32:00+00:00,10.880999565124512,10.881400108337402,10.879670143127441,10.880069732666016,0
2026-05-08 01:33:00+00:00,10.881119728088379,10.881699562072754,10.879870414733887,10.879870414733887,0
2026-05-08 01:34:00+00:00,10.88064956665039,10.881799697875977,10.87992000579834,10.881119728088379,0
2026-05-08 01:35:00+00:00,10.88064956665039,10.881999969482422,10.880570411682129,10.880809783935547,0
2026-05-08 01:36:00+00:00,10.881150245666504,10.882599830627441,10.880390167236328,10.88064956665039,0
2026-05-08 01:37:00+00:00,10.88206958770752,10.883000373840332,10.881150245666504,10.881150245666504,0
2026-05-08 01:38:00+00:00,10.881150245666504,10.88284969329834,10.880279541015625,10.881660461425781,0
2026-05-08 01:39:00+00:00,10.880789756774902,10.882100105285645,10.880229949951172,10.881150245666504,0
2026-05-08 01:40:00+00:00,10.881150245666504,10.882200241088867,10.880760192871094,10.881150245666504,0
2026-05-08 01:41:00+00:00,10.881150245666504,10.883199691772461,10.880860328674316,10.881150245666504,0
2026-05-08 01:42:00+00:00,10.88224983215332,10.882699966430664,10.881150245666504,10.882590293884277,0
2026-05-08 01:43:00+00:00,10.881959915161133,10.882499694824219,10.880979537963867,10.881959915161133,0
2026-05-08 01:44:00+00:00,10.881150245666504,10.882499694824219,10.880820274353027,10.881150245666504,0
2026-05-08 01:45:00+00:00,10.881150245666504,10.882100105285645,10.880820274353027,10.880860328674316,0
2026-05-08 01:46:00+00:00,10.880760192871094,10.881719589233398,10.879739761352539,10.881150245666504,0
2026-05-08 01:47:00+00:00,10.88053035736084,10.881799697875977,10.88008975982666,10.880760192871094,0
2026-05-08 01:48:00+00:00,10.8818998336792,10.8818998336792,10.880359649658203,10.880359649658203,0
2026-05-08 01:49:00+00:00,10.87975025177002,10.881600379943848,10.87975025177002,10.88049030303955,0
2026-05-08 01:50:00+00:00,10.881199836730957,10.881199836730957,10.879619598388672,10.87975025177002,0
2026-05-08 01:51:00+00:00,10.880610466003418,10.880949974060059,10.879679679870605,10.880049705505371,0
2026-05-08 01:52:00+00:00,10.881699562072754,10.881699562072754,10.879819869995117,10.88012981414795,0
2026-05-08 01:53:00+00:00,10.881179809570312,10.881699562072754,10.880169868469238,10.880900382995605,0
2026-05-08 01:54:00+00:00,10.88107967376709,10.882129669189453,10.880120277404785,10.880169868469238,0
2026-05-08 01:55:00+00:00,10.880900382995605,10.882499694824219,10.880800247192383,10.88107967376709,0
2026-05-08 01:56:00+00:00,10.880270004272461,10.882100105285645,10.880189895629883,10.880809783935547,0
2026-05-08 01:57:00+00:00,10.880399703979492,10.882100105285645,10.879770278930664,10.880270004272461,0
2026-05-08 01:58:00+00:00,10.88012981414795,10.880999565124512,10.879369735717773,10.880470275878906,0
2026-05-08 01:59:00+00:00,10.88029956817627,10.881400108337402,10.879770278930664,10.879810333251953,0
2026-05-08 02:00:00+00:00,10.880900382995605,10.88230037689209,10.880169868469238,10.880169868469238,0
2026-05-08 02:01:00+00:00,10.8816499710083,10.882989883422852,10.880570411682129,10.880900382995605,0
2026-05-08 02:02:00+00:00,10.8816499710083,10.883399963378906,10.8816499710083,10.8816499710083,0
2026-05-08 02:03:00+00:00,10.8816499710083,10.883299827575684,10.880929946899414,10.8816499710083,0
2026-05-08 02:04:00+00:00,10.8816499710083,10.88230037689209,10.88070011138916,10.881019592285156,0
2026-05-08 02:05:00+00:00,10.881070137023926,10.882699966430664,10.881059646606445,10.881779670715332,0
2026-05-08 02:06:00+00:00,10.882060050964355,10.883000373840332,10.881159782409668,10.8816499710083,0
2026-05-08 02:07:00+00:00,10.882599830627441,10.882599830627441,10.880760192871094,10.8816499710083,0
2026-05-08 02:08:00+00:00,10.882699966430664,10.882699966430664,10.881070137023926,10.8816499710083,0
2026-05-08 02:09:00+00:00,10.882399559020996,10.882399559020996,10.880260467529297,10.880660057067871,0
2026-05-08 02:10:00+00:00,10.881600379943848,10.882399559020996,10.880720138549805,10.880949974060059,0
2026-05-08 02:11:00+00:00,10.881250381469727,10.882599830627441,10.881070137023926,10.881170272827148,0
2026-05-08 02:12:00+00:00,10.881250381469727,10.88290023803711,10.8810396194458,10.88152027130127,0
2026-05-08 02:13:00+00:00,10.8816499710083,10.883099555969238,10.88090991973877,10.881250381469727,0
2026-05-08 02:14:00+00:00,10.883000373840332,10.883000373840332,10.881159782409668,10.881730079650879,0
2026-05-08 02:15:00+00:00,10.88206958770752,10.883199691772461,10.881179809570312,10.881970405578613,0
2026-05-08 02:16:00+00:00,10.8816499710083,10.883500099182129,10.881569862365723,10.8816499710083,0
2026-05-08 02:17:00+00:00,10.882840156555176,10.884119987487793,10.8816499710083,10.882369995117188,0
2026-05-08 02:18:00+00:00,10.882149696350098,10.883899688720703,10.882149696350098,10.88366985321045,0
2026-05-08 02:19:00+00:00,10.882149696350098,10.883330345153809,10.881719589233398,10.882149696350098,0
2026-05-08 02:20:00+00:00,10.881489753723145,10.883199691772461,10.880860328674316,10.882149696350098,0
2026-05-08 02:21:00+00:00,10.88230037689209,10.88230037689209,10.881059646606445,10.881489753723145,0
2026-05-08 02:22:00+00:00,10.8816499710083,10.882599830627441,10.881230354309082,10.881429672241211,0
2026-05-08 02:23:00+00:00,10.881770133972168,10.883500099182129,10.881569862365723,10.8816499710083,0
2026-05-08 02:24:00+00:00,10.881710052490234,10.882699966430664,10.881170272827148,10.8818998336792,0
2026-05-08 02:25:00+00:00,10.882089614868164,10.882499694824219,10.880900382995605,10.880970001220703,0
2026-05-08 02:26:00+00:00,10.882989883422852,10.883199691772461,10.881669998168945,10.881799697875977,0
2026-05-08 02:27:00+00:00,10.883199691772461,10.883700370788574,10.8818998336792,10.882160186767578,0
2026-05-08 02:28:00+00:00,10.882579803466797,10.88306999206543,10.881770133972168,10.882169723510742,0
2026-05-08 02:29:00+00:00,10.882610321044922,10.883500099182129,10.881810188293457,10.8818998336792,0
2026-05-08 02:30:00+00:00,10.882650375366211,10.884499549865723,10.8818998336792,10.8818998336792,0
2026-05-08 02:31:00+00:00,10.883399963378906,10.885499954223633,10.882650375366211,10.882650375366211,0
2026-05-08 02:32:00+00:00,10.883399963378906,10.885499954223633,10.883399963378906,10.883979797363281,0
2026-05-08 02:33:00+00:00,10.883899688720703,10.884900093078613,10.883060455322266,10.883399963378906,0
2026-05-08 02:34:00+00:00,10.88383960723877,10.885000228881836,10.883370399475098,10.883899688720703,0
2026-05-08 02:35:00+00:00,10.886799812316895,10.888569831848145,10.883130073547363,10.88383960723877,0
2026-05-08 02:36:00+00:00,10.8885498046875,10.891630172729492,10.886130332946777,10.886799812316895,0
2026-05-08 02:37:00+00:00,10.888150215148926,10.890000343322754,10.887760162353516,10.888480186462402,0
2026-05-08 02:38:00+00:00,10.888150215148926,10.889599800109863,10.887809753417969,10.888150215148926,0
2026-05-08 02:39:00+00:00,10.888150215148926,10.889300346374512,10.887519836425781,10.888150215148926,0
2026-05-08 02:40:00+00:00,10.887299537658691,10.888699531555176,10.886710166931152,10.888050079345703,0
2026-05-08 02:41:00+00:00,10.886699676513672,10.888299942016602,10.886240005493164,10.887299537658691,0
2026-05-08 02:42:00+00:00,10.886750221252441,10.888099670410156,10.886240005493164,10.886750221252441,0
2026-05-08 02:43:00+00:00,10.886449813842773,10.887399673461914,10.8858003616333,10.886899948120117,0
2026-05-08 02:44:00+00:00,10.887299537658691,10.887399673461914,10.885820388793945,10.886449813842773,0
2026-05-08 02:45:00+00:00,10.88582992553711,10.886899948120117,10.884650230407715,10.886699676513672,0
2026-05-08 02:46:00+00:00,10.88479995727539,10.886699676513672,10.884559631347656,10.885899543762207,0
2026-05-08 02:47:00+00:00,10.885499954223633,10.886300086975098,10.88479995727539,10.885149955749512,0
2026-05-08 02:48:00+00:00,10.88479995727539,10.88599967956543,10.88405990600586,10.885499954223633,0
2026-05-08 02:49:00+00:00,10.882200241088867,10.884900093078613,10.881319999694824,10.88479995727539,0
2026-05-08 02:50:00+00:00,10.882200241088867,10.88379955291748,10.881059646606445,10.881569862365723,0
2026-05-08 02:51:00+00:00,10.88230037689209,10.883600234985352,10.881699562072754,10.882149696350098,0
2026-05-08 02:52:00+00:00,10.88463020324707,10.8858003616333,10.88230037689209,10.88247013092041,0
2026-05-08 02:53:00+00:00,10.883350372314453,10.885299682617188,10.883299827575684,10.88463020324707,0
2026-05-08 02:54:00+00:00,10.883299827575684,10.884900093078613,10.88290023803711,10.883350372314453,0
2026-05-08 02:55:00+00:00,10.882800102233887,10.884400367736816,10.882780075073242,10.883580207824707,0
2026-05-08 02:56:00+00:00,10.883649826049805,10.884699821472168,10.882800102233887,10.88306999206543,0
2026-05-08 02:57:00+00:00,10.88428020477295,10.885000228881836,10.88290023803711,10.883500099182129,0
2026-05-08 02:58:00+00:00,10.884739875793457,10.885000228881836,10.882369995117188,10.88422966003418,0
2026-05-08 02:59:00+00:00,10.884149551391602,10.8858003616333,10.883899688720703,10.883899688720703,0
2026-05-08 03:00:00+00:00,10.884149551391602,10.885499954223633,10.884149551391602,10.884149551391602,0
2026-05-08 03:01:00+00:00,10.88539981842041,10.885600090026855,10.883950233459473,10.884149551391602,0
2026-05-08 03:02:00+00:00,10.884149551391602,10.886300086975098,10.883950233459473,10.883950233459473,0
2026-05-08 03:03:00+00:00,10.884149551391602,10.885899543762207,10.883950233459473,10.884759902954102,0
2026-05-08 03:04:00+00:00,10.884169578552246,10.8858003616333,10.88379955291748,10.884149551391602,0
2026-05-08 03:05:00+00:00,10.885199546813965,10.885199546813965,10.88325023651123,10.884169578552246,0
2026-05-08 03:06:00+00:00,10.883299827575684,10.885339736938477,10.883299827575684,10.883299827575684,0
2026-05-08 03:07:00+00:00,10.884710311889648,10.884900093078613,10.883099555969238,10.883099555969238,0
2026-05-08 03:08:00+00:00,10.88263988494873,10.885199546813965,10.882450103759766,10.884050369262695,0
2026-05-08 03:09:00+00:00,10.882989883422852,10.885100364685059,10.88263988494873,10.88263988494873,0
2026-05-08 03:10:00+00:00,10.883600234985352,10.885100364685059,10.882749557495117,10.884570121765137,0
2026-05-08 03:11:00+00:00,10.883399963378906,10.885000228881836,10.88284969329834,10.883810043334961,0
2026-05-08 03:12:00+00:00,10.883649826049805,10.885499954223633,10.883099555969238,10.883399963378906,0
2026-05-08 03:13:00+00:00,10.884309768676758,10.885700225830078,10.883500099182129,10.883950233459473,0
2026-05-08 03:14:00+00:00,10.883970260620117,10.885319709777832,10.883549690246582,10.883899688720703,0
2026-05-08 03:15:00+00:00,10.88385009765625,10.885700225830078,10.88341999053955,10.883970260620117,0
2026-05-08 03:16:00+00:00,10.883899688720703,10.885499954223633,10.883500099182129,10.88385009765625,0
2026-05-08 03:17:00+00:00,10.883700370788574,10.8858003616333,10.883700370788574,10.883899688720703,0
2026-05-08 03:18:00+00:00,10.885869979858398,10.887519836425781,10.883700370788574,10.883700370788574,0
2026-05-08 03:19:00+00:00,10.885549545288086,10.887399673461914,10.885279655456543,10.886750221252441,0
2026-05-08 03:20:00+00:00,10.885350227355957,10.887200355529785,10.885049819946289,10.885549545288086,0
2026-05-08 03:21:00+00:00,10.885549545288086,10.887399673461914,10.885250091552734,10.885250091552734,0
2026-05-08 03:22:00+00:00,10.886500358581543,10.887299537658691,10.885100364685059,10.885549545288086,0
2026-05-08 03:23:00+00:00,10.885649681091309,10.888099670410156,10.885069847106934,10.885649681091309,0
2026-05-08 03:24:00+00:00,10.885649681091309,10.887849807739258,10.885270118713379,10.887370109558105,0
2026-05-08 03:25:00+00:00,10.885649681091309,10.88677978515625,10.885419845581055,10.885649681091309,0
2026-05-08 03:26:00+00:00,10.8856201171875,10.887100219726562,10.885490417480469,10.885649681091309,0
2026-05-08 03:27:00+00:00,10.884570121765137,10.88659954071045,10.884429931640625,10.885560035705566,0
2026-05-08 03:28:00+00:00,10.885350227355957,10.886099815368652,10.884469985961914,10.884469985961914,0
2026-05-08 03:29:00+00:00,10.885160446166992,10.886329650878906,10.884169578552246,10.885350227355957,0
2026-05-08 03:30:00+00:00,10.883569717407227,10.885499954223633,10.881719589233398,10.884169578552246,0
2026-05-08 03:31:00+00:00,10.882650375366211,10.884160041809082,10.882410049438477,10.883569717407227,0
2026-05-08 03:32:00+00:00,10.8818998336792,10.883600234985352,10.881270408630371,10.883150100708008,0
2026-05-08 03:33:00+00:00,10.882149696350098,10.883099555969238,10.881070137023926,10.8818998336792,0
2026-05-08 03:34:00+00:00,10.882149696350098,10.882800102233887,10.881159782409668,10.882149696350098,0
2026-05-08 03:35:00+00:00,10.883709907531738,10.88479995727539,10.881460189819336,10.882149696350098,0
2026-05-08 03:36:00+00:00,10.884499549865723,10.884499549865723,10.882410049438477,10.8826904296875,0
2026-05-08 03:37:00+00:00,10.883330345153809,10.884599685668945,10.882960319519043,10.883399963378906,0
2026-05-08 03:38:00+00:00,10.883600234985352,10.884400367736816,10.882670402526855,10.883600234985352,0
2026-05-08 03:39:00+00:00,10.88385009765625,10.8858003616333,10.883099555969238,10.883600234985352,0
2026-05-08 03:40:00+00:00,10.88539981842041,10.88539981842041,10.883210182189941,10.883359909057617,0
2026-05-08 03:41:00+00:00,10.885000228881836,10.885000228881836,10.883500099182129,10.884149551391602,0
2026-05-08 03:42:00+00:00,10.884149551391602,10.88479995727539,10.883270263671875,10.884149551391602,0
2026-05-08 03:43:00+00:00,10.885199546813965,10.885199546813965,10.882670402526855,10.883370399475098,0
2026-05-08 03:44:00+00:00,10.883099555969238,10.884699821472168,10.882789611816406,10.883469581604004,0
2026-05-08 03:45:00+00:00,10.883899688720703,10.883899688720703,10.882200241088867,10.883099555969238,0
2026-05-08 03:46:00+00:00,10.884099960327148,10.884099960327148,10.882519721984863,10.883099555969238,0
2026-05-08 03:47:00+00:00,10.883819580078125,10.884699821472168,10.882559776306152,10.88325023651123,0
2026-05-08 03:48:00+00:00,10.885499954223633,10.885499954223633,10.883469581604004,10.883819580078125,0
2026-05-08 03:49:00+00:00,10.885499954223633,10.885499954223633,10.883959770202637,10.884149551391602,0
2026-05-08 03:50:00+00:00,10.884149551391602,10.8858003616333,10.883959770202637,10.884510040283203,0
2026-05-08 03:51:00+00:00,10.884869575500488,10.885499954223633,10.883859634399414,10.884050369262695,0
2026-05-08 03:52:00+00:00,10.884149551391602,10.886099815368652,10.88383960723877,10.884149551391602,0
2026-05-08 03:53:00+00:00,10.883399963378906,10.885169982910156,10.882280349731445,10.884149551391602,0
2026-05-08 03:54:00+00:00,10.883480072021484,10.884900093078613,10.882719993591309,10.882960319519043,0
2026-05-08 03:55:00+00:00,10.882989883422852,10.883999824523926,10.882329940795898,10.883469581604004,0
2026-05-08 03:56:00+00:00,10.883549690246582,10.884599685668945,10.882340431213379,10.882980346679688,0
2026-05-08 03:57:00+00:00,10.88284969329834,10.884400367736816,10.882269859313965,10.883370399475098,0
2026-05-08 03:58:00+00:00,10.883000373840332,10.884200096130371,10.882269859313965,10.88284969329834,0
2026-05-08 03:59:00+00:00,10.883600234985352,10.884499549865723,10.882659912109375,10.883049964904785,0
2026-05-08 04:00:00+00:00,10.882749557495117,10.883999824523926,10.88206958770752,10.883600234985352,0
2026-05-08 04:01:00+00:00,10.883299827575684,10.884400367736816,10.88247013092041,10.882869720458984,0
2026-05-08 04:02:00+00:00,10.88325023651123,10.884900093078613,10.882550239562988,10.883660316467285,0
2026-05-08 04:03:00+00:00,10.884639739990234,10.884639739990234,10.882369995117188,10.883899688720703,0
2026-05-08 04:04:00+00:00,10.884650230407715,10.885700225830078,10.883580207824707,10.884650230407715,0
2026-05-08 04:05:00+00:00,10.885589599609375,10.88560962677002,10.883549690246582,10.884650230407715,0
2026-05-08 04:06:00+00:00,10.8854398727417,10.88640022277832,10.88467025756836,10.884770393371582,0
2026-05-08 04:07:00+00:00,10.884909629821777,10.885700225830078,10.884079933166504,10.885080337524414,0
2026-05-08 04:08:00+00:00,10.885899543762207,10.885899543762207,10.884269714355469,10.884909629821777,0
2026-05-08 04:09:00+00:00,10.883660316467285,10.885149955749512,10.882969856262207,10.885149955749512,0
2026-05-08 04:10:00+00:00,10.882699966430664,10.884499549865723,10.882570266723633,10.883660316467285,0
2026-05-08 04:11:00+00:00,10.88290023803711,10.883600234985352,10.882570266723633,10.882699966430664,0
2026-05-08 04:12:00+00:00,10.883899688720703,10.884699821472168,10.88206958770752,10.88290023803711,0
2026-05-08 04:13:00+00:00,10.883899688720703,10.885199546813965,10.883350372314453,10.883899688720703,0
2026-05-08 04:14:00+00:00,10.88385009765625,10.884900093078613,10.882800102233887,10.883899688720703,0
2026-05-08 04:15:00+00:00,10.884269714355469,10.885430335998535,10.883529663085938,10.88385009765625,0
2026-05-08 04:16:00+00:00,10.886500358581543,10.886899948120117,10.884269714355469,10.884469985961914,0
2026-05-08 04:17:00+00:00,10.884469985961914,10.885950088500977,10.884320259094238,10.885749816894531,0
2026-05-08 04:18:00+00:00,10.884499549865723,10.885350227355957,10.883649826049805,10.88479995727539,0
2026-05-08 04:19:00+00:00,10.884300231933594,10.884499549865723,10.882399559020996,10.884050369262695,0
2026-05-08 04:20:00+00:00,10.88385009765625,10.884499549865723,10.883170127868652,10.88379955291748,0
2026-05-08 04:21:00+00:00,10.884149551391602,10.884699821472168,10.8816499710083,10.883569717407227,0
2026-05-08 04:22:00+00:00,10.884200096130371,10.884900093078613,10.883159637451172,10.883359909057617,0
2026-05-08 04:23:00+00:00,10.883899688720703,10.884699821472168,10.882960319519043,10.884200096130371,0
2026-05-08 04:24:00+00:00,10.883769989013672,10.88479995727539,10.883179664611816,10.883370399475098,0
2026-05-08 04:25:00+00:00,10.883899688720703,10.885000228881836,10.883769989013672,10.883769989013672,0
2026-05-08 04:26:00+00:00,10.883899688720703,10.885000228881836,10.883279800415039,10.883779525756836,0
2026-05-08 04:27:00+00:00,10.883899688720703,10.885000228881836,10.883660316467285,10.883899688720703,0
2026-05-08 04:28:00+00:00,10.883489608764648,10.88479995727539,10.883480072021484,10.883899688720703,0
2026-05-08 04:29:00+00:00,10.883469581604004,10.88479995727539,10.882969856262207,10.884110450744629,0
2026-05-08 04:30:00+00:00,10.883500099182129,10.884200096130371,10.882670402526855,10.883810043334961,0
2026-05-08 04:31:00+00:00,10.882740020751953,10.884599685668945,10.882740020751953,10.883350372314453,0
2026-05-08 04:32:00+00:00,10.883700370788574,10.884099960327148,10.882670402526855,10.882949829101562,0
2026-05-08 04:33:00+00:00,10.882949829101562,10.884099960327148,10.882769584655762,10.883700370788574,0
2026-05-08 04:34:00+00:00,10.882769584655762,10.883899688720703,10.882769584655762,10.882949829101562,0
2026-05-08 04:35:00+00:00,10.883560180664062,10.883899688720703,10.881449699401855,10.882769584655762,0
2026-05-08 04:36:00+00:00,10.883899688720703,10.884699821472168,10.882650375366211,10.883560180664062,0
2026-05-08 04:37:00+00:00,10.883649826049805,10.884200096130371,10.882769584655762,10.883910179138184,0
2026-05-08 04:38:00+00:00,10.883350372314453,10.884300231933594,10.882670402526855,10.883549690246582,0
2026-05-08 04:39:00+00:00,10.882479667663574,10.883999824523926,10.88206958770752,10.882869720458984,0
2026-05-08 04:40:00+00:00,10.88284969329834,10.884200096130371,10.881970405578613,10.882800102233887,0
2026-05-08 04:41:00+00:00,10.883049964904785,10.884300231933594,10.882719993591309,10.88284969329834,0
2026-05-08 04:42:00+00:00,10.88284969329834,10.884099960327148,10.882670402526855,10.883049964904785,0
2026-05-08 04:43:00+00:00,10.88290023803711,10.884300231933594,10.882360458374023,10.882989883422852,0
2026-05-08 04:44:00+00:00,10.882399559020996,10.883600234985352,10.88187026977539,10.882769584655762,0
2026-05-08 04:45:00+00:00,10.882229804992676,10.883199691772461,10.88187026977539,10.882349967956543,0
2026-05-08 04:46:00+00:00,10.882450103759766,10.883199691772461,10.881770133972168,10.882229804992676,0
2026-05-08 04:47:00+00:00,10.883090019226074,10.883600234985352,10.881970405578613,10.882450103759766,0
2026-05-08 04:48:00+00:00,10.882369995117188,10.88379955291748,10.881959915161133,10.882800102233887,0
2026-05-08 04:49:00+00:00,10.87975025177002,10.882909774780273,10.879159927368164,10.882169723510742,0
2026-05-08 04:50:00+00:00,10.880080223083496,10.88187026977539,10.879369735717773,10.87975025177002,0
2026-05-08 04:51:00+00:00,10.880889892578125,10.881999969482422,10.879799842834473,10.880080223083496,0
2026-05-08 04:52:00+00:00,10.880260467529297,10.881449699401855,10.879570007324219,10.880849838256836,0
2026-05-08 04:53:00+00:00,10.880249977111816,10.881500244140625,10.879560470581055,10.880220413208008,0
2026-05-08 04:54:00+00:00,10.880849838256836,10.881819725036621,10.879560470581055,10.879560470581055,0
2026-05-08 04:55:00+00:00,10.880900382995605,10.881420135498047,10.880060195922852,10.880749702453613,0
2026-05-08 04:56:00+00:00,10.880900382995605,10.881500244140625,10.880109786987305,10.880900382995605,0
2026-05-08 04:57:00+00:00,10.880900382995605,10.882100105285645,10.880470275878906,10.88047981262207,0
2026-05-08 04:58:00+00:00,10.880849838256836,10.88230037689209,10.88070011138916,10.880900382995605,0
2026-05-08 04:59:00+00:00,10.880900382995605,10.881999969482422,10.880640029907227,10.880849838256836,0
2026-05-08 05:00:00+00:00,10.881250381469727,10.882399559020996,10.880900382995605,10.880900382995605,0
2026-05-08 05:01:00+00:00,10.881349563598633,10.88230037689209,10.880570411682129,10.881250381469727,0
2026-05-08 05:02:00+00:00,10.88129997253418,10.882399559020996,10.880940437316895,10.88107967376709,0
2026-05-08 05:03:00+00:00,10.8818998336792,10.883000373840332,10.881010055541992,10.881199836730957,0
2026-05-08 05:04:00+00:00,10.882399559020996,10.883700370788574,10.881850242614746,10.8818998336792,0
2026-05-08 05:05:00+00:00,10.88228988647461,10.883000373840332,10.881250381469727,10.882399559020996,0
2026-05-08 05:06:00+00:00,10.883000373840332,10.88379955291748,10.881620407104492,10.88241958618164,0
2026-05-08 05:07:00+00:00,10.882149696350098,10.883099555969238,10.881380081176758,10.882749557495117,0
2026-05-08 05:08:00+00:00,10.88206958770752,10.883500099182129,10.881699562072754,10.882149696350098,0
2026-05-08 05:09:00+00:00,10.882149696350098,10.883500099182129,10.881830215454102,10.882149696350098,0
2026-05-08 05:10:00+00:00,10.882149696350098,10.883500099182129,10.8816499710083,10.882149696350098,0
2026-05-08 05:11:00+00:00,10.882149696350098,10.883899688720703,10.882080078125,10.882080078125,0
2026-05-08 05:12:00+00:00,10.881250381469727,10.883500099182129,10.88107967376709,10.882490158081055,0
2026-05-08 05:13:00+00:00,10.881699562072754,10.882599830627441,10.88107967376709,10.881250381469727,0
2026-05-08 05:14:00+00:00,10.8818998336792,10.883600234985352,10.881030082702637,10.881030082702637,0
2026-05-08 05:15:00+00:00,10.882100105285645,10.883600234985352,10.881500244140625,10.8818998336792,0
2026-05-08 05:16:00+00:00,10.882149696350098,10.883299827575684,10.88148021697998,10.882100105285645,0
2026-05-08 05:17:00+00:00,10.882149696350098,10.883099555969238,10.881529808044434,10.882149696350098,0
2026-05-08 05:18:00+00:00,10.882539749145508,10.883500099182129,10.881589889526367,10.882149696350098,0
2026-05-08 05:19:00+00:00,10.881620407104492,10.883299827575684,10.881600379943848,10.882149696350098,0
2026-05-08 05:20:00+00:00,10.88064956665039,10.883000373840332,10.880290031433105,10.881890296936035,0
2026-05-08 05:21:00+00:00,10.880599975585938,10.882100105285645,10.879779815673828,10.880290031433105,0
2026-05-08 05:22:00+00:00,10.880149841308594,10.881199836730957,10.879400253295898,10.880599975585938,0
2026-05-08 05:23:00+00:00,10.880000114440918,10.881199836730957,10.879400253295898,10.880499839782715,0
2026-05-08 05:24:00+00:00,10.880149841308594,10.881950378417969,10.879810333251953,10.880550384521484,0
2026-05-08 05:25:00+00:00,10.880900382995605,10.882599830627441,10.880149841308594,10.880149841308594,0
2026-05-08 05:26:00+00:00,10.880900382995605,10.88230037689209,10.880900382995605,10.880900382995605,0
2026-05-08 05:27:00+00:00,10.881010055541992,10.8818998336792,10.88053035736084,10.881369590759277,0
2026-05-08 05:28:00+00:00,10.880620002746582,10.881389617919922,10.879949569702148,10.880900382995605,0
2026-05-08 05:29:00+00:00,10.879610061645508,10.881199836730957,10.879130363464355,10.880350112915039,0
2026-05-08 05:30:00+00:00,10.876399993896484,10.879899978637695,10.875900268554688,10.879610061645508,0
2026-05-08 05:31:00+00:00,10.878199577331543,10.878800392150879,10.876569747924805,10.877099990844727,0
2026-05-08 05:32:00+00:00,10.877249717712402,10.878700256347656,10.876810073852539,10.877650260925293,0
2026-05-08 05:33:00+00:00,10.87814998626709,10.87926959991455,10.877120018005371,10.877249717712402,0
2026-05-08 05:34:00+00:00,10.877599716186523,10.878569602966309,10.876830101013184,10.87814998626709,0
2026-05-08 05:35:00+00:00,10.877189636230469,10.878899574279785,10.877030372619629,10.877690315246582,0
2026-05-08 05:36:00+00:00,10.876819610595703,10.878000259399414,10.876819610595703,10.877189636230469,0
2026-05-08 05:37:00+00:00,10.878009796142578,10.878399848937988,10.876219749450684,10.876819610595703,0
2026-05-08 05:38:00+00:00,10.877559661865234,10.878800392150879,10.87736988067627,10.877470016479492,0
2026-05-08 05:39:00+00:00,10.878700256347656,10.880000114440918,10.877699851989746,10.877889633178711,0
2026-05-08 05:40:00+00:00,10.878459930419922,10.879899978637695,10.877989768981934,10.878700256347656,0
2026-05-08 05:41:00+00:00,10.878950119018555,10.879599571228027,10.877790451049805,10.878459930419922,0
2026-05-08 05:42:00+00:00,10.87814998626709,10.87969970703125,10.878100395202637,10.878580093383789,0
2026-05-08 05:43:00+00:00,10.878350257873535,10.879199981689453,10.878100395202637,10.878100395202637,0
2026-05-08 05:44:00+00:00,10.877240180969238,10.879300117492676,10.87720012664795,10.878299713134766,0
2026-05-08 05:45:00+00:00,10.877260208129883,10.879199981689453,10.876350402832031,10.877949714660645,0
2026-05-08 05:46:00+00:00,10.877169609069824,10.878399848937988,10.876879692077637,10.87714958190918,0
2026-05-08 05:47:00+00:00,10.877479553222656,10.878399848937988,10.876749992370605,10.877249717712402,0
2026-05-08 05:48:00+00:00,10.876399993896484,10.878800392150879,10.875690460205078,10.876879692077637,0
2026-05-08 05:49:00+00:00,10.87654972076416,10.876899719238281,10.875650405883789,10.876399993896484,0
2026-05-08 05:50:00+00:00,10.875329971313477,10.876859664916992,10.87378978729248,10.876350402832031,0
2026-05-08 05:51:00+00:00,10.875650405883789,10.876500129699707,10.874750137329102,10.874930381774902,0
2026-05-08 05:52:00+00:00,10.875650405883789,10.877449989318848,10.87559986114502,10.875650405883789,0
2026-05-08 05:53:00+00:00,10.875900268554688,10.876899719238281,10.875490188598633,10.876700401306152,0
2026-05-08 05:54:00+00:00,10.87615966796875,10.877099990844727,10.875530242919922,10.875900268554688,0
2026-05-08 05:55:00+00:00,10.875849723815918,10.877300262451172,10.875639915466309,10.87615966796875,0
2026-05-08 05:56:00+00:00,10.875800132751465,10.877400398254395,10.875699996948242,10.87615966796875,0
2026-05-08 05:57:00+00:00,10.875300407409668,10.876999855041504,10.874870300292969,10.875860214233398,0
2026-05-08 05:58:00+00:00,10.875029563903809,10.875900268554688,10.874540328979492,10.874870300292969,0
2026-05-08 05:59:00+00:00,10.876199722290039,10.878049850463867,10.87341022491455,10.875029563903809,0
2026-05-08 06:00:00+00:00,10.876099586486816,10.878800392150879,10.872650146484375,10.87621021270752,0
2026-05-08 06:01:00+00:00,10.874309539794922,10.876279830932617,10.874250411987305,10.875089645385742,0
2026-05-08 06:02:00+00:00,10.876399993896484,10.877570152282715,10.87423038482666,10.874329566955566,0
2026-05-08 06:03:00+00:00,10.877710342407227,10.879300117492676,10.876299858093262,10.876999855041504,0
2026-05-08 06:04:00+00:00,10.87440013885498,10.878660202026367,10.87279987335205,10.877860069274902,0
2026-05-08 06:05:00+00:00,10.87555980682373,10.87660026550293,10.87417984008789,10.87440013885498,0
2026-05-08 06:06:00+00:00,10.874139785766602,10.876099586486816,10.873109817504883,10.87555980682373,0
2026-05-08 06:07:00+00:00,10.873279571533203,10.874699592590332,10.872949600219727,10.873459815979004,0
2026-05-08 06:08:00+00:00,10.873390197753906,10.875300407409668,10.873180389404297,10.873279571533203,0
2026-05-08 06:09:00+00:00,10.873629570007324,10.87660026550293,10.87285041809082,10.873490333557129,0
2026-05-08 06:10:00+00:00,10.875860214233398,10.876709938049316,10.873579978942871,10.873629570007324,0
2026-05-08 06:11:00+00:00,10.875300407409668,10.876520156860352,10.874670028686523,10.875499725341797,0
2026-05-08 06:12:00+00:00,10.876669883728027,10.877440452575684,10.875229835510254,10.875300407409668,0
2026-05-08 06:13:00+00:00,10.876119613647461,10.877599716186523,10.875399589538574,10.875800132751465,0
2026-05-08 06:14:00+00:00,10.877610206604004,10.878040313720703,10.875969886779785,10.876119613647461,0
2026-05-08 06:15:00+00:00,10.878259658813477,10.878899574279785,10.876709938049316,10.877659797668457,0
2026-05-08 06:16:00+00:00,10.874859809875488,10.879199981689453,10.874090194702148,10.8783597946167,0
2026-05-08 06:17:00+00:00,10.872559547424316,10.874939918518066,10.872200012207031,10.874090194702148,0
2026-05-08 06:18:00+00:00,10.872550010681152,10.87399959564209,10.872050285339355,10.872200012207031,0
2026-05-08 06:19:00+00:00,10.869500160217285,10.872599601745605,10.869400024414062,10.872599601745605,0
2026-05-08 06:20:00+00:00,10.86989974975586,10.872400283813477,10.86989974975586,10.870770454406738,0
2026-05-08 06:21:00+00:00,10.870829582214355,10.872099876403809,10.86989974975586,10.86989974975586,0
2026-05-08 06:22:00+00:00,10.870100021362305,10.871800422668457,10.869600296020508,10.870200157165527,0
2026-05-08 06:23:00+00:00,10.870400428771973,10.871979713439941,10.868989944458008,10.869600296020508,0
2026-05-08 06:24:00+00:00,10.870400428771973,10.871800422668457,10.870400428771973,10.871040344238281,0
2026-05-08 06:25:00+00:00,10.871999740600586,10.872969627380371,10.870400428771973,10.871270179748535,0
2026-05-08 06:26:00+00:00,10.870750427246094,10.873479843139648,10.86989974975586,10.872900009155273,0
2026-05-08 06:27:00+00:00,10.869959831237793,10.872599601745605,10.869549751281738,10.870750427246094,0
2026-05-08 06:28:00+00:00,10.869799613952637,10.871500015258789,10.869460105895996,10.869959831237793,0
2026-05-08 06:29:00+00:00,10.869050025939941,10.870100021362305,10.86830997467041,10.869799613952637,0
2026-05-08 06:30:00+00:00,10.867799758911133,10.870699882507324,10.867199897766113,10.869050025939941,0
2026-05-08 06:31:00+00:00,10.869370460510254,10.870699882507324,10.866530418395996,10.867799758911133,0
2026-05-08 06:32:00+00:00,10.868630409240723,10.869970321655273,10.867899894714355,10.869070053100586,0
2026-05-08 06:33:00+00:00,10.869669914245605,10.87030029296875,10.86771011352539,10.868630409240723,0
2026-05-08 06:34:00+00:00,10.86870002746582,10.870579719543457,10.868080139160156,10.869170188903809,0
2026-05-08 06:35:00+00:00,10.868399620056152,10.870400428771973,10.868260383605957,10.86870002746582,0
2026-05-08 06:36:00+00:00,10.86870002746582,10.869799613952637,10.868300437927246,10.868399620056152,0
2026-05-08 06:37:00+00:00,10.868499755859375,10.87030029296875,10.868289947509766,10.86870002746582,0
2026-05-08 06:38:00+00:00,10.868300437927246,10.869400024414062,10.867859840393066,10.868499755859375,0
2026-05-08 06:39:00+00:00,10.868599891662598,10.870169639587402,10.867520332336426,10.868300437927246,0
2026-05-08 06:40:00+00:00,10.866299629211426,10.869489669799805,10.865909576416016,10.868599891662598,0
2026-05-08 06:41:00+00:00,10.865050315856934,10.866689682006836,10.864399909973145,10.866299629211426,0
2026-05-08 06:42:00+00:00,10.866999626159668,10.867690086364746,10.86520004272461,10.865300178527832,0
2026-05-08 06:43:00+00:00,10.866100311279297,10.86771011352539,10.865690231323242,10.867569923400879,0
2026-05-08 06:44:00+00:00,10.865699768066406,10.86769962310791,10.864950180053711,10.866100311279297,0
2026-05-08 06:45:00+00:00,10.867199897766113,10.867989540100098,10.865500450134277,10.865699768066406,0
2026-05-08 06:46:00+00:00,10.866399765014648,10.867899894714355,10.866250038146973,10.867199897766113,0
2026-05-08 06:47:00+00:00,10.864669799804688,10.867210388183594,10.864250183105469,10.867170333862305,0
2026-05-08 06:48:00+00:00,10.86493968963623,10.866700172424316,10.864399909973145,10.864689826965332,0
2026-05-08 06:49:00+00:00,10.865169525146484,10.866100311279297,10.864230155944824,10.864800453186035,0
2026-05-08 06:50:00+00:00,10.86497974395752,10.866900444030762,10.864800453186035,10.864800453186035,0
2026-05-08 06:51:00+00:00,10.866120338439941,10.867500305175781,10.864450454711914,10.864870071411133,0
2026-05-08 06:52:00+00:00,10.866270065307617,10.867400169372559,10.865150451660156,10.865889549255371,0
2026-05-08 06:53:00+00:00,10.865509986877441,10.866900444030762,10.865180015563965,10.865699768066406,0
2026-05-08 06:54:00+00:00,10.865300178527832,10.866700172424316,10.864640235900879,10.86553955078125,0
2026-05-08 06:55:00+00:00,10.864399909973145,10.86709976196289,10.864299774169922,10.865300178527832,0
2026-05-08 06:56:00+00:00,10.862950325012207,10.864999771118164,10.862640380859375,10.864399909973145,0
2026-05-08 06:57:00+00:00,10.863360404968262,10.8641996383667,10.862090110778809,10.86283016204834,0
2026-05-08 06:58:00+00:00,10.862709999084473,10.864350318908691,10.862199783325195,10.863180160522461,0
2026-05-08 06:59:00+00:00,10.861769676208496,10.86378002166748,10.858400344848633,10.862199783325195,0
2026-05-08 07:00:00+00:00,10.865070343017578,10.866479873657227,10.860190391540527,10.861300468444824,0
2026-05-08 07:01:00+00:00,10.865389823913574,10.866600036621094,10.863180160522461,10.865070343017578,0
2026-05-08 07:02:00+00:00,10.864819526672363,10.866000175476074,10.862850189208984,10.865799903869629,0
2026-05-08 07:03:00+00:00,10.87147045135498,10.872369766235352,10.864890098571777,10.865409851074219,0
2026-05-08 07:04:00+00:00,10.86493968963623,10.871589660644531,10.862750053405762,10.871589660644531,0
2026-05-08 07:05:00+00:00,10.866399765014648,10.867070198059082,10.864720344543457,10.864720344543457,0
2026-05-08 07:06:00+00:00,10.867119789123535,10.867890357971191,10.866000175476074,10.867030143737793,0
2026-05-08 07:07:00+00:00,10.865900039672852,10.86797046661377,10.865500450134277,10.866499900817871,0
2026-05-08 07:08:00+00:00,10.862099647521973,10.866430282592773,10.861459732055664,10.865900039672852,0
2026-05-08 07:09:00+00:00,10.861749649047852,10.864399909973145,10.861160278320312,10.861669540405273,0
2026-05-08 07:10:00+00:00,10.861800193786621,10.863499641418457,10.861749649047852,10.862259864807129,0
2026-05-08 07:11:00+00:00,10.86100959777832,10.86266040802002,10.860300064086914,10.861800193786621,0
2026-05-08 07:12:00+00:00,10.859800338745117,10.862700462341309,10.859800338745117,10.86100959777832,0
2026-05-08 07:13:00+00:00,10.861700057983398,10.86322021484375,10.859869956970215,10.859869956970215,0
2026-05-08 07:14:00+00:00,10.866169929504395,10.868229866027832,10.861499786376953,10.861700057983398,0
2026-05-08 07:15:00+00:00,10.865260124206543,10.867119789123535,10.863129615783691,10.866390228271484,0
2026-05-08 07:16:00+00:00,10.865229606628418,10.866660118103027,10.863699913024902,10.864450454711914,0
2026-05-08 07:17:00+00:00,10.861900329589844,10.865779876708984,10.861900329589844,10.865240097045898,0
2026-05-08 07:18:00+00:00,10.862569808959961,10.864100456237793,10.861900329589844,10.86277961730957,0
2026-05-08 07:19:00+00:00,10.862099647521973,10.864080429077148,10.861900329589844,10.862299919128418,0
2026-05-08 07:20:00+00:00,10.862159729003906,10.86400032043457,10.860819816589355,10.862099647521973,0
2026-05-08 07:21:00+00:00,10.861470222473145,10.86359977722168,10.860380172729492,10.861149787902832,0
2026-05-08 07:22:00+00:00,10.864680290222168,10.864680290222168,10.86139965057373,10.86139965057373,0
2026-05-08 07:23:00+00:00,10.86240005493164,10.865389823913574,10.86227035522461,10.863100051879883,0
2026-05-08 07:24:00+00:00,10.863490104675293,10.865320205688477,10.860950469970703,10.862460136413574,0
2026-05-08 07:25:00+00:00,10.864689826965332,10.865599632263184,10.86299991607666,10.863439559936523,0
2026-05-08 07:26:00+00:00,10.86559009552002,10.865859985351562,10.86299991607666,10.86340045928955,0
2026-05-08 07:27:00+00:00,10.865599632263184,10.866959571838379,10.863800048828125,10.86520004272461,0
2026-05-08 07:28:00+00:00,10.866700172424316,10.867899894714355,10.864800453186035,10.865599632263184,0
2026-05-08 07:29:00+00:00,10.864950180053711,10.867500305175781,10.864919662475586,10.866700172424316,0
2026-05-08 07:30:00+00:00,10.86559009552002,10.866800308227539,10.86493968963623,10.865779876708984,0
2026-05-08 07:31:00+00:00,10.865659713745117,10.866499900817871,10.864649772644043,10.86571979522705,0
2026-05-08 07:32:00+00:00,10.8606595993042,10.866020202636719,10.860650062561035,10.865300178527832,0
2026-05-08 07:33:00+00:00,10.860899925231934,10.863300323486328,10.859370231628418,10.861809730529785,0
2026-05-08 07:34:00+00:00,10.861000061035156,10.862299919128418,10.860320091247559,10.860899925231934,0
2026-05-08 07:35:00+00:00,10.864060401916504,10.865079879760742,10.861000061035156,10.861000061035156,0
2026-05-08 07:36:00+00:00,10.86460018157959,10.866000175476074,10.86299991607666,10.86340045928955,0
2026-05-08 07:37:00+00:00,10.864370346069336,10.86555004119873,10.863200187683105,10.865489959716797,0
2026-05-08 07:38:00+00:00,10.863699913024902,10.865019798278809,10.863200187683105,10.863550186157227,0
2026-05-08 07:39:00+00:00,10.864999771118164,10.866029739379883,10.86240005493164,10.86359977722168,0
2026-05-08 07:40:00+00:00,10.865400314331055,10.867050170898438,10.864520072937012,10.864999771118164,0
2026-05-08 07:41:00+00:00,10.86359977722168,10.867300033569336,10.863300323486328,10.865300178527832,0
2026-05-08 07:42:00+00:00,10.862890243530273,10.865300178527832,10.862449645996094,10.864500045776367,0
2026-05-08 07:43:00+00:00,10.863369941711426,10.864800453186035,10.862170219421387,10.862879753112793,0
2026-05-08 07:44:00+00:00,10.86240005493164,10.8641996383667,10.86240005493164,10.86240005493164,0
2026-05-08 07:45:00+00:00,10.863320350646973,10.86454963684082,10.862259864807129,10.862580299377441,0
2026-05-08 07:46:00+00:00,10.86520004272461,10.865400314331055,10.863300323486328,10.863419532775879,0
2026-05-08 07:47:00+00:00,10.865690231323242,10.866000175476074,10.863329887390137,10.864950180053711,0
2026-05-08 07:48:00+00:00,10.864299774169922,10.866140365600586,10.863739967346191,10.864950180053711,0
2026-05-08 07:49:00+00:00,10.864789962768555,10.86598014831543,10.863969802856445,10.864299774169922,0
2026-05-08 07:50:00+00:00,10.862950325012207,10.865130424499512,10.86238956451416,10.863699913024902,0
2026-05-08 07:51:00+00:00,10.865010261535645,10.866379737854004,10.862950325012207,10.863980293273926,0
2026-05-08 07:52:00+00:00,10.864760398864746,10.866720199584961,10.864219665527344,10.865010261535645,0
2026-05-08 07:53:00+00:00,10.865050315856934,10.867509841918945,10.863759994506836,10.864760398864746,0
2026-05-08 07:54:00+00:00,10.863619804382324,10.866700172424316,10.863519668579102,10.865019798278809,0
2026-05-08 07:55:00+00:00,10.864509582519531,10.86709976196289,10.863100051879883,10.863619804382324,0
2026-05-08 07:56:00+00:00,10.866729736328125,10.867400169372559,10.864469528198242,10.864469528198242,0
2026-05-08 07:57:00+00:00,10.867600440979004,10.868780136108398,10.865389823913574,10.865559577941895,0
2026-05-08 07:58:00+00:00,10.86771011352539,10.869150161743164,10.866800308227539,10.867600440979004,0
2026-05-08 07:59:00+00:00,10.864890098571777,10.867899894714355,10.863530158996582,10.866869926452637,0
2026-05-08 08:00:00+00:00,10.866399765014648,10.866880416870117,10.862500190734863,10.8648099899292,0
2026-05-08 08:01:00+00:00,10.866230010986328,10.868000030517578,10.865070343017578,10.865900039672852,0
2026-05-08 08:02:00+00:00,10.86697006225586,10.869119644165039,10.865750312805176,10.866220474243164,0
2026-05-08 08:03:00+00:00,10.865400314331055,10.8689603805542,10.864500045776367,10.86697006225586,0
2026-05-08 08:04:00+00:00,10.865400314331055,10.867199897766113,10.865169525146484,10.866800308227539,0
2026-05-08 08:05:00+00:00,10.866589546203613,10.86709976196289,10.86520004272461,10.865400314331055,0
2026-05-08 08:06:00+00:00,10.865409851074219,10.867859840393066,10.865300178527832,10.865400314331055,0
2026-05-08 08:07:00+00:00,10.865599632263184,10.867799758911133,10.865260124206543,10.866820335388184,0
2026-05-08 08:08:00+00:00,10.866140365600586,10.867770195007324,10.865099906921387,10.865599632263184,0
2026-05-08 08:09:00+00:00,10.865650177001953,10.8681001663208,10.865400314331055,10.86752986907959,0
2026-05-08 08:10:00+00:00,10.863300323486328,10.866689682006836,10.86277961730957,10.865650177001953,0
2026-05-08 08:11:00+00:00,10.862299919128418,10.864629745483398,10.86178970336914,10.863300323486328,0
2026-05-08 08:12:00+00:00,10.862469673156738,10.864509582519531,10.86205005645752,10.862299919128418,0
2026-05-08 08:13:00+00:00,10.863100051879883,10.865300178527832,10.862299919128418,10.862449645996094,0
2026-05-08 08:14:00+00:00,10.86299991607666,10.864930152893066,10.862199783325195,10.863349914550781,0
2026-05-08 08:15:00+00:00,10.862799644470215,10.8641996383667,10.861820220947266,10.86305046081543,0
2026-05-08 08:16:00+00:00,10.86244010925293,10.863800048828125,10.861700057983398,10.862799644470215,0
2026-05-08 08:17:00+00:00,10.86205005645752,10.863900184631348,10.861769676208496,10.86244010925293,0
2026-05-08 08:18:00+00:00,10.861459732055664,10.863570213317871,10.861300468444824,10.862250328063965,0
2026-05-08 08:19:00+00:00,10.861359596252441,10.862449645996094,10.860699653625488,10.861459732055664,0
2026-05-08 08:20:00+00:00,10.861909866333008,10.863309860229492,10.861359596252441,10.861769676208496,0
2026-05-08 08:21:00+00:00,10.859299659729004,10.863759994506836,10.859299659729004,10.861909866333008,0
2026-05-08 08:22:00+00:00,10.860269546508789,10.861100196838379,10.858699798583984,10.860289573669434,0
2026-05-08 08:23:00+00:00,10.856900215148926,10.860639572143555,10.855859756469727,10.859199523925781,0
2026-05-08 08:24:00+00:00,10.856200218200684,10.857629776000977,10.855299949645996,10.85696029663086,0
2026-05-08 08:25:00+00:00,10.857500076293945,10.859600067138672,10.856200218200684,10.856200218200684,0
2026-05-08 08:26:00+00:00,10.854900360107422,10.858499526977539,10.854499816894531,10.857500076293945,0
2026-05-08 08:27:00+00:00,10.854869842529297,10.85669994354248,10.853899955749512,10.854900360107422,0
2026-05-08 08:28:00+00:00,10.853799819946289,10.855480194091797,10.853400230407715,10.85420036315918,0
2026-05-08 08:29:00+00:00,10.854269981384277,10.855600357055664,10.853070259094238,10.853799819946289,0
2026-05-08 08:30:00+00:00,10.852700233459473,10.8548002243042,10.85142993927002,10.853710174560547,0
2026-05-08 08:31:00+00:00,10.851900100708008,10.854559898376465,10.850449562072754,10.852700233459473,0
2026-05-08 08:32:00+00:00,10.851469993591309,10.852470397949219,10.850000381469727,10.851469993591309,0
2026-05-08 08:33:00+00:00,10.853019714355469,10.854000091552734,10.8503999710083,10.8503999710083,0
2026-05-08 08:34:00+00:00,10.849100112915039,10.853190422058105,10.849100112915039,10.852299690246582,0
2026-05-08 08:35:00+00:00,10.849309921264648,10.850150108337402,10.847949981689453,10.850040435791016,0
2026-05-08 08:36:00+00:00,10.848349571228027,10.850469589233398,10.848050117492676,10.84922981262207,0
2026-05-08 08:37:00+00:00,10.847999572753906,10.849900245666504,10.847180366516113,10.848349571228027,0
2026-05-08 08:38:00+00:00,10.84922981262207,10.849900245666504,10.847999572753906,10.847999572753906,0
2026-05-08 08:39:00+00:00,10.84762954711914,10.84984016418457,10.846599578857422,10.848489761352539,0
2026-05-08 08:40:00+00:00,10.846650123596191,10.848400115966797,10.846500396728516,10.846799850463867,0
2026-05-08 08:41:00+00:00,10.846599578857422,10.848199844360352,10.845849990844727,10.847660064697266,0
2026-05-08 08:42:00+00:00,10.848170280456543,10.849100112915039,10.846599578857422,10.847160339355469,0
2026-05-08 08:43:00+00:00,10.845649719238281,10.84939956665039,10.845540046691895,10.847330093383789,0
2026-05-08 08:44:00+00:00,10.847999572753906,10.849530220031738,10.845499992370605,10.845649719238281,0
2026-05-08 08:45:00+00:00,10.849160194396973,10.849639892578125,10.847240447998047,10.847999572753906,0
2026-05-08 08:46:00+00:00,10.848679542541504,10.850330352783203,10.846949577331543,10.847999572753906,0
2026-05-08 08:47:00+00:00,10.847900390625,10.849800109863281,10.847220420837402,10.848770141601562,0
2026-05-08 08:48:00+00:00,10.84508991241455,10.850099563598633,10.843549728393555,10.849519729614258,0
2026-05-08 08:49:00+00:00,10.845399856567383,10.847390174865723,10.845009803771973,10.845219612121582,0
2026-05-08 08:50:00+00:00,10.847780227661133,10.847789764404297,10.845199584960938,10.845399856567383,0
2026-05-08 08:51:00+00:00,10.846150398254395,10.847909927368164,10.845430374145508,10.847820281982422,0
2026-05-08 08:52:00+00:00,10.8471097946167,10.848799705505371,10.84589958190918,10.847620010375977,0
2026-05-08 08:53:00+00:00,10.847060203552246,10.848620414733887,10.846280097961426,10.847000122070312,0
2026-05-08 08:54:00+00:00,10.846839904785156,10.848310470581055,10.84650993347168,10.84691047668457,0
2026-05-08 08:55:00+00:00,10.84691047668457,10.849200248718262,10.846650123596191,10.846839904785156,0
2026-05-08 08:56:00+00:00,10.8466796875,10.848799705505371,10.845680236816406,10.84708023071289,0
2026-05-08 08:57:00+00:00,10.845009803771973,10.847700119018555,10.84490966796875,10.846099853515625,0
2026-05-08 08:58:00+00:00,10.84475040435791,10.846500396728516,10.844679832458496,10.84585952758789,0
2026-05-08 08:59:00+00:00,10.842379570007324,10.845999717712402,10.841320037841797,10.844840049743652,0
2026-05-08 09:00:00+00:00,10.845620155334473,10.845760345458984,10.840579986572266,10.841939926147461,0
2026-05-08 09:01:00+00:00,10.841970443725586,10.845490455627441,10.840920448303223,10.84469985961914,0
2026-05-08 09:02:00+00:00,10.840339660644531,10.842670440673828,10.839659690856934,10.842009544372559,0
2026-05-08 09:03:00+00:00,10.841659545898438,10.842599868774414,10.839269638061523,10.840660095214844,0
2026-05-08 09:04:00+00:00,10.841629981994629,10.842300415039062,10.839699745178223,10.841659545898438,0
2026-05-08 09:05:00+00:00,10.84177017211914,10.84391975402832,10.840339660644531,10.841629981994629,0
2026-05-08 09:06:00+00:00,10.840909957885742,10.843000411987305,10.840499877929688,10.841560363769531,0
2026-05-08 09:07:00+00:00,10.8408203125,10.84220027923584,10.840049743652344,10.840789794921875,0
2026-05-08 09:08:00+00:00,10.840829849243164,10.842100143432617,10.839759826660156,10.841520309448242,0
2026-05-08 09:09:00+00:00,10.841099739074707,10.841790199279785,10.839460372924805,10.840160369873047,0
2026-05-08 09:10:00+00:00,10.841520309448242,10.842599868774414,10.84058952331543,10.841099739074707,0
2026-05-08 09:11:00+00:00,10.841540336608887,10.843040466308594,10.840299606323242,10.840729713439941,0
2026-05-08 09:12:00+00:00,10.84276008605957,10.8433198928833,10.841300010681152,10.841320037841797,0
2026-05-08 09:13:00+00:00,10.842169761657715,10.842900276184082,10.840499877929688,10.84154987335205,0
2026-05-08 09:14:00+00:00,10.841699600219727,10.843299865722656,10.841150283813477,10.842169761657715,0
2026-05-08 09:15:00+00:00,10.841259956359863,10.843400001525879,10.840869903564453,10.841699600219727,0
2026-05-08 09:16:00+00:00,10.839920043945312,10.842499732971191,10.839500427246094,10.841259956359863,0
2026-05-08 09:17:00+00:00,10.839900016784668,10.842100143432617,10.839699745178223,10.839699745178223,0
2026-05-08 09:18:00+00:00,10.839550018310547,10.841620445251465,10.839500427246094,10.84097957611084,0
2026-05-08 09:19:00+00:00,10.840499877929688,10.841500282287598,10.839349746704102,10.839750289916992,0
2026-05-08 09:20:00+00:00,10.840160369873047,10.842240333557129,10.839360237121582,10.839900016784668,0
2026-05-08 09:21:00+00:00,10.840629577636719,10.841500282287598,10.838979721069336,10.840160369873047,0
2026-05-08 09:22:00+00:00,10.839850425720215,10.841699600219727,10.839599609375,10.840629577636719,0
2026-05-08 09:23:00+00:00,10.839200019836426,10.840999603271484,10.838500022888184,10.839759826660156,0
2026-05-08 09:24:00+00:00,10.839630126953125,10.840869903564453,10.83899974822998,10.839200019836426,0
2026-05-08 09:25:00+00:00,10.839179992675781,10.840450286865234,10.837719917297363,10.839630126953125,0
2026-05-08 09:26:00+00:00,10.839969635009766,10.841699600219727,10.838749885559082,10.839759826660156,0
2026-05-08 09:27:00+00:00,10.840259552001953,10.841079711914062,10.838729858398438,10.839969635009766,0
2026-05-08 09:28:00+00:00,10.840869903564453,10.842129707336426,10.83899974822998,10.839070320129395,0
2026-05-08 09:29:00+00:00,10.842840194702148,10.844989776611328,10.840789794921875,10.84175968170166,0
2026-05-08 09:30:00+00:00,10.841300010681152,10.843910217285156,10.84119987487793,10.842829704284668,0
2026-05-08 09:31:00+00:00,10.842599868774414,10.8441801071167,10.84119987487793,10.84119987487793,0
2026-05-08 09:32:00+00:00,10.84447956085205,10.84508991241455,10.842599868774414,10.842809677124023,0
2026-05-08 09:33:00+00:00,10.843489646911621,10.845569610595703,10.842650413513184,10.843999862670898,0
2026-05-08 09:34:00+00:00,10.84280014038086,10.844889640808105,10.842659950256348,10.843299865722656,0
2026-05-08 09:35:00+00:00,10.844300270080566,10.844300270080566,10.84235954284668,10.843999862670898,0
2026-05-08 09:36:00+00:00,10.842700004577637,10.843589782714844,10.841099739074707,10.842670440673828,0
2026-05-08 09:37:00+00:00,10.842860221862793,10.843199729919434,10.841190338134766,10.841899871826172,0
2026-05-08 09:38:00+00:00,10.841670036315918,10.843500137329102,10.84160041809082,10.841790199279785,0
2026-05-08 09:39:00+00:00,10.841690063476562,10.843299865722656,10.841150283813477,10.841939926147461,0
2026-05-08 09:40:00+00:00,10.842000007629395,10.843799591064453,10.841500282287598,10.841659545898438,0
2026-05-08 09:41:00+00:00,10.841300010681152,10.843819618225098,10.841300010681152,10.842000007629395,0
2026-05-08 09:42:00+00:00,10.842169761657715,10.84280014038086,10.840900421142578,10.840929985046387,0
2026-05-08 09:43:00+00:00,10.842100143432617,10.843469619750977,10.841050148010254,10.841349601745605,0
2026-05-08 09:44:00+00:00,10.841959953308105,10.843500137329102,10.841679573059082,10.843000411987305,0
2026-05-08 09:45:00+00:00,10.841859817504883,10.843299865722656,10.841139793395996,10.84154987335205,0
2026-05-08 09:46:00+00:00,10.84218978881836,10.843500137329102,10.841690063476562,10.841870307922363,0
2026-05-08 09:47:00+00:00,10.841899871826172,10.843400001525879,10.840609550476074,10.843400001525879,0
2026-05-08 09:48:00+00:00,10.842060089111328,10.843799591064453,10.841629981994629,10.842900276184082,0
2026-05-08 09:49:00+00:00,10.841110229492188,10.843130111694336,10.840519905090332,10.842089653015137,0
2026-05-08 09:50:00+00:00,10.841219902038574,10.84280014038086,10.840840339660645,10.840900421142578,0
2026-05-08 09:51:00+00:00,10.841329574584961,10.842499732971191,10.839500427246094,10.842350006103516,0
2026-05-08 09:52:00+00:00,10.843839645385742,10.844389915466309,10.84142017364502,10.841859817504883,0
2026-05-08 09:53:00+00:00,10.84335994720459,10.845279693603516,10.843000411987305,10.843839645385742,0
2026-05-08 09:54:00+00:00,10.843339920043945,10.844599723815918,10.842439651489258,10.84335994720459,0
2026-05-08 09:55:00+00:00,10.844799995422363,10.845709800720215,10.842229843139648,10.843660354614258,0
2026-05-08 09:56:00+00:00,10.844730377197266,10.846570014953613,10.8433198928833,10.844799995422363,0
2026-05-08 09:57:00+00:00,10.84315013885498,10.84550952911377,10.84315013885498,10.845060348510742,0
2026-05-08 09:58:00+00:00,10.84214973449707,10.8443603515625,10.842109680175781,10.844300270080566,0
2026-05-08 09:59:00+00:00,10.842809677124023,10.843500137329102,10.841349601745605,10.84214973449707,0
2026-05-08 10:00:00+00:00,10.843310356140137,10.843709945678711,10.841939926147461,10.84257984161377,0
2026-05-08 10:01:00+00:00,10.841270446777344,10.843520164489746,10.841110229492188,10.842249870300293,0
2026-05-08 10:02:00+00:00,10.840629577636719,10.842260360717773,10.839639663696289,10.841270446777344,0
2026-05-08 10:03:00+00:00,10.83961009979248,10.841509819030762,10.838879585266113,10.840649604797363,0
2026-05-08 10:04:00+00:00,10.841259956359863,10.841529846191406,10.838500022888184,10.839320182800293,0
2026-05-08 10:05:00+00:00,10.840840339660645,10.84179973602295,10.839710235595703,10.841259956359863,0
2026-05-08 10:06:00+00:00,10.83804988861084,10.841119766235352,10.836970329284668,10.840290069580078,0
2026-05-08 10:07:00+00:00,10.837459564208984,10.83899974822998,10.836299896240234,10.838520050048828,0
2026-05-08 10:08:00+00:00,10.8371000289917,10.83899974822998,10.836299896240234,10.837459564208984,0
2026-05-08 10:09:00+00:00,10.838080406188965,10.839500427246094,10.837220191955566,10.837389945983887,0
2026-05-08 10:10:00+00:00,10.838669776916504,10.839500427246094,10.837249755859375,10.838239669799805,0
2026-05-08 10:11:00+00:00,10.8371000289917,10.839099884033203,10.836600303649902,10.837579727172852,0
2026-05-08 10:12:00+00:00,10.837129592895508,10.838800430297852,10.836400032043457,10.8371000289917,0
2026-05-08 10:13:00+00:00,10.836990356445312,10.838199615478516,10.836090087890625,10.837169647216797,0
2026-05-08 10:14:00+00:00,10.837019920349121,10.838500022888184,10.836540222167969,10.836700439453125,0
2026-05-08 10:15:00+00:00,10.83705997467041,10.838299751281738,10.836020469665527,10.836819648742676,0
2026-05-08 10:16:00+00:00,10.837209701538086,10.83810043334961,10.836509704589844,10.836939811706543,0
2026-05-08 10:17:00+00:00,10.834179878234863,10.838299751281738,10.834099769592285,10.836739540100098,0
2026-05-08 10:18:00+00:00,10.833970069885254,10.835599899291992,10.83329963684082,10.834420204162598,0
2026-05-08 10:19:00+00:00,10.833600044250488,10.835700035095215,10.8333101272583,10.834369659423828,0
2026-05-08 10:20:00+00:00,10.832440376281738,10.83530044555664,10.832200050354004,10.833499908447266,0
2026-05-08 10:21:00+00:00,10.832159996032715,10.834199905395508,10.83137035369873,10.832300186157227,0
2026-05-08 10:22:00+00:00,10.831620216369629,10.833800315856934,10.83141040802002,10.832200050354004,0
2026-05-08 10:23:00+00:00,10.831469535827637,10.833600044250488,10.830900192260742,10.831480026245117,0
2026-05-08 10:24:00+00:00,10.831040382385254,10.832900047302246,10.830699920654297,10.83156967163086,0
2026-05-08 10:25:00+00:00,10.829930305480957,10.832229614257812,10.828749656677246,10.831040382385254,0
2026-05-08 10:26:00+00:00,10.829179763793945,10.830160140991211,10.829170227050781,10.829910278320312,0
2026-05-08 10:27:00+00:00,10.829700469970703,10.830699920654297,10.828459739685059,10.829919815063477,0
2026-05-08 10:28:00+00:00,10.829360008239746,10.830400466918945,10.828980445861816,10.829700469970703,0
2026-05-08 10:29:00+00:00,10.828169822692871,10.830100059509277,10.827309608459473,10.829360008239746,0
2026-05-08 10:30:00+00:00,10.827569961547852,10.829099655151367,10.826250076293945,10.82761001586914,0
2026-05-08 10:31:00+00:00,10.824740409851074,10.828499794006348,10.82468032836914,10.827939987182617,0
2026-05-08 10:32:00+00:00,10.824790000915527,10.825900077819824,10.82429027557373,10.825369834899902,0
2026-05-08 10:33:00+00:00,10.82289981842041,10.825699806213379,10.822529792785645,10.82526969909668,0
2026-05-08 10:34:00+00:00,10.822759628295898,10.824049949645996,10.821800231933594,10.82289981842041,0
2026-05-08 10:35:00+00:00,10.82406997680664,10.825300216674805,10.821450233459473,10.82273006439209,0
2026-05-08 10:36:00+00:00,10.820699691772461,10.82450008392334,10.819479942321777,10.824139595031738,0
2026-05-08 10:37:00+00:00,10.819660186767578,10.822600364685059,10.818079948425293,10.82157039642334,0
2026-05-08 10:38:00+00:00,10.818790435791016,10.822500228881836,10.818530082702637,10.819660186767578,0
2026-05-08 10:39:00+00:00,10.81781005859375,10.820599555969238,10.81779956817627,10.81875991821289,0
2026-05-08 10:40:00+00:00,10.819169998168945,10.819899559020996,10.817339897155762,10.81781005859375,0
2026-05-08 10:41:00+00:00,10.82073974609375,10.821120262145996,10.81737995147705,10.817620277404785,0
2026-05-08 10:42:00+00:00,10.820300102233887,10.821399688720703,10.818599700927734,10.818869590759277,0
2026-05-08 10:43:00+00:00,10.81875991821289,10.820759773254395,10.817749977111816,10.818610191345215,0
2026-05-08 10:44:00+00:00,10.821459770202637,10.824090003967285,10.81779956817627,10.81814956665039,0
2026-05-08 10:45:00+00:00,10.823559761047363,10.824819564819336,10.821229934692383,10.821459770202637,0
2026-05-08 10:46:00+00:00,10.823380470275879,10.824620246887207,10.822070121765137,10.822349548339844,0
2026-05-08 10:47:00+00:00,10.822930335998535,10.825539588928223,10.821980476379395,10.822199821472168,0
2026-05-08 10:48:00+00:00,10.824410438537598,10.825200080871582,10.822770118713379,10.822930335998535,0
2026-05-08 10:49:00+00:00,10.823960304260254,10.825429916381836,10.822210311889648,10.823030471801758,0
2026-05-08 10:50:00+00:00,10.827349662780762,10.828189849853516,10.823399543762207,10.825260162353516,0
2026-05-08 10:51:00+00:00,10.827730178833008,10.828519821166992,10.825630187988281,10.826009750366211,0
2026-05-08 10:52:00+00:00,10.825949668884277,10.828619956970215,10.825909614562988,10.828510284423828,0
2026-05-08 10:53:00+00:00,10.826020240783691,10.82765007019043,10.824830055236816,10.827580451965332,0
2026-05-08 10:54:00+00:00,10.826279640197754,10.828200340270996,10.825799942016602,10.82621955871582,0
2026-05-08 10:55:00+00:00,10.830650329589844,10.834939956665039,10.82567024230957,10.82726001739502,0
2026-05-08 10:56:00+00:00,10.828530311584473,10.831680297851562,10.828530311584473,10.8303804397583,0
2026-05-08 10:57:00+00:00,10.829059600830078,10.831130027770996,10.827799797058105,10.82960033416748,0
2026-05-08 10:58:00+00:00,10.829299926757812,10.831060409545898,10.82781982421875,10.829059600830078,0
2026-05-08 10:59:00+00:00,10.829130172729492,10.831100463867188,10.828310012817383,10.829299926757812,0
2026-05-08 11:00:00+00:00,10.828180313110352,10.830699920654297,10.827799797058105,10.830089569091797,0
2026-05-08 11:01:00+00:00,10.830180168151855,10.83180046081543,10.827739715576172,10.829000473022461,0
2026-05-08 11:02:00+00:00,10.829939842224121,10.832030296325684,10.828120231628418,10.830349922180176,0
2026-05-08 11:03:00+00:00,10.830229759216309,10.832200050354004,10.829790115356445,10.830900192260742,0
2026-05-08 11:04:00+00:00,10.828550338745117,10.831589698791504,10.828080177307129,10.830229759216309,0
2026-05-08 11:05:00+00:00,10.828169822692871,10.829700469970703,10.827360153198242,10.828550338745117,0
2026-05-08 11:06:00+00:00,10.829039573669434,10.831299781799316,10.828109741210938,10.828169822692871,0
2026-05-08 11:07:00+00:00,10.830470085144043,10.831430435180664,10.828459739685059,10.830320358276367,0
2026-05-08 11:08:00+00:00,10.829389572143555,10.831279754638672,10.828510284423828,10.830559730529785,0
2026-05-08 11:09:00+00:00,10.831170082092285,10.832209587097168,10.828900337219238,10.829389572143555,0
2026-05-08 11:10:00+00:00,10.830679893493652,10.832599639892578,10.82979965209961,10.831850051879883,0
2026-05-08 11:11:00+00:00,10.831110000610352,10.832839965820312,10.829999923706055,10.830679893493652,0
2026-05-08 11:12:00+00:00,10.831930160522461,10.83314037322998,10.830169677734375,10.831279754638672,0
2026-05-08 11:13:00+00:00,10.83053970336914,10.8326997756958,10.830160140991211,10.831480026245117,0
2026-05-08 11:14:00+00:00,10.830400466918945,10.831999778747559,10.82979965209961,10.830240249633789,0
2026-05-08 11:15:00+00:00,10.831459999084473,10.833100318908691,10.830010414123535,10.830010414123535,0
2026-05-08 11:16:00+00:00,10.831890106201172,10.83257007598877,10.83080005645752,10.83195972442627,0
2026-05-08 11:17:00+00:00,10.833930015563965,10.835000038146973,10.831239700317383,10.831419944763184,0
2026-05-08 11:18:00+00:00,10.8333101272583,10.835200309753418,10.833100318908691,10.8333101272583,0
2026-05-08 11:19:00+00:00,10.831899642944336,10.834010124206543,10.831029891967773,10.8333101272583,0
2026-05-08 11:20:00+00:00,10.829899787902832,10.832599639892578,10.829500198364258,10.831290245056152,0
2026-05-08 11:21:00+00:00,10.833060264587402,10.833600044250488,10.829899787902832,10.829899787902832,0
2026-05-08 11:22:00+00:00,10.832380294799805,10.834099769592285,10.83180046081543,10.831870079040527,0
2026-05-08 11:23:00+00:00,10.831450462341309,10.833800315856934,10.83102035522461,10.83253002166748,0
2026-05-08 11:24:00+00:00,10.83152961730957,10.833200454711914,10.831250190734863,10.831450462341309,0
2026-05-08 11:25:00+00:00,10.831199645996094,10.833100318908691,10.830450057983398,10.831489562988281,0
2026-05-08 11:26:00+00:00,10.831049919128418,10.832099914550781,10.830069541931152,10.831009864807129,0
2026-05-08 11:27:00+00:00,10.828140258789062,10.831500053405762,10.827799797058105,10.830340385437012,0
2026-05-08 11:28:00+00:00,10.82742977142334,10.829400062561035,10.827230453491211,10.828630447387695,0
2026-05-08 11:29:00+00:00,10.828450202941895,10.829700469970703,10.827340126037598,10.82742977142334,0
2026-05-08 11:30:00+00:00,10.828120231628418,10.829700469970703,10.827529907226562,10.829119682312012,0
2026-05-08 11:31:00+00:00,10.828180313110352,10.82999038696289,10.827759742736816,10.828120231628418,0
2026-05-08 11:32:00+00:00,10.828490257263184,10.82979965209961,10.827750205993652,10.828180313110352,0
2026-05-08 11:33:00+00:00,10.830010414123535,10.831259727478027,10.827150344848633,10.827750205993652,0
2026-05-08 11:34:00+00:00,10.83152961730957,10.833720207214355,10.830010414123535,10.830010414123535,0
2026-05-08 11:35:00+00:00,10.831469535827637,10.83329963684082,10.82999038696289,10.832249641418457,0
2026-05-08 11:36:00+00:00,10.832119941711426,10.83407974243164,10.83053970336914,10.83057975769043,0
2026-05-08 11:37:00+00:00,10.83240032196045,10.834799766540527,10.832229614257812,10.83230972290039,0
2026-05-08 11:38:00+00:00,10.83456039428711,10.83568000793457,10.832070350646973,10.83240032196045,0
2026-05-08 11:39:00+00:00,10.833279609680176,10.835399627685547,10.833029747009277,10.833649635314941,0
2026-05-08 11:40:00+00:00,10.832630157470703,10.835100173950195,10.831740379333496,10.833279609680176,0
2026-05-08 11:41:00+00:00,10.834269523620605,10.835040092468262,10.832050323486328,10.832469940185547,0
2026-05-08 11:42:00+00:00,10.836170196533203,10.83761978149414,10.833510398864746,10.834269523620605,0
2026-05-08 11:43:00+00:00,10.835470199584961,10.836999893188477,10.834600448608398,10.836170196533203,0
2026-05-08 11:44:00+00:00,10.835760116577148,10.837050437927246,10.833999633789062,10.83594036102295,0
2026-05-08 11:45:00+00:00,10.836259841918945,10.837499618530273,10.834980010986328,10.836389541625977,0
2026-05-08 11:46:00+00:00,10.836709976196289,10.837800025939941,10.835749626159668,10.836119651794434,0
2026-05-08 11:47:00+00:00,10.836739540100098,10.837900161743164,10.834989547729492,10.836709976196289,0
2026-05-08 11:48:00+00:00,10.83530044555664,10.837400436401367,10.83528995513916,10.836359977722168,0
2026-05-08 11:49:00+00:00,10.833499908447266,10.836400032043457,10.833419799804688,10.835399627685547,0
2026-05-08 11:50:00+00:00,10.833970069885254,10.83489990234375,10.832670211791992,10.833620071411133,0
2026-05-08 11:51:00+00:00,10.833580017089844,10.835100173950195,10.832869529724121,10.83335018157959,0
2026-05-08 11:52:00+00:00,10.834939956665039,10.835800170898438,10.833200454711914,10.833200454711914,0
2026-05-08 11:53:00+00:00,10.835309982299805,10.836799621582031,10.833800315856934,10.834269523620605,0
2026-05-08 11:54:00+00:00,10.834759712219238,10.836299896240234,10.833829879760742,10.835969924926758,0
2026-05-08 11:55:00+00:00,10.83218002319336,10.835559844970703,10.831250190734863,10.835260391235352,0
2026-05-08 11:56:00+00:00,10.831990242004395,10.833499908447266,10.830269813537598,10.831250190734863,0
2026-05-08 11:57:00+00:00,10.831830024719238,10.833000183105469,10.831170082092285,10.832240104675293,0
2026-05-08 11:58:00+00:00,10.831609725952148,10.833700180053711,10.831060409545898,10.83191967010498,0
2026-05-08 11:59:00+00:00,10.832269668579102,10.833000183105469,10.831210136413574,10.831930160522461,0
2026-05-08 12:00:00+00:00,10.831520080566406,10.832280158996582,10.82802963256836,10.831629753112793,0
2026-05-08 12:01:00+00:00,10.83329963684082,10.835410118103027,10.830470085144043,10.83176040649414,0
2026-05-08 12:02:00+00:00,10.832099914550781,10.834159851074219,10.831299781799316,10.833419799804688,0
2026-05-08 12:03:00+00:00,10.836409568786621,10.837360382080078,10.832249641418457,10.832590103149414,0
2026-05-08 12:04:00+00:00,10.837759971618652,10.839500427246094,10.835020065307617,10.835249900817871,0
2026-05-08 12:05:00+00:00,10.837610244750977,10.839699745178223,10.836799621582031,10.838589668273926,0
2026-05-08 12:06:00+00:00,10.838569641113281,10.839599609375,10.836389541625977,10.838109970092773,0
2026-05-08 12:07:00+00:00,10.838500022888184,10.839770317077637,10.837309837341309,10.837849617004395,0
2026-05-08 12:08:00+00:00,10.83944034576416,10.840180397033691,10.836649894714355,10.837559700012207,0
2026-05-08 12:09:00+00:00,10.841079711914062,10.84235954284668,10.837920188903809,10.838250160217285,0
2026-05-08 12:10:00+00:00,10.845379829406738,10.845379829406738,10.839969635009766,10.840530395507812,0
2026-05-08 12:11:00+00:00,10.842129707336426,10.845379829406738,10.840849876403809,10.845109939575195,0
2026-05-08 12:12:00+00:00,10.841910362243652,10.843600273132324,10.84121036529541,10.84253978729248,0
2026-05-08 12:13:00+00:00,10.8400297164917,10.842069625854492,10.838760375976562,10.841970443725586,0
2026-05-08 12:14:00+00:00,10.840629577636719,10.841730117797852,10.838700294494629,10.839240074157715,0
2026-05-08 12:15:00+00:00,10.843070030212402,10.84354019165039,10.840330123901367,10.840350151062012,0
2026-05-08 12:16:00+00:00,10.842060089111328,10.844599723815918,10.841950416564941,10.843310356140137,0
2026-05-08 12:17:00+00:00,10.84022045135498,10.843600273132324,10.840189933776855,10.842060089111328,0
2026-05-08 12:18:00+00:00,10.839719772338867,10.842000007629395,10.83938980102539,10.84022045135498,0
2026-05-08 12:19:00+00:00,10.84000015258789,10.841500282287598,10.838720321655273,10.839719772338867,0
2026-05-08 12:20:00+00:00,10.840950012207031,10.842109680175781,10.839949607849121,10.84000015258789,0
2026-05-08 12:21:00+00:00,10.841119766235352,10.842399597167969,10.840279579162598,10.841090202331543,0
2026-05-08 12:22:00+00:00,10.84257984161377,10.84319019317627,10.840950012207031,10.841790199279785,0
2026-05-08 12:23:00+00:00,10.843099594116211,10.844980239868164,10.842240333557129,10.842379570007324,0
2026-05-08 12:24:00+00:00,10.842949867248535,10.844799995422363,10.841930389404297,10.843099594116211,0
2026-05-08 12:25:00+00:00,10.842909812927246,10.843799591064453,10.841349601745605,10.84214973449707,0
2026-05-08 12:26:00+00:00,10.842619895935059,10.843899726867676,10.841850280761719,10.842720031738281,0
2026-05-08 12:27:00+00:00,10.841560363769531,10.843700408935547,10.841500282287598,10.842029571533203,0
2026-05-08 12:28:00+00:00,10.83903980255127,10.843159675598145,10.838939666748047,10.841469764709473,0
2026-05-08 12:29:00+00:00,10.833189964294434,10.841400146484375,10.833189964294434,10.83903980255127,0
2026-05-08 12:30:00+00:00,10.836000442504883,10.840270042419434,10.829999923706055,10.838399887084961,0
2026-05-08 12:31:00+00:00,10.841429710388184,10.843770027160645,10.836000442504883,10.836000442504883,0
2026-05-08 12:32:00+00:00,10.840849876403809,10.843560218811035,10.839070320129395,10.841429710388184,0
2026-05-08 12:33:00+00:00,10.83765983581543,10.842659950256348,10.835980415344238,10.839070320129395,0
2026-05-08 12:34:00+00:00,10.83705997467041,10.839590072631836,10.835659980773926,10.836299896240234,0
2026-05-08 12:35:00+00:00,10.834930419921875,10.836919784545898,10.832630157470703,10.835769653320312,0
2026-05-08 12:36:00+00:00,10.834970474243164,10.837400436401367,10.83253002166748,10.835659980773926,0
2026-05-08 12:37:00+00:00,10.835769653320312,10.836799621582031,10.833459854125977,10.834859848022461,0
2026-05-08 12:38:00+00:00,10.835209846496582,10.836400032043457,10.833680152893066,10.834440231323242,0
2026-05-08 12:39:00+00:00,10.835419654846191,10.836799621582031,10.833889961242676,10.836170196533203,0
2026-05-08 12:40:00+00:00,10.835359573364258,10.836899757385254,10.833999633789062,10.8341703414917,0
2026-05-08 12:41:00+00:00,10.83607006072998,10.838500022888184,10.834529876708984,10.835359573364258,0
2026-05-08 12:42:00+00:00,10.833649635314941,10.836779594421387,10.832690238952637,10.835200309753418,0
2026-05-08 12:43:00+00:00,10.832420349121094,10.836099624633789,10.831999778747559,10.833649635314941,0
2026-05-08 12:44:00+00:00,10.833709716796875,10.835599899291992,10.832229614257812,10.832590103149414,0
2026-05-08 12:45:00+00:00,10.837120056152344,10.837599754333496,10.83251953125,10.834670066833496,0
2026-05-08 12:46:00+00:00,10.838210105895996,10.841059684753418,10.83450984954834,10.835760116577148,0
2026-05-08 12:47:00+00:00,10.837969779968262,10.840399742126465,10.83633041381836,10.838199615478516,0
2026-05-08 12:48:00+00:00,10.836770057678223,10.839150428771973,10.83530044555664,10.838529586791992,0
2026-05-08 12:49:00+00:00,10.839099884033203,10.841309547424316,10.835599899291992,10.83611011505127,0
2026-05-08 12:50:00+00:00,10.84218978881836,10.844300270080566,10.839099884033203,10.839099884033203,0
2026-05-08 12:51:00+00:00,10.84043025970459,10.843620300292969,10.840229988098145,10.84218978881836,0
2026-05-08 12:52:00+00:00,10.841509819030762,10.84220027923584,10.839859962463379,10.84043025970459,0
2026-05-08 12:53:00+00:00,10.840229988098145,10.842559814453125,10.839500427246094,10.841509819030762,0
2026-05-08 12:54:00+00:00,10.83942985534668,10.841739654541016,10.837699890136719,10.8412504196167,0
2026-05-08 12:55:00+00:00,10.838700294494629,10.840689659118652,10.837699890136719,10.83942985534668,0
2026-05-08 12:56:00+00:00,10.839960098266602,10.840900421142578,10.838299751281738,10.840689659118652,0
2026-05-08 12:57:00+00:00,10.840020179748535,10.841899871826172,10.838640213012695,10.840049743652344,0
2026-05-08 12:58:00+00:00,10.844169616699219,10.84591007232666,10.838800430297852,10.840940475463867,0
2026-05-08 12:59:00+00:00,10.845919609069824,10.850020408630371,10.843029975891113,10.844109535217285,0
2026-05-08 13:00:00+00:00,10.844670295715332,10.848099708557129,10.843210220336914,10.845609664916992,0
2026-05-08 13:01:00+00:00,10.845159530639648,10.8468599319458,10.843759536743164,10.844019889831543,0
2026-05-08 13:02:00+00:00,10.846099853515625,10.848119735717773,10.843000411987305,10.845640182495117,0
2026-05-08 13:03:00+00:00,10.844579696655273,10.847869873046875,10.843810081481934,10.846099853515625,0
2026-05-08 13:04:00+00:00,10.846229553222656,10.849260330200195,10.844269752502441,10.845470428466797,0
2026-05-08 13:05:00+00:00,10.846839904785156,10.847909927368164,10.84574031829834,10.846139907836914,0
2026-05-08 13:06:00+00:00,10.848119735717773,10.84924030303955,10.84630012512207,10.846949577331543,0
2026-05-08 13:07:00+00:00,10.848409652709961,10.850099563598633,10.84749984741211,10.848119735717773,0
2026-05-08 13:08:00+00:00,10.850250244140625,10.85062026977539,10.847299575805664,10.850520133972168,0
2026-05-08 13:09:00+00:00,10.849169731140137,10.851119995117188,10.847960472106934,10.848799705505371,0
2026-05-08 13:10:00+00:00,10.846599578857422,10.84939956665039,10.846199989318848,10.848730087280273,0
2026-05-08 13:11:00+00:00,10.84762954711914,10.848699569702148,10.845210075378418,10.846619606018066,0
2026-05-08 13:12:00+00:00,10.848409652709961,10.851360321044922,10.847000122070312,10.84762954711914,0
2026-05-08 13:13:00+00:00,10.848329544067383,10.850520133972168,10.847700119018555,10.848389625549316,0
2026-05-08 13:14:00+00:00,10.84889030456543,10.850500106811523,10.847900390625,10.848199844360352,0
2026-05-08 13:15:00+00:00,10.848690032958984,10.851810455322266,10.848299980163574,10.84883975982666,0
2026-05-08 13:16:00+00:00,10.845829963684082,10.849800109863281,10.844940185546875,10.848690032958984,0
2026-05-08 13:17:00+00:00,10.842849731445312,10.846599578857422,10.84179973602295,10.846549987792969,0
2026-05-08 13:18:00+00:00,10.844639778137207,10.846030235290527,10.84237003326416,10.842900276184082,0
2026-05-08 13:19:00+00:00,10.843759536743164,10.846179962158203,10.843199729919434,10.84457015991211,0
2026-05-08 13:20:00+00:00,10.842860221862793,10.846489906311035,10.842490196228027,10.843649864196777,0
2026-05-08 13:21:00+00:00,10.844900131225586,10.847089767456055,10.842720031738281,10.843640327453613,0
2026-05-08 13:22:00+00:00,10.843870162963867,10.846610069274902,10.843600273132324,10.844900131225586,0
2026-05-08 13:23:00+00:00,10.843400001525879,10.845370292663574,10.842470169067383,10.844010353088379,0
2026-05-08 13:24:00+00:00,10.844490051269531,10.845399856567383,10.842820167541504,10.844639778137207,0
2026-05-08 13:25:00+00:00,10.841400146484375,10.84475040435791,10.840169906616211,10.84475040435791,0
2026-05-08 13:26:00+00:00,10.840869903564453,10.842100143432617,10.839130401611328,10.841400146484375,0
2026-05-08 13:27:00+00:00,10.840729713439941,10.842000007629395,10.839799880981445,10.840229988098145,0
2026-05-08 13:28:00+00:00,10.839699745178223,10.842080116271973,10.839699745178223,10.839920043945312,0
2026-05-08 13:29:00+00:00,10.840069770812988,10.842300415039062,10.83981990814209,10.839900016784668,0
2026-05-08 13:30:00+00:00,10.839529991149902,10.842060089111328,10.838569641113281,10.840049743652344,0
2026-05-08 13:31:00+00:00,10.83866024017334,10.841500282287598,10.838239669799805,10.83866024017334,0
2026-05-08 13:32:00+00:00,10.836130142211914,10.840200424194336,10.835200309753418,10.839770317077637,0
2026-05-08 13:33:00+00:00,10.838109970092773,10.83903980255127,10.835599899291992,10.836810111999512,0
2026-05-08 13:34:00+00:00,10.840339660644531,10.841300010681152,10.83689022064209,10.838170051574707,0
2026-05-08 13:35:00+00:00,10.841119766235352,10.842209815979004,10.839500427246094,10.839500427246094,0
2026-05-08 13:36:00+00:00,10.841059684753418,10.842100143432617,10.839400291442871,10.840479850769043,0
2026-05-08 13:37:00+00:00,10.84060001373291,10.84280014038086,10.83942985534668,10.84060001373291,0
2026-05-08 13:38:00+00:00,10.840999603271484,10.843219757080078,10.840840339660645,10.840840339660645,0
2026-05-08 13:39:00+00:00,10.843179702758789,10.844490051269531,10.840100288391113,10.840999603271484,0
2026-05-08 13:40:00+00:00,10.84296989440918,10.847260475158691,10.841349601745605,10.843279838562012,0
2026-05-08 13:41:00+00:00,10.842630386352539,10.844340324401855,10.842060089111328,10.843239784240723,0
2026-05-08 13:42:00+00:00,10.842490196228027,10.843669891357422,10.84119987487793,10.842740058898926,0
2026-05-08 13:43:00+00:00,10.84253978729248,10.843310356140137,10.84099006652832,10.842309951782227,0
2026-05-08 13:44:00+00:00,10.841859817504883,10.843119621276855,10.840950012207031,10.842769622802734,0
2026-05-08 13:45:00+00:00,10.841329574584961,10.843299865722656,10.83998966217041,10.842109680175781,0
2026-05-08 13:46:00+00:00,10.840140342712402,10.842329978942871,10.8400297164917,10.841290473937988,0
2026-05-08 13:47:00+00:00,10.838700294494629,10.840800285339355,10.838489532470703,10.840149879455566,0
2026-05-08 13:48:00+00:00,10.836139678955078,10.840570449829102,10.835729598999023,10.839400291442871,0
2026-05-08 13:49:00+00:00,10.83827018737793,10.839900016784668,10.835539817810059,10.836400032043457,0
2026-05-08 13:50:00+00:00,10.837039947509766,10.838930130004883,10.8368501663208,10.83825969696045,0
2026-05-08 13:51:00+00:00,10.8362398147583,10.839590072631836,10.8362398147583,10.837599754333496,0
2026-05-08 13:52:00+00:00,10.837860107421875,10.838640213012695,10.835880279541016,10.836270332336426,0
2026-05-08 13:53:00+00:00,10.83862018585205,10.839099884033203,10.836709976196289,10.837820053100586,0
2026-05-08 13:54:00+00:00,10.841010093688965,10.842100143432617,10.837300300598145,10.838729858398438,0
2026-05-08 13:55:00+00:00,10.840470314025879,10.84175968170166,10.839900016784668,10.840570449829102,0
2026-05-08 13:56:00+00:00,10.841409683227539,10.84179973602295,10.83899974822998,10.840410232543945,0
2026-05-08 13:57:00+00:00,10.840510368347168,10.841699600219727,10.839500427246094,10.840689659118652,0
2026-05-08 13:58:00+00:00,10.842029571533203,10.842450141906738,10.840370178222656,10.840510368347168,0
2026-05-08 13:59:00+00:00,10.842089653015137,10.842949867248535,10.840359687805176,10.841790199279785,0
2026-05-08 14:00:00+00:00,10.844459533691406,10.84784984588623,10.840780258178711,10.840780258178711,0
2026-05-08 14:01:00+00:00,10.843310356140137,10.84453010559082,10.841070175170898,10.84453010559082,0
2026-05-08 14:02:00+00:00,10.8433198928833,10.843999862670898,10.842309951782227,10.843310356140137,0
2026-05-08 14:03:00+00:00,10.843339920043945,10.844200134277344,10.841340065002441,10.843480110168457,0
2026-05-08 14:04:00+00:00,10.844109535217285,10.844630241394043,10.842639923095703,10.842820167541504,0
2026-05-08 14:05:00+00:00,10.8441801071167,10.845020294189453,10.842920303344727,10.844240188598633,0
2026-05-08 14:06:00+00:00,10.845179557800293,10.845769882202148,10.843449592590332,10.843449592590332,0
2026-05-08 14:07:00+00:00,10.845709800720215,10.847129821777344,10.8439302444458,10.84529972076416,0
2026-05-08 14:08:00+00:00,10.847530364990234,10.848509788513184,10.845669746398926,10.847129821777344,0
2026-05-08 14:09:00+00:00,10.847040176391602,10.848569869995117,10.845100402832031,10.84652042388916,0
2026-05-08 14:10:00+00:00,10.846159934997559,10.847800254821777,10.84585952758789,10.84650993347168,0
2026-05-08 14:11:00+00:00,10.844380378723145,10.848099708557129,10.843890190124512,10.846980094909668,0
2026-05-08 14:12:00+00:00,10.845789909362793,10.846420288085938,10.843390464782715,10.843999862670898,0
2026-05-08 14:13:00+00:00,10.845100402832031,10.84689998626709,10.84469985961914,10.845789909362793,0
2026-05-08 14:14:00+00:00,10.844320297241211,10.846269607543945,10.844200134277344,10.845789909362793,0
2026-05-08 14:15:00+00:00,10.843700408935547,10.845669746398926,10.843400001525879,10.844860076904297,0
2026-05-08 14:16:00+00:00,10.843400001525879,10.845230102539062,10.84315013885498,10.843700408935547,0
2026-05-08 14:17:00+00:00,10.842260360717773,10.844499588012695,10.840499877929688,10.844070434570312,0
2026-05-08 14:18:00+00:00,10.842100143432617,10.843199729919434,10.840900421142578,10.843199729919434,0
2026-05-08 14:19:00+00:00,10.843440055847168,10.844200134277344,10.841300010681152,10.841300010681152,0
2026-05-08 14:20:00+00:00,10.844759941101074,10.845800399780273,10.842499732971191,10.842519760131836,0
2026-05-08 14:21:00+00:00,10.843509674072266,10.844860076904297,10.84298038482666,10.843999862670898,0
2026-05-08 14:22:00+00:00,10.843640327453613,10.84457015991211,10.842550277709961,10.84319019317627,0
2026-05-08 14:23:00+00:00,10.844980239868164,10.845109939575195,10.842690467834473,10.843489646911621,0
2026-05-08 14:24:00+00:00,10.843589782714844,10.844799995422363,10.842519760131836,10.844240188598633,0
2026-05-08 14:25:00+00:00,10.843179702758789,10.845120429992676,10.84253978729248,10.843589782714844,0
2026-05-08 14:26:00+00:00,10.843299865722656,10.844639778137207,10.843159675598145,10.843179702758789,0
2026-05-08 14:27:00+00:00,10.844050407409668,10.844400405883789,10.842390060424805,10.843299865722656,0
2026-05-08 14:28:00+00:00,10.845780372619629,10.846019744873047,10.843130111694336,10.843910217285156,0
2026-05-08 14:29:00+00:00,10.846610069274902,10.84749984741211,10.843979835510254,10.845000267028809,0
2026-05-08 14:30:00+00:00,10.845529556274414,10.847999572753906,10.845529556274414,10.847229957580566,0
2026-05-08 14:31:00+00:00,10.845439910888672,10.84889030456543,10.844779968261719,10.846949577331543,0
2026-05-08 14:32:00+00:00,10.846039772033691,10.847620010375977,10.844650268554688,10.845540046691895,0
2026-05-08 14:33:00+00:00,10.84533977508545,10.847450256347656,10.844389915466309,10.845879554748535,0
2026-05-08 14:34:00+00:00,10.845990180969238,10.8471097946167,10.844010353088379,10.846260070800781,0
2026-05-08 14:35:00+00:00,10.847490310668945,10.848400115966797,10.845680236816406,10.845990180969238,0
2026-05-08 14:36:00+00:00,10.847260475158691,10.848400115966797,10.845789909362793,10.847359657287598,0
2026-05-08 14:37:00+00:00,10.845660209655762,10.84823989868164,10.845000267028809,10.846659660339355,0
2026-05-08 14:38:00+00:00,10.843999862670898,10.846420288085938,10.843999862670898,10.846220016479492,0
2026-05-08 14:39:00+00:00,10.844400405883789,10.845870018005371,10.843720436096191,10.843999862670898,0
2026-05-08 14:40:00+00:00,10.843460083007812,10.845159530639648,10.84280014038086,10.844400405883789,0
2026-05-08 14:41:00+00:00,10.840299606323242,10.843999862670898,10.839400291442871,10.843259811401367,0
2026-05-08 14:42:00+00:00,10.841879844665527,10.843000411987305,10.840299606323242,10.840299606323242,0
2026-05-08 14:43:00+00:00,10.840660095214844,10.842650413513184,10.840339660644531,10.842519760131836,0
2026-05-08 14:44:00+00:00,10.843070030212402,10.844499588012695,10.840399742126465,10.840399742126465,0
2026-05-08 14:45:00+00:00,10.843210220336914,10.844289779663086,10.842450141906738,10.843009948730469,0
2026-05-08 14:46:00+00:00,10.843210220336914,10.844099998474121,10.842109680175781,10.843609809875488,0
2026-05-08 14:47:00+00:00,10.843299865722656,10.845000267028809,10.84164047241211,10.842840194702148,0
2026-05-08 14:48:00+00:00,10.843899726867676,10.845100402832031,10.843040466308594,10.843299865722656,0
2026-05-08 14:49:00+00:00,10.84335994720459,10.844599723815918,10.842610359191895,10.843059539794922,0
2026-05-08 14:50:00+00:00,10.845649719238281,10.847169876098633,10.843159675598145,10.84335994720459,0
2026-05-08 14:51:00+00:00,10.846360206604004,10.84689998626709,10.844840049743652,10.846150398254395,0
2026-05-08 14:52:00+00:00,10.849559783935547,10.850419998168945,10.845330238342285,10.846449851989746,0
2026-05-08 14:53:00+00:00,10.849180221557617,10.850299835205078,10.847869873046875,10.849809646606445,0
2026-05-08 14:54:00+00:00,10.849120140075684,10.8503999710083,10.847000122070312,10.849180221557617,0
2026-05-08 14:55:00+00:00,10.849969863891602,10.85077953338623,10.848099708557129,10.849459648132324,0
2026-05-08 14:56:00+00:00,10.849849700927734,10.85060977935791,10.849200248718262,10.84967041015625,0
2026-05-08 14:57:00+00:00,10.849650382995605,10.851880073547363,10.848999977111816,10.849690437316895,0
2026-05-08 14:58:00+00:00,10.850859642028809,10.851730346679688,10.848939895629883,10.849820137023926,0
2026-05-08 14:59:00+00:00,10.850410461425781,10.851329803466797,10.849089622497559,10.850870132446289,0
2026-05-08 15:00:00+00:00,10.85060977935791,10.852299690246582,10.849969863891602,10.850859642028809,0
2026-05-08 15:01:00+00:00,10.851579666137695,10.851920127868652,10.849470138549805,10.850600242614746,0
2026-05-08 15:02:00+00:00,10.855310440063477,10.855310440063477,10.850549697875977,10.8512601852417,0
2026-05-08 15:03:00+00:00,10.854000091552734,10.855310440063477,10.851880073547363,10.854599952697754,0
2026-05-08 15:04:00+00:00,10.854510307312012,10.85632038116455,10.852740287780762,10.854000091552734,0
2026-05-08 15:05:00+00:00,10.853690147399902,10.85515022277832,10.852959632873535,10.854660034179688,0
2026-05-08 15:06:00+00:00,10.851320266723633,10.854780197143555,10.84939956665039,10.853540420532227,0
2026-05-08 15:07:00+00:00,10.851119995117188,10.853059768676758,10.849340438842773,10.850700378417969,0
2026-05-08 15:08:00+00:00,10.852439880371094,10.853260040283203,10.850700378417969,10.852370262145996,0
2026-05-08 15:09:00+00:00,10.8533296585083,10.854630470275879,10.851630210876465,10.852319717407227,0
2026-05-08 15:10:00+00:00,10.852560043334961,10.854900360107422,10.852230072021484,10.8533296585083,0
2026-05-08 15:11:00+00:00,10.853480339050293,10.853910446166992,10.851510047912598,10.852959632873535,0
2026-05-08 15:12:00+00:00,10.852239608764648,10.854399681091309,10.852149963378906,10.853260040283203,0
2026-05-08 15:13:00+00:00,10.852879524230957,10.854700088500977,10.852299690246582,10.852860450744629,0
2026-05-08 15:14:00+00:00,10.852109909057617,10.854100227355957,10.85159969329834,10.85254955291748,0
2026-05-08 15:15:00+00:00,10.852879524230957,10.854249954223633,10.851690292358398,10.852470397949219,0
2026-05-08 15:16:00+00:00,10.852109909057617,10.853799819946289,10.85200023651123,10.852970123291016,0
2026-05-08 15:17:00+00:00,10.85476016998291,10.854909896850586,10.852020263671875,10.852109909057617,0
2026-05-08 15:18:00+00:00,10.857159614562988,10.85770034790039,10.854169845581055,10.854439735412598,0
2026-05-08 15:19:00+00:00,10.857999801635742,10.858799934387207,10.85591983795166,10.85632038116455,0
2026-05-08 15:20:00+00:00,10.857600212097168,10.859299659729004,10.856289863586426,10.857020378112793,0
2026-05-08 15:21:00+00:00,10.85457992553711,10.858019828796387,10.85420036315918,10.856820106506348,0
2026-05-08 15:22:00+00:00,10.855170249938965,10.855899810791016,10.854220390319824,10.854470252990723,0
2026-05-08 15:23:00+00:00,10.855449676513672,10.856900215148926,10.853460311889648,10.854769706726074,0
2026-05-08 15:24:00+00:00,10.857489585876465,10.85851001739502,10.855030059814453,10.855230331420898,0
2026-05-08 15:25:00+00:00,10.857419967651367,10.859100341796875,10.856929779052734,10.857399940490723,0
2026-05-08 15:26:00+00:00,10.85851001739502,10.859399795532227,10.857000350952148,10.857609748840332,0
2026-05-08 15:27:00+00:00,10.857009887695312,10.858880043029785,10.856280326843262,10.85869026184082,0
2026-05-08 15:28:00+00:00,10.857060432434082,10.85830020904541,10.856100082397461,10.856880187988281,0
2026-05-08 15:29:00+00:00,10.856639862060547,10.85830020904541,10.856040000915527,10.857419967651367,0
2026-05-08 15:30:00+00:00,10.860540390014648,10.86143970489502,10.854559898376465,10.857410430908203,0
2026-05-08 15:31:00+00:00,10.856200218200684,10.860939979553223,10.856109619140625,10.860340118408203,0
2026-05-08 15:32:00+00:00,10.856100082397461,10.857799530029297,10.855899810791016,10.856200218200684,0
2026-05-08 15:33:00+00:00,10.855520248413086,10.858099937438965,10.85414981842041,10.856100082397461,0
2026-05-08 15:34:00+00:00,10.85276985168457,10.856599807739258,10.852089881896973,10.854689598083496,0
2026-05-08 15:35:00+00:00,10.851160049438477,10.853599548339844,10.850799560546875,10.85276985168457,0
2026-05-08 15:36:00+00:00,10.850799560546875,10.853099822998047,10.850390434265137,10.851659774780273,0
2026-05-08 15:37:00+00:00,10.852640151977539,10.852999687194824,10.849650382995605,10.850799560546875,0
2026-05-08 15:38:00+00:00,10.851519584655762,10.852869987487793,10.84961986541748,10.852640151977539,0
2026-05-08 15:39:00+00:00,10.851269721984863,10.852700233459473,10.850500106811523,10.851519584655762,0
2026-05-08 15:40:00+00:00,10.851570129394531,10.852899551391602,10.850850105285645,10.851860046386719,0
2026-05-08 15:41:00+00:00,10.851460456848145,10.852999687194824,10.850640296936035,10.851570129394531,0
2026-05-08 15:42:00+00:00,10.85435962677002,10.855299949645996,10.849960327148438,10.852299690246582,0
2026-05-08 15:43:00+00:00,10.858960151672363,10.8604097366333,10.85280990600586,10.854490280151367,0
2026-05-08 15:44:00+00:00,10.859370231628418,10.860300064086914,10.856929779052734,10.857029914855957,0
2026-05-08 15:45:00+00:00,10.860919952392578,10.86240005493164,10.85830020904541,10.85830020904541,0
2026-05-08 15:46:00+00:00,10.859140396118164,10.862299919128418,10.858409881591797,10.859640121459961,0
2026-05-08 15:47:00+00:00,10.858759880065918,10.861900329589844,10.85867977142334,10.859100341796875,0
2026-05-08 15:48:00+00:00,10.858599662780762,10.860600471496582,10.858349800109863,10.858969688415527,0
2026-05-08 15:49:00+00:00,10.858380317687988,10.861209869384766,10.858380317687988,10.858599662780762,0
2026-05-08 15:50:00+00:00,10.859620094299316,10.860699653625488,10.857569694519043,10.858380317687988,0
2026-05-08 15:51:00+00:00,10.85888957977295,10.860799789428711,10.858440399169922,10.859160423278809,0
2026-05-08 15:52:00+00:00,10.859660148620605,10.861900329589844,10.858309745788574,10.85888957977295,0
2026-05-08 15:53:00+00:00,10.861949920654297,10.862600326538086,10.859660148620605,10.859660148620605,0
2026-05-08 15:54:00+00:00,10.861109733581543,10.862099647521973,10.858960151672363,10.861860275268555,0
2026-05-08 15:55:00+00:00,10.864130020141602,10.865639686584473,10.860289573669434,10.861109733581543,0
2026-05-08 15:56:00+00:00,10.863329887390137,10.865300178527832,10.86262035369873,10.864700317382812,0
2026-05-08 15:57:00+00:00,10.864509582519531,10.865500450134277,10.861900329589844,10.863100051879883,0
2026-05-08 15:58:00+00:00,10.865469932556152,10.866100311279297,10.863120079040527,10.863120079040527,0
2026-05-08 15:59:00+00:00,10.865920066833496,10.866900444030762,10.864020347595215,10.865400314331055,0
2026-05-08 16:00:00+00:00,10.859919548034668,10.866600036621094,10.859379768371582,10.866169929504395,0
2026-05-08 16:01:00+00:00,10.861160278320312,10.86400032043457,10.859390258789062,10.85962963104248,0
2026-05-08 16:02:00+00:00,10.863200187683105,10.865309715270996,10.86089038848877,10.860910415649414,0
2026-05-08 16:03:00+00:00,10.862810134887695,10.865599632263184,10.862700462341309,10.863200187683105,0
2026-05-08 16:04:00+00:00,10.861900329589844,10.865300178527832,10.861900329589844,10.862810134887695,0
2026-05-08 16:05:00+00:00,10.859350204467773,10.864299774169922,10.859129905700684,10.861900329589844,0
2026-05-08 16:06:00+00:00,10.861359596252441,10.862199783325195,10.85908031463623,10.861149787902832,0
2026-05-08 16:07:00+00:00,10.85951042175293,10.862199783325195,10.859100341796875,10.8612699508667,0
2026-05-08 16:08:00+00:00,10.862560272216797,10.863340377807617,10.85951042175293,10.85951042175293,0
2026-05-08 16:09:00+00:00,10.864359855651855,10.866250038146973,10.86089038848877,10.86266040802002,0
2026-05-08 16:10:00+00:00,10.862520217895508,10.865209579467773,10.862000465393066,10.862369537353516,0
2026-05-08 16:11:00+00:00,10.863860130310059,10.864999771118164,10.861989974975586,10.862469673156738,0
2026-05-08 16:12:00+00:00,10.867859840393066,10.868419647216797,10.862569808959961,10.862649917602539,0
2026-05-08 16:13:00+00:00,10.864520072937012,10.868419647216797,10.864350318908691,10.865920066833496,0
2026-05-08 16:14:00+00:00,10.866660118103027,10.867500305175781,10.864270210266113,10.864509582519531,0
2026-05-08 16:15:00+00:00,10.866990089416504,10.867300033569336,10.864399909973145,10.865610122680664,0
2026-05-08 16:16:00+00:00,10.866459846496582,10.867300033569336,10.86400032043457,10.864800453186035,0
2026-05-08 16:17:00+00:00,10.864819526672363,10.866909980773926,10.864399909973145,10.866259574890137,0
2026-05-08 16:18:00+00:00,10.86382007598877,10.866499900817871,10.86382007598877,10.864819526672363,0
2026-05-08 16:19:00+00:00,10.862730026245117,10.865599632263184,10.862360000610352,10.86382007598877,0
2026-05-08 16:20:00+00:00,10.862899780273438,10.865500450134277,10.862730026245117,10.862730026245117,0
2026-05-08 16:21:00+00:00,10.863479614257812,10.865599632263184,10.862730026245117,10.86454963684082,0
2026-05-08 16:22:00+00:00,10.863260269165039,10.86460018157959,10.862839698791504,10.863479614257812,0
2026-05-08 16:23:00+00:00,10.862150192260742,10.864930152893066,10.859930038452148,10.863260269165039,0
2026-05-08 16:24:00+00:00,10.861300468444824,10.86340045928955,10.860130310058594,10.862150192260742,0
2026-05-08 16:25:00+00:00,10.861410140991211,10.863499641418457,10.86050033569336,10.861300468444824,0
2026-05-08 16:26:00+00:00,10.860899925231934,10.863300323486328,10.86050033569336,10.861410140991211,0
2026-05-08 16:27:00+00:00,10.860930442810059,10.86299991607666,10.860569953918457,10.860899925231934,0
2026-05-08 16:28:00+00:00,10.862199783325195,10.862799644470215,10.8604097366333,10.860930442810059,0
2026-05-08 16:29:00+00:00,10.860639572143555,10.862799644470215,10.859829902648926,10.860790252685547,0
2026-05-08 16:30:00+00:00,10.861189842224121,10.864100456237793,10.859560012817383,10.860329627990723,0
2026-05-08 16:31:00+00:00,10.863699913024902,10.865300178527832,10.861129760742188,10.861189842224121,0
2026-05-08 16:32:00+00:00,10.864800453186035,10.865300178527832,10.862500190734863,10.863699913024902,0
2026-05-08 16:33:00+00:00,10.864049911499023,10.866100311279297,10.862680435180664,10.8645601272583,0
2026-05-08 16:34:00+00:00,10.864060401916504,10.865300178527832,10.864009857177734,10.864109992980957,0
2026-05-08 16:35:00+00:00,10.86415958404541,10.865500450134277,10.863490104675293,10.86460018157959,0
2026-05-08 16:36:00+00:00,10.862739562988281,10.865099906921387,10.862520217895508,10.86415958404541,0
2026-05-08 16:37:00+00:00,10.863140106201172,10.864500045776367,10.862580299377441,10.862739562988281,0
2026-05-08 16:38:00+00:00,10.864029884338379,10.864700317382812,10.862759590148926,10.863140106201172,0
2026-05-08 16:39:00+00:00,10.862469673156738,10.864500045776367,10.861669540405273,10.863269805908203,0
2026-05-08 16:40:00+00:00,10.863129615783691,10.864999771118164,10.862330436706543,10.863499641418457,0
2026-05-08 16:41:00+00:00,10.865610122680664,10.866600036621094,10.862150192260742,10.863129615783691,0
2026-05-08 16:42:00+00:00,10.863789558410645,10.866600036621094,10.863180160522461,10.863300323486328,0
2026-05-08 16:43:00+00:00,10.863519668579102,10.866600036621094,10.86301040649414,10.863789558410645,0
2026-05-08 16:44:00+00:00,10.86240005493164,10.866100311279297,10.86240005493164,10.863590240478516,0
2026-05-08 16:45:00+00:00,10.864450454711914,10.865500450134277,10.86240005493164,10.864459991455078,0
2026-05-08 16:46:00+00:00,10.86240005493164,10.865400314331055,10.86240005493164,10.86240005493164,0
2026-05-08 16:47:00+00:00,10.8639497756958,10.864899635314941,10.861920356750488,10.864259719848633,0
2026-05-08 16:48:00+00:00,10.862290382385254,10.864399909973145,10.861849784851074,10.861949920654297,0
2026-05-08 16:49:00+00:00,10.863510131835938,10.8641996383667,10.86205005645752,10.86376953125,0
2026-05-08 16:50:00+00:00,10.86520004272461,10.86555004119873,10.861499786376953,10.863510131835938,0
2026-05-08 16:51:00+00:00,10.86361026763916,10.865699768066406,10.862000465393066,10.862199783325195,0
2026-05-08 16:52:00+00:00,10.864299774169922,10.866680145263672,10.863300323486328,10.86515998840332,0
2026-05-08 16:53:00+00:00,10.86365032196045,10.866700172424316,10.863499641418457,10.866680145263672,0
2026-05-08 16:54:00+00:00,10.864359855651855,10.866999626159668,10.863499641418457,10.86365032196045,0
2026-05-08 16:55:00+00:00,10.868149757385254,10.871540069580078,10.864069938659668,10.867050170898438,0
2026-05-08 16:56:00+00:00,10.87073040008545,10.871700286865234,10.868849754333496,10.869210243225098,0
2026-05-08 16:57:00+00:00,10.869660377502441,10.872159957885742,10.868599891662598,10.869540214538574,0
2026-05-08 16:58:00+00:00,10.868200302124023,10.871479988098145,10.868200302124023,10.870759963989258,0
2026-05-08 16:59:00+00:00,10.869879722595215,10.870699882507324,10.868200302124023,10.868200302124023,0
2026-05-08 17:00:00+00:00,10.868109703063965,10.870699882507324,10.867730140686035,10.8689603805542,0
2026-05-08 17:01:00+00:00,10.868240356445312,10.86931037902832,10.866869926452637,10.868330001831055,0
2026-05-08 17:02:00+00:00,10.867500305175781,10.868900299072266,10.867500305175781,10.867509841918945,0
2026-05-08 17:03:00+00:00,10.86847972869873,10.869000434875488,10.866979598999023,10.86847972869873,0
2026-05-08 17:04:00+00:00,10.867469787597656,10.869000434875488,10.86719036102295,10.86847972869873,0
2026-05-08 17:05:00+00:00,10.866729736328125,10.868470191955566,10.866689682006836,10.868260383605957,0
2026-05-08 17:06:00+00:00,10.866880416870117,10.868399620056152,10.866490364074707,10.867859840393066,0
2026-05-08 17:07:00+00:00,10.866959571838379,10.868399620056152,10.866259574890137,10.866880416870117,0
2026-05-08 17:08:00+00:00,10.867010116577148,10.86870002746582,10.866789817810059,10.866959571838379,0
2026-05-08 17:09:00+00:00,10.866860389709473,10.868499755859375,10.866450309753418,10.866990089416504,0
2026-05-08 17:10:00+00:00,10.866849899291992,10.868499755859375,10.866609573364258,10.866860389709473,0
2026-05-08 17:11:00+00:00,10.866080284118652,10.867959976196289,10.86555004119873,10.866849899291992,0
2026-05-08 17:12:00+00:00,10.866259574890137,10.867500305175781,10.866080284118652,10.866080284118652,0
2026-05-08 17:13:00+00:00,10.864520072937012,10.867400169372559,10.8639497756958,10.866259574890137,0
2026-05-08 17:14:00+00:00,10.862649917602539,10.865400314331055,10.862569808959961,10.864139556884766,0
2026-05-08 17:15:00+00:00,10.862979888916016,10.86460018157959,10.862649917602539,10.862649917602539,0
2026-05-08 17:16:00+00:00,10.862890243530273,10.864800453186035,10.862750053405762,10.862979888916016,0
2026-05-08 17:17:00+00:00,10.862730026245117,10.864999771118164,10.862469673156738,10.862890243530273,0
2026-05-08 17:18:00+00:00,10.862859725952148,10.864999771118164,10.862680435180664,10.862730026245117,0
2026-05-08 17:19:00+00:00,10.863900184631348,10.864800453186035,10.862859725952148,10.862859725952148,0
2026-05-08 17:20:00+00:00,10.862910270690918,10.865300178527832,10.86242961883545,10.863149642944336,0
2026-05-08 17:21:00+00:00,10.862930297851562,10.864999771118164,10.862759590148926,10.862910270690918,0
2026-05-08 17:22:00+00:00,10.863699913024902,10.864500045776367,10.862919807434082,10.863940238952637,0
2026-05-08 17:23:00+00:00,10.860540390014648,10.864399909973145,10.86050033569336,10.862970352172852,0
2026-05-08 17:24:00+00:00,10.860830307006836,10.86240005493164,10.860099792480469,10.860540390014648,0
2026-05-08 17:25:00+00:00,10.86050033569336,10.862899780273438,10.860309600830078,10.860830307006836,0
2026-05-08 17:26:00+00:00,10.860899925231934,10.86299991607666,10.86050033569336,10.86050033569336,0
2026-05-08 17:27:00+00:00,10.860699653625488,10.862899780273438,10.86050033569336,10.860899925231934,0
2026-05-08 17:28:00+00:00,10.860830307006836,10.862700462341309,10.86050033569336,10.860560417175293,0
2026-05-08 17:29:00+00:00,10.862759590148926,10.862899780273438,10.860699653625488,10.860830307006836,0
2026-05-08 17:30:00+00:00,10.861029624938965,10.863590240478516,10.860699653625488,10.86242961883545,0
2026-05-08 17:31:00+00:00,10.863309860229492,10.864500045776367,10.861029624938965,10.861029624938965,0
2026-05-08 17:32:00+00:00,10.86460018157959,10.864620208740234,10.861800193786621,10.86355972290039,0
2026-05-08 17:33:00+00:00,10.863200187683105,10.865300178527832,10.862799644470215,10.863889694213867,0
2026-05-08 17:34:00+00:00,10.862930297851562,10.865300178527832,10.862930297851562,10.863200187683105,0
2026-05-08 17:35:00+00:00,10.863059997558594,10.864899635314941,10.862910270690918,10.862930297851562,0
2026-05-08 17:36:00+00:00,10.86299991607666,10.864899635314941,10.86299991607666,10.863089561462402,0
2026-05-08 17:37:00+00:00,10.862299919128418,10.863929748535156,10.861599922180176,10.86299991607666,0
2026-05-08 17:38:00+00:00,10.861900329589844,10.863900184631348,10.861900329589844,10.862310409545898,0
2026-05-08 17:39:00+00:00,10.861900329589844,10.86359977722168,10.861900329589844,10.861900329589844,0
2026-05-08 17:40:00+00:00,10.861900329589844,10.8641996383667,10.861900329589844,10.861900329589844,0
2026-05-08 17:41:00+00:00,10.861900329589844,10.864399909973145,10.861900329589844,10.861900329589844,0
2026-05-08 17:42:00+00:00,10.863360404968262,10.864100456237793,10.861900329589844,10.861900329589844,0
2026-05-08 17:43:00+00:00,10.861900329589844,10.864100456237793,10.861900329589844,10.863360404968262,0
2026-05-08 17:44:00+00:00,10.861900329589844,10.864299774169922,10.861900329589844,10.861900329589844,0
2026-05-08 17:45:00+00:00,10.863670349121094,10.86460018157959,10.861900329589844,10.86382007598877,0
2026-05-08 17:46:00+00:00,10.861900329589844,10.864399909973145,10.861900329589844,10.861900329589844,0
2026-05-08 17:47:00+00:00,10.863470077514648,10.86400032043457,10.861900329589844,10.861900329589844,0
2026-05-08 17:48:00+00:00,10.861929893493652,10.864100456237793,10.861900329589844,10.861900329589844,0
2026-05-08 17:49:00+00:00,10.864100456237793,10.8641996383667,10.861499786376953,10.861929893493652,0
2026-05-08 17:50:00+00:00,10.862299919128418,10.864700317382812,10.861610412597656,10.86161994934082,0
2026-05-08 17:51:00+00:00,10.863699913024902,10.865799903869629,10.862299919128418,10.862299919128418,0
2026-05-08 17:52:00+00:00,10.863699913024902,10.865699768066406,10.863300323486328,10.863699913024902,0
2026-05-08 17:53:00+00:00,10.865010261535645,10.865699768066406,10.863300323486328,10.863699913024902,0
2026-05-08 17:54:00+00:00,10.864740371704102,10.865599632263184,10.863300323486328,10.863490104675293,0
2026-05-08 17:55:00+00:00,10.863300323486328,10.865300178527832,10.863300323486328,10.863300323486328,0
2026-05-08 17:56:00+00:00,10.863699913024902,10.865400314331055,10.863300323486328,10.863300323486328,0
2026-05-08 17:57:00+00:00,10.863800048828125,10.866310119628906,10.863699913024902,10.863699913024902,0
2026-05-08 17:58:00+00:00,10.867569923400879,10.86929988861084,10.863800048828125,10.863800048828125,0
2026-05-08 17:59:00+00:00,10.869680404663086,10.871970176696777,10.866399765014648,10.868680000305176,0
2026-05-08 18:00:00+00:00,10.867340087890625,10.872369766235352,10.863759994506836,10.869620323181152,0
2026-05-08 18:01:00+00:00,10.86343002319336,10.868900299072266,10.863149642944336,10.867340087890625,0
2026-05-08 18:02:00+00:00,10.861160278320312,10.866769790649414,10.858070373535156,10.865409851074219,0
2026-05-08 18:03:00+00:00,10.86044979095459,10.863800048828125,10.859600067138672,10.863120079040527,0
2026-05-08 18:04:00+00:00,10.86182975769043,10.86340045928955,10.859530448913574,10.86044979095459,0
2026-05-08 18:05:00+00:00,10.85988998413086,10.862500190734863,10.85966968536377,10.859769821166992,0
2026-05-08 18:06:00+00:00,10.860529899597168,10.862600326538086,10.8577299118042,10.861889839172363,0
2026-05-08 18:07:00+00:00,10.859990119934082,10.862000465393066,10.857259750366211,10.860529899597168,0
2026-05-08 18:08:00+00:00,10.859840393066406,10.861000061035156,10.857569694519043,10.858240127563477,0
2026-05-08 18:09:00+00:00,10.858229637145996,10.860699653625488,10.857419967651367,10.858539581298828,0
2026-05-08 18:10:00+00:00,10.858499526977539,10.860199928283691,10.857629776000977,10.8580904006958,0
2026-05-08 18:11:00+00:00,10.861539840698242,10.861900329589844,10.857959747314453,10.85851001739502,0
2026-05-08 18:12:00+00:00,10.858420372009277,10.861900329589844,10.858260154724121,10.859640121459961,0
2026-05-08 18:13:00+00:00,10.857959747314453,10.860899925231934,10.857399940490723,10.858429908752441,0
2026-05-08 18:14:00+00:00,10.859140396118164,10.860799789428711,10.85789966583252,10.859820365905762,0
2026-05-08 18:15:00+00:00,10.85927963256836,10.861570358276367,10.858489990234375,10.860050201416016,0
2026-05-08 18:16:00+00:00,10.863059997558594,10.864100456237793,10.85927963256836,10.85927963256836,0
2026-05-08 18:17:00+00:00,10.861780166625977,10.863699913024902,10.860879898071289,10.862099647521973,0
2026-05-08 18:18:00+00:00,10.862910270690918,10.863300323486328,10.860939979553223,10.861809730529785,0
2026-05-08 18:19:00+00:00,10.864029884338379,10.864330291748047,10.861339569091797,10.861769676208496,0
2026-05-08 18:20:00+00:00,10.863849639892578,10.86520004272461,10.861989974975586,10.862190246582031,0
2026-05-08 18:21:00+00:00,10.86201000213623,10.864800453186035,10.861929893493652,10.862130165100098,0
2026-05-08 18:22:00+00:00,10.86184024810791,10.864899635314941,10.861550331115723,10.86201000213623,0
2026-05-08 18:23:00+00:00,10.8616304397583,10.86359977722168,10.861519813537598,10.862939834594727,0
2026-05-08 18:24:00+00:00,10.862489700317383,10.86400032043457,10.861350059509277,10.8616304397583,0
2026-05-08 18:25:00+00:00,10.861680030822754,10.863900184631348,10.861490249633789,10.862489700317383,0
2026-05-08 18:26:00+00:00,10.86205005645752,10.863800048828125,10.861410140991211,10.861530303955078,0
2026-05-08 18:27:00+00:00,10.861530303955078,10.863100051879883,10.860799789428711,10.86205005645752,0
2026-05-08 18:28:00+00:00,10.862119674682617,10.86340045928955,10.861300468444824,10.861530303955078,0
2026-05-08 18:29:00+00:00,10.861780166625977,10.863920211791992,10.86166000366211,10.862119674682617,0
2026-05-08 18:30:00+00:00,10.861339569091797,10.8641996383667,10.861339569091797,10.861780166625977,0
2026-05-08 18:31:00+00:00,10.862279891967773,10.864899635314941,10.861339569091797,10.861339569091797,0
2026-05-08 18:32:00+00:00,10.86143970489502,10.86460018157959,10.861370086669922,10.86378002166748,0
2026-05-08 18:33:00+00:00,10.861969947814941,10.863800048828125,10.861689567565918,10.861780166625977,0
2026-05-08 18:34:00+00:00,10.86238956451416,10.863900184631348,10.862090110778809,10.862090110778809,0
2026-05-08 18:35:00+00:00,10.862480163574219,10.863900184631348,10.861989974975586,10.86299991607666,0
2026-05-08 18:36:00+00:00,10.86223030090332,10.864899635314941,10.861940383911133,10.862480163574219,0
2026-05-08 18:37:00+00:00,10.863570213317871,10.86520004272461,10.861989974975586,10.864399909973145,0
2026-05-08 18:38:00+00:00,10.864029884338379,10.865699768066406,10.862919807434082,10.864660263061523,0
2026-05-08 18:39:00+00:00,10.864459991455078,10.865500450134277,10.863059997558594,10.864029884338379,0
2026-05-08 18:40:00+00:00,10.864319801330566,10.866600036621094,10.863180160522461,10.863180160522461,0
2026-05-08 18:41:00+00:00,10.866660118103027,10.867199897766113,10.863969802856445,10.864319801330566,0
2026-05-08 18:42:00+00:00,10.86571979522705,10.867199897766113,10.864850044250488,10.866660118103027,0
2026-05-08 18:43:00+00:00,10.866439819335938,10.866800308227539,10.865150451660156,10.86571979522705,0
2026-05-08 18:44:00+00:00,10.86460018157959,10.866700172424316,10.864089965820312,10.865850448608398,0
2026-05-08 18:45:00+00:00,10.864740371704102,10.866000175476074,10.863149642944336,10.86460018157959,0
2026-05-08 18:46:00+00:00,10.863719940185547,10.865799903869629,10.863519668579102,10.864259719848633,0
2026-05-08 18:47:00+00:00,10.865260124206543,10.865799903869629,10.863369941711426,10.863719940185547,0
2026-05-08 18:48:00+00:00,10.86553955078125,10.865900039672852,10.863630294799805,10.864760398864746,0
2026-05-08 18:49:00+00:00,10.864270210266113,10.866399765014648,10.864020347595215,10.865189552307129,0
2026-05-08 18:50:00+00:00,10.864060401916504,10.866399765014648,10.863929748535156,10.864290237426758,0
2026-05-08 18:51:00+00:00,10.863920211791992,10.866299629211426,10.863920211791992,10.86398983001709,0
2026-05-08 18:52:00+00:00,10.867770195007324,10.8681001663208,10.863960266113281,10.863969802856445,0
2026-05-08 18:53:00+00:00,10.867609977722168,10.869099617004395,10.866950035095215,10.866950035095215,0
2026-05-08 18:54:00+00:00,10.868670463562012,10.870499610900879,10.867400169372559,10.867609977722168,0
2026-05-08 18:55:00+00:00,10.871479988098145,10.873000144958496,10.868599891662598,10.868599891662598,0
2026-05-08 18:56:00+00:00,10.870599746704102,10.872699737548828,10.870599746704102,10.87205982208252,0
2026-05-08 18:57:00+00:00,10.870409965515137,10.8720703125,10.869629859924316,10.871370315551758,0
2026-05-08 18:58:00+00:00,10.869199752807617,10.871700286865234,10.869199752807617,10.870409965515137,0
2026-05-08 18:59:00+00:00,10.87183952331543,10.872699737548828,10.869199752807617,10.869199752807617,0
2026-05-08 19:00:00+00:00,10.871379852294922,10.874199867248535,10.871040344238281,10.872269630432129,0
2026-05-08 19:01:00+00:00,10.871379852294922,10.872599601745605,10.870030403137207,10.871339797973633,0
2026-05-08 19:02:00+00:00,10.871569633483887,10.873100280761719,10.871230125427246,10.871379852294922,0
2026-05-08 19:03:00+00:00,10.871330261230469,10.872300148010254,10.870070457458496,10.87147045135498,0
2026-05-08 19:04:00+00:00,10.8712797164917,10.87279987335205,10.87086009979248,10.871319770812988,0
2026-05-08 19:05:00+00:00,10.871159553527832,10.87279987335205,10.870619773864746,10.8712797164917,0
2026-05-08 19:06:00+00:00,10.868060111999512,10.871870040893555,10.867500305175781,10.871450424194336,0
2026-05-08 19:07:00+00:00,10.867500305175781,10.869199752807617,10.867369651794434,10.868570327758789,0
2026-05-08 19:08:00+00:00,10.868670463562012,10.86970043182373,10.867500305175781,10.868760108947754,0
2026-05-08 19:09:00+00:00,10.867400169372559,10.869600296020508,10.867400169372559,10.868610382080078,0
2026-05-08 19:10:00+00:00,10.86754035949707,10.869199752807617,10.867039680480957,10.86812973022461,0
2026-05-08 19:11:00+00:00,10.86713981628418,10.868599891662598,10.866499900817871,10.867950439453125,0
2026-05-08 19:12:00+00:00,10.866909980773926,10.868800163269043,10.866769790649414,10.86715030670166,0
2026-05-08 19:13:00+00:00,10.866800308227539,10.868900299072266,10.866499900817871,10.866800308227539,0
2026-05-08 19:14:00+00:00,10.866800308227539,10.868900299072266,10.866800308227539,10.868080139160156,0
2026-05-08 19:15:00+00:00,10.866800308227539,10.869000434875488,10.866800308227539,10.866800308227539,0
2026-05-08 19:16:00+00:00,10.866800308227539,10.869000434875488,10.866800308227539,10.866800308227539,0
2026-05-08 19:17:00+00:00,10.866800308227539,10.868900299072266,10.866800308227539,10.868390083312988,0
2026-05-08 19:18:00+00:00,10.867549896240234,10.869400024414062,10.866800308227539,10.868539810180664,0
2026-05-08 19:19:00+00:00,10.866959571838379,10.869400024414062,10.866800308227539,10.867589950561523,0
2026-05-08 19:20:00+00:00,10.866379737854004,10.869199752807617,10.866379737854004,10.868419647216797,0
2026-05-08 19:21:00+00:00,10.868249893188477,10.869099617004395,10.866299629211426,10.867910385131836,0
2026-05-08 19:22:00+00:00,10.866869926452637,10.869000434875488,10.866559982299805,10.866559982299805,0
2026-05-08 19:23:00+00:00,10.867759704589844,10.868499755859375,10.86620044708252,10.868109703063965,0
2026-05-08 19:24:00+00:00,10.866339683532715,10.868300437927246,10.86620044708252,10.86620044708252,0
2026-05-08 19:25:00+00:00,10.867070198059082,10.8681001663208,10.86620044708252,10.866339683532715,0
2026-05-08 19:26:00+00:00,10.86620044708252,10.8681001663208,10.86620044708252,10.866629600524902,0
2026-05-08 19:27:00+00:00,10.86713981628418,10.868200302124023,10.86620044708252,10.86620044708252,0
2026-05-08 19:28:00+00:00,10.867400169372559,10.86929988861084,10.86620044708252,10.86620044708252,0
2026-05-08 19:29:00+00:00,10.867199897766113,10.869400024414062,10.867199897766113,10.868619918823242,0
2026-05-08 19:30:00+00:00,10.868169784545898,10.869500160217285,10.867199897766113,10.86775016784668,0
2026-05-08 19:31:00+00:00,10.869159698486328,10.869400024414062,10.867549896240234,10.867670059204102,0
2026-05-08 19:32:00+00:00,10.86771011352539,10.869600296020508,10.867679595947266,10.867859840393066,0
2026-05-08 19:33:00+00:00,10.868659973144531,10.869500160217285,10.86771011352539,10.867819786071777,0
2026-05-08 19:34:00+00:00,10.867210388183594,10.869500160217285,10.867050170898438,10.8681001663208,0
2026-05-08 19:35:00+00:00,10.866800308227539,10.868900299072266,10.86676025390625,10.867210388183594,0
2026-05-08 19:36:00+00:00,10.867070198059082,10.868800163269043,10.866800308227539,10.867980003356934,0
2026-05-08 19:37:00+00:00,10.867170333862305,10.868300437927246,10.865850448608398,10.86736011505127,0
2026-05-08 19:38:00+00:00,10.867019653320312,10.868200302124023,10.866669654846191,10.86670970916748,0
2026-05-08 19:39:00+00:00,10.866820335388184,10.8681001663208,10.865870475769043,10.867170333862305,0
2026-05-08 19:40:00+00:00,10.866979598999023,10.8681001663208,10.86596965789795,10.866669654846191,0
2026-05-08 19:41:00+00:00,10.867179870605469,10.868200302124023,10.866100311279297,10.866979598999023,0
2026-05-08 19:42:00+00:00,10.866120338439941,10.868300437927246,10.866080284118652,10.866530418395996,0
2026-05-08 19:43:00+00:00,10.867759704589844,10.868399620056152,10.866120338439941,10.866120338439941,0
2026-05-08 19:44:00+00:00,10.868359565734863,10.870019912719727,10.866530418395996,10.866780281066895,0
2026-05-08 19:45:00+00:00,10.871809959411621,10.873220443725586,10.868359565734863,10.868370056152344,0
2026-05-08 19:46:00+00:00,10.872349739074707,10.87300968170166,10.87051010131836,10.871809959411621,0
2026-05-08 19:47:00+00:00,10.872309684753418,10.872699737548828,10.870479583740234,10.871760368347168,0
2026-05-08 19:48:00+00:00,10.871109962463379,10.8725004196167,10.870420455932617,10.871829986572266,0
2026-05-08 19:49:00+00:00,10.872420310974121,10.873000144958496,10.870920181274414,10.871109962463379,0
2026-05-08 19:50:00+00:00,10.871939659118652,10.873499870300293,10.870980262756348,10.871489524841309,0
2026-05-08 19:51:00+00:00,10.870220184326172,10.872420310974121,10.869770050048828,10.871939659118652,0
2026-05-08 19:52:00+00:00,10.87012004852295,10.871999740600586,10.869990348815918,10.87030029296875,0
2026-05-08 19:53:00+00:00,10.870209693908691,10.872420310974121,10.869540214538574,10.87012004852295,0
2026-05-08 19:54:00+00:00,10.869950294494629,10.872200012207031,10.869850158691406,10.871919631958008,0
2026-05-08 19:55:00+00:00,10.870770454406738,10.871700286865234,10.869919776916504,10.869959831237793,0
2026-05-08 19:56:00+00:00,10.867899894714355,10.871800422668457,10.867589950561523,10.870260238647461,0
2026-05-08 19:57:00+00:00,10.867899894714355,10.869999885559082,10.86732006072998,10.868670463562012,0
2026-05-08 19:58:00+00:00,10.867199897766113,10.869799613952637,10.86709976196289,10.868969917297363,0
2026-05-08 19:59:00+00:00,10.867400169372559,10.869099617004395,10.866700172424316,10.867770195007324,0
2026-05-08 20:00:00+00:00,10.86732006072998,10.86970043182373,10.86620044708252,10.867400169372559,0
2026-05-08 20:01:00+00:00,10.868120193481445,10.870100021362305,10.867239952087402,10.86732006072998,0
2026-05-08 20:02:00+00:00,10.867380142211914,10.869799613952637,10.86736011505127,10.868120193481445,0
2026-05-08 20:03:00+00:00,10.868709564208984,10.86989974975586,10.867090225219727,10.867409706115723,0
2026-05-08 20:04:00+00:00,10.866009712219238,10.869500160217285,10.865819931030273,10.868610382080078,0
2026-05-08 20:05:00+00:00,10.867890357971191,10.869500160217285,10.865570068359375,10.867019653320312,0
2026-05-08 20:06:00+00:00,10.867870330810547,10.869799613952637,10.867630004882812,10.867890357971191,0
2026-05-08 20:07:00+00:00,10.867819786071777,10.86989974975586,10.867819786071777,10.867870330810547,0
2026-05-08 20:08:00+00:00,10.868020057678223,10.870200157165527,10.867620468139648,10.867650032043457,0
2026-05-08 20:09:00+00:00,10.868149757385254,10.870499610900879,10.867830276489258,10.870149612426758,0
2026-05-08 20:10:00+00:00,10.867919921875,10.870400428771973,10.867830276489258,10.868209838867188,0
2026-05-08 20:11:00+00:00,10.868020057678223,10.870499610900879,10.867670059204102,10.870070457458496,0
2026-05-08 20:12:00+00:00,10.869609832763672,10.871600151062012,10.868029594421387,10.868029594421387,0
2026-05-08 20:13:00+00:00,10.871939659118652,10.871999740600586,10.869190216064453,10.869609832763672,0
2026-05-08 20:14:00+00:00,10.870389938354492,10.872300148010254,10.86925983428955,10.871399879455566,0
2026-05-08 20:15:00+00:00,10.870149612426758,10.872949600219727,10.86931037902832,10.869370460510254,0
2026-05-08 20:16:00+00:00,10.870050430297852,10.8725004196167,10.869589805603027,10.871870040893555,0
2026-05-08 20:17:00+00:00,10.869850158691406,10.872599601745605,10.869759559631348,10.870050430297852,0
2026-05-08 20:18:00+00:00,10.869930267333984,10.872300148010254,10.869589805603027,10.869589805603027,0
2026-05-08 20:19:00+00:00,10.870169639587402,10.872400283813477,10.869669914245605,10.871609687805176,0
2026-05-08 20:20:00+00:00,10.871789932250977,10.872400283813477,10.869979858398438,10.870169639587402,0
2026-05-08 20:21:00+00:00,10.870019912719727,10.872200012207031,10.869970321655273,10.87007999420166,0
2026-05-08 20:22:00+00:00,10.870320320129395,10.87185001373291,10.86989974975586,10.870010375976562,0
2026-05-08 20:23:00+00:00,10.87024974822998,10.871700286865234,10.870209693908691,10.870320320129395,0
2026-05-08 20:24:00+00:00,10.866809844970703,10.871800422668457,10.866809844970703,10.87024974822998,0
2026-05-08 20:25:00+00:00,10.867219924926758,10.86870002746582,10.866700172424316,10.866809844970703,0
2026-05-08 20:26:00+00:00,10.864649772644043,10.867839813232422,10.861310005187988,10.867219924926758,0
2026-05-08 20:27:00+00:00,10.869339942932129,10.870260238647461,10.864649772644043,10.864649772644043,0
2026-05-08 20:28:00+00:00,10.86929988861084,10.870499610900879,10.868610382080078,10.86929988861084,0
2026-05-08 20:29:00+00:00,10.86832046508789,10.870100021362305,10.867650032043457,10.868760108947754,0
2026-05-08 20:30:00+00:00,10.86715030670166,10.869999885559082,10.864890098571777,10.8683500289917,0
2026-05-08 20:31:00+00:00,10.866399765014648,10.869600296020508,10.866399765014648,10.86715030670166,0
2026-05-08 20:32:00+00:00,10.86715030670166,10.869600296020508,10.864899635314941,10.866399765014648,0
2026-05-08 20:33:00+00:00,10.866620063781738,10.86886978149414,10.864899635314941,10.866620063781738,0
2026-05-08 20:34:00+00:00,10.86417007446289,10.867420196533203,10.861650466918945,10.867349624633789,0
2026-05-08 20:35:00+00:00,10.863149642944336,10.865599632263184,10.863120079040527,10.864959716796875,0
2026-05-08 20:36:00+00:00,10.864749908447266,10.865260124206543,10.862489700317383,10.86355972290039,0
2026-05-08 20:37:00+00:00,10.863089561462402,10.865400314331055,10.862339973449707,10.863149642944336,0
2026-05-08 20:38:00+00:00,10.861650466918945,10.864680290222168,10.861650466918945,10.862460136413574,0
2026-05-08 20:39:00+00:00,10.863109588623047,10.864299774169922,10.861650466918945,10.862170219421387,0
2026-05-08 20:40:00+00:00,10.86240005493164,10.864660263061523,10.861650466918945,10.863809585571289,0
2026-05-08 20:41:00+00:00,10.861650466918945,10.864640235900879,10.860899925231934,10.86240005493164,0
2026-05-08 20:42:00+00:00,10.861650466918945,10.864649772644043,10.861650466918945,10.861650466918945,0
2026-05-08 20:43:00+00:00,10.861650466918945,10.864319801330566,10.860150337219238,10.861650466918945,0
2026-05-08 20:44:00+00:00,10.863479614257812,10.863479614257812,10.862330436706543,10.862330436706543,0
2026-05-08 20:45:00+00:00,10.860899925231934,10.864100456237793,10.860150337219238,10.863200187683105,0
2026-05-08 20:46:00+00:00,10.860899925231934,10.86400032043457,10.860899925231934,10.860899925231934,0
2026-05-08 20:47:00+00:00,10.860899925231934,10.86400032043457,10.860899925231934,10.862640380859375,0
2026-05-08 20:48:00+00:00,10.863180160522461,10.864029884338379,10.860879898071289,10.861720085144043,0
2026-05-08 20:49:00+00:00,10.861550331115723,10.864100456237793,10.859999656677246,10.863200187683105,0
2026-05-08 20:50:00+00:00,10.862589836120605,10.8639497756958,10.859399795532227,10.863189697265625,0
2026-05-08 20:51:00+00:00,10.862139701843262,10.862709999084473,10.858209609985352,10.862709999084473,0
2026-05-08 20:52:00+00:00,10.860980033874512,10.862039566040039,10.85789966583252,10.862039566040039,0
2026-05-08 20:53:00+00:00,10.861519813537598,10.861680030822754,10.856849670410156,10.860969543457031,0
2026-05-08 20:54:00+00:00,10.860989570617676,10.862139701843262,10.857179641723633,10.861650466918945,0
2026-05-08 20:55:00+00:00,10.860899925231934,10.862350463867188,10.859060287475586,10.86061954498291,0
2026-05-08 20:56:00+00:00,10.861100196838379,10.861100196838379,10.85873031616211,10.858739852905273,0
2026-05-08 20:57:00+00:00,10.859419822692871,10.86303997039795,10.859419822692871,10.860150337219238,0
2026-05-08 20:58:00+00:00,10.857709884643555,10.864310264587402,10.857219696044922,10.861200332641602,0
2026-05-08 20:59:00+00:00,10.861459732055664,10.861459732055664,10.857370376586914,10.857370376586914,0
2026-05-08 21:00:00+00:00,10.859000205993652,10.859000205993652,10.859000205993652,10.859000205993652,0
2026-05-08 21:01:00+00:00,10.859149932861328,10.859149932861328,10.859149932861328,10.859149932861328,0
2026-05-08 21:03:00+00:00,10.859149932861328,10.859149932861328,10.859149932861328,10.859149932861328,0
2026-05-08 21:05:00+00:00,10.847100257873535,10.847100257873535,10.847100257873535,10.847100257873535,0
2026-05-08 21:07:00+00:00,10.847100257873535,10.847100257873535,10.847100257873535,10.847100257873535,0
2026-05-08 21:09:00+00:00,10.847100257873535,10.847100257873535,10.847100257873535,10.847100257873535,0
2026-05-08 21:11:00+00:00,10.847100257873535,10.847100257873535,10.847100257873535,10.847100257873535,0
2026-05-08 21:13:00+00:00,10.847100257873535,10.847100257873535,10.847100257873535,10.847100257873535,0
2026-05-08 21:15:00+00:00,10.847100257873535,10.847100257873535,10.847100257873535,10.847100257873535,0
2026-05-08 21:17:00+00:00,10.847100257873535,10.847100257873535,10.847100257873535,10.847100257873535,0
2026-05-08 21:19:00+00:00,10.847100257873535,10.847100257873535,10.847100257873535,10.847100257873535,0
2026-05-08 21:21:00+00:00,10.847100257873535,10.847100257873535,10.847100257873535,10.847100257873535,0
2026-05-08 21:23:00+00:00,10.847100257873535,10.847100257873535,10.847100257873535,10.847100257873535,0
2026-05-08 21:25:00+00:00,10.847100257873535,10.847100257873535,10.847100257873535,10.847100257873535,0
2026-05-08 21:27:00+00:00,10.847100257873535,10.847100257873535,10.847100257873535,10.847100257873535,0
2026-05-08 21:29:00+00:00,10.847100257873535,10.847100257873535,10.847100257873535,10.847100257873535,0
