Datetime,Close,High,Low,Open,Volume
2026-05-06 23:00:00+00:00,1.3632800579071045,1.3633999824523926,1.3629000186920166,1.3632899522781372,0
2026-05-06 23:01:00+00:00,1.3632400035858154,1.3633300065994263,1.3629000186920166,1.3632800579071045,0
2026-05-06 23:02:00+00:00,1.3631000518798828,1.3633300065994263,1.3629000186920166,1.3629000186920166,0
2026-05-06 23:03:00+00:00,1.3630000352859497,1.3632999658584595,1.3629000186920166,1.3632299900054932,0
2026-05-06 23:04:00+00:00,1.3632299900054932,1.3632999658584595,1.3629000186920166,1.3631999492645264,0
2026-05-06 23:05:00+00:00,1.3630000352859497,1.3632999658584595,1.3629000186920166,1.3632099628448486,0
2026-05-06 23:06:00+00:00,1.3629000186920166,1.3632999658584595,1.3629000186920166,1.3632500171661377,0
2026-05-06 23:07:00+00:00,1.3632099628448486,1.3632500171661377,1.3629000186920166,1.3632400035858154,0
2026-05-06 23:08:00+00:00,1.3629000186920166,1.3632400035858154,1.3628000020980835,1.3632099628448486,0
2026-05-06 23:09:00+00:00,1.36312997341156,1.3631999492645264,1.3628000020980835,1.3631399869918823,0
2026-05-06 23:10:00+00:00,1.36312997341156,1.3631999492645264,1.3628000020980835,1.3631199598312378,0
2026-05-06 23:11:00+00:00,1.3631500005722046,1.3631999492645264,1.3628000020980835,1.3631099462509155,0
2026-05-06 23:12:00+00:00,1.3631800413131714,1.3632299900054932,1.3628000020980835,1.3628000020980835,0
2026-05-06 23:13:00+00:00,1.363219976425171,1.3632299900054932,1.3628000020980835,1.363219976425171,0
2026-05-06 23:14:00+00:00,1.363219976425171,1.363219976425171,1.3629000186920166,1.3631800413131714,0
2026-05-06 23:15:00+00:00,1.3631999492645264,1.363219976425171,1.3629000186920166,1.3631700277328491,0
2026-05-06 23:16:00+00:00,1.3631700277328491,1.363219976425171,1.3629000186920166,1.3631700277328491,0
2026-05-06 23:17:00+00:00,1.3631700277328491,1.3632299900054932,1.3629000186920166,1.3632099628448486,0
2026-05-06 23:18:00+00:00,1.3632800579071045,1.3633400201797485,1.3629000186920166,1.3631700277328491,0
2026-05-06 23:19:00+00:00,1.3632800579071045,1.3633400201797485,1.3629000186920166,1.3632800579071045,0
2026-05-06 23:20:00+00:00,1.3633400201797485,1.3633999824523926,1.3630000352859497,1.3632700443267822,0
2026-05-06 23:21:00+00:00,1.3633699417114258,1.3634400367736816,1.3630000352859497,1.363360047340393,0
2026-05-06 23:22:00+00:00,1.3630000352859497,1.3633999824523926,1.3630000352859497,1.3633500337600708,0
2026-05-06 23:23:00+00:00,1.3630000352859497,1.3633999824523926,1.3630000352859497,1.3633099794387817,0
2026-05-06 23:24:00+00:00,1.3631000518798828,1.3633999824523926,1.3630000352859497,1.3633699417114258,0
2026-05-06 23:25:00+00:00,1.3633699417114258,1.363420009613037,1.3630000352859497,1.3633300065994263,0
2026-05-06 23:26:00+00:00,1.3633400201797485,1.363420009613037,1.3630000352859497,1.3633899688720703,0
2026-05-06 23:27:00+00:00,1.363360047340393,1.363420009613037,1.3630000352859497,1.3634099960327148,0
2026-05-06 23:28:00+00:00,1.3633699417114258,1.363420009613037,1.3630000352859497,1.363360047340393,0
2026-05-06 23:29:00+00:00,1.3633500337600708,1.363420009613037,1.3630000352859497,1.3633999824523926,0
2026-05-06 23:30:00+00:00,1.363360047340393,1.3634300231933594,1.3630000352859497,1.363360047340393,0
2026-05-06 23:31:00+00:00,1.363379955291748,1.3634300231933594,1.3630000352859497,1.363379955291748,0
2026-05-06 23:32:00+00:00,1.363360047340393,1.3634300231933594,1.3630000352859497,1.363379955291748,0
2026-05-06 23:33:00+00:00,1.3633699417114258,1.363420009613037,1.3630000352859497,1.363360047340393,0
2026-05-06 23:34:00+00:00,1.3634599447250366,1.3634999990463257,1.3631000518798828,1.363360047340393,0
2026-05-06 23:35:00+00:00,1.3634300231933594,1.3634999990463257,1.3631000518798828,1.3634099960327148,0
2026-05-06 23:36:00+00:00,1.363420009613037,1.3634999990463257,1.3631000518798828,1.363420009613037,0
2026-05-06 23:37:00+00:00,1.3634099960327148,1.3634999990463257,1.3631000518798828,1.3634300231933594,0
2026-05-06 23:38:00+00:00,1.3635200262069702,1.3635200262069702,1.3631000518798828,1.3634099960327148,0
2026-05-06 23:39:00+00:00,1.363510012626648,1.3636000156402588,1.3631999492645264,1.3634999990463257,0
2026-05-06 23:40:00+00:00,1.3635900020599365,1.3636000156402588,1.3631999492645264,1.363510012626648,0
2026-05-06 23:41:00+00:00,1.3635499477386475,1.3636000156402588,1.3631000518798828,1.3635499477386475,0
2026-05-06 23:42:00+00:00,1.3635200262069702,1.3635599613189697,1.3631000518798828,1.3635400533676147,0
2026-05-06 23:43:00+00:00,1.3631000518798828,1.3635200262069702,1.3631000518798828,1.3635200262069702,0
2026-05-06 23:44:00+00:00,1.3634899854660034,1.3635200262069702,1.3631000518798828,1.363510012626648,0
2026-05-06 23:45:00+00:00,1.3631000518798828,1.3635200262069702,1.3631000518798828,1.3634899854660034,0
2026-05-06 23:46:00+00:00,1.3634300231933594,1.3635200262069702,1.3631000518798828,1.3631000518798828,0
2026-05-06 23:47:00+00:00,1.3634099960327148,1.3634300231933594,1.3630000352859497,1.3634300231933594,0
2026-05-06 23:48:00+00:00,1.3634999990463257,1.3635300397872925,1.3630000352859497,1.3633899688720703,0
2026-05-06 23:49:00+00:00,1.3636300563812256,1.3636300563812256,1.3631000518798828,1.363510012626648,0
2026-05-06 23:50:00+00:00,1.3631999492645264,1.3636900186538696,1.3631999492645264,1.363610029220581,0
2026-05-06 23:51:00+00:00,1.3636000156402588,1.3636200428009033,1.3631999492645264,1.3635900020599365,0
2026-05-06 23:52:00+00:00,1.3635599613189697,1.363610029220581,1.3631999492645264,1.3635599613189697,0
2026-05-06 23:53:00+00:00,1.3635599613189697,1.3636300563812256,1.3631999492645264,1.3636000156402588,0
2026-05-06 23:54:00+00:00,1.3631999492645264,1.3636200428009033,1.3631999492645264,1.3636200428009033,0
2026-05-06 23:55:00+00:00,1.363610029220581,1.3636200428009033,1.3631999492645264,1.363610029220581,0
2026-05-06 23:56:00+00:00,1.3634999990463257,1.3637499809265137,1.3631999492645264,1.3631999492645264,0
2026-05-06 23:57:00+00:00,1.3636900186538696,1.3637900352478027,1.3632999658584595,1.3636900186538696,0
2026-05-06 23:58:00+00:00,1.363669991493225,1.363800048828125,1.3632999658584595,1.3636900186538696,0
2026-05-06 23:59:00+00:00,1.3632999658584595,1.3637200593948364,1.3632999658584595,1.363669991493225,0
2026-05-07 00:00:00+00:00,1.363700032234192,1.363700032234192,1.3631000518798828,1.3636599779129028,0
2026-05-07 00:01:00+00:00,1.3633999824523926,1.3637299537658691,1.3631999492645264,1.3636599779129028,0
2026-05-07 00:02:00+00:00,1.3634799718856812,1.363700032234192,1.3631000518798828,1.3636300563812256,0
2026-05-07 00:03:00+00:00,1.3634899854660034,1.363569974899292,1.3631000518798828,1.3634899854660034,0
2026-05-07 00:04:00+00:00,1.3636300563812256,1.3636900186538696,1.3631999492645264,1.363510012626648,0
2026-05-07 00:05:00+00:00,1.3636499643325806,1.3637100458145142,1.3632999658584595,1.3636499643325806,0
2026-05-07 00:06:00+00:00,1.3634999990463257,1.363700032234192,1.3631999492645264,1.3636599779129028,0
2026-05-07 00:07:00+00:00,1.36381995677948,1.3638399839401245,1.3632999658584595,1.3636599779129028,0
2026-05-07 00:08:00+00:00,1.3634999990463257,1.363919973373413,1.3634999990463257,1.363800048828125,0
2026-05-07 00:09:00+00:00,1.3638499975204468,1.3638900518417358,1.3633999824523926,1.363860011100769,0
2026-05-07 00:10:00+00:00,1.3633999824523926,1.363860011100769,1.3633999824523926,1.36381995677948,0
2026-05-07 00:11:00+00:00,1.3636000156402588,1.363800048828125,1.3631999492645264,1.3637200593948364,0
2026-05-07 00:12:00+00:00,1.3635400533676147,1.3636599779129028,1.3631999492645264,1.3635799884796143,0
2026-05-07 00:13:00+00:00,1.363610029220581,1.363700032234192,1.3631999492645264,1.3635499477386475,0
2026-05-07 00:14:00+00:00,1.363510012626648,1.3636200428009033,1.3631999492645264,1.3635799884796143,0
2026-05-07 00:15:00+00:00,1.3636300563812256,1.363700032234192,1.3631999492645264,1.3634999990463257,0
2026-05-07 00:16:00+00:00,1.3636300563812256,1.363700032234192,1.3631999492645264,1.3636300563812256,0
2026-05-07 00:17:00+00:00,1.3633999824523926,1.363800048828125,1.3632999658584595,1.3636300563812256,0
2026-05-07 00:18:00+00:00,1.3637700080871582,1.363800048828125,1.3633999824523926,1.363759994506836,0
2026-05-07 00:19:00+00:00,1.363759994506836,1.36381995677948,1.3633999824523926,1.363759994506836,0
2026-05-07 00:20:00+00:00,1.3636000156402588,1.3638499975204468,1.3633999824523926,1.363759994506836,0
2026-05-07 00:21:00+00:00,1.3637499809265137,1.3638499975204468,1.3633999824523926,1.3638499975204468,0
2026-05-07 00:22:00+00:00,1.3633999824523926,1.363800048828125,1.3633999824523926,1.3637200593948364,0
2026-05-07 00:23:00+00:00,1.3638299703598022,1.3638999462127686,1.3633999824523926,1.363759994506836,0
2026-05-07 00:24:00+00:00,1.3634999990463257,1.3638999462127686,1.3633999824523926,1.363860011100769,0
2026-05-07 00:25:00+00:00,1.364009976387024,1.3640600442886353,1.3634999990463257,1.3638800382614136,0
2026-05-07 00:26:00+00:00,1.3639600276947021,1.364050030708313,1.3636000156402588,1.363700032234192,0
2026-05-07 00:27:00+00:00,1.3638900518417358,1.3639999628067017,1.3636000156402588,1.3639600276947021,0
2026-05-07 00:28:00+00:00,1.3639400005340576,1.3639999628067017,1.3634999990463257,1.3636000156402588,0
2026-05-07 00:29:00+00:00,1.3636000156402588,1.3640300035476685,1.3636000156402588,1.363800048828125,0
2026-05-07 00:30:00+00:00,1.364009976387024,1.3640400171279907,1.3636000156402588,1.3639500141143799,0
2026-05-07 00:31:00+00:00,1.3639700412750244,1.3640600442886353,1.3636000156402588,1.3639899492263794,0
2026-05-07 00:32:00+00:00,1.3639600276947021,1.364050030708313,1.3636000156402588,1.3639800548553467,0
2026-05-07 00:33:00+00:00,1.364009976387024,1.3640400171279907,1.3636000156402588,1.3636000156402588,0
2026-05-07 00:34:00+00:00,1.3640400171279907,1.3640700578689575,1.363700032234192,1.3640400171279907,0
2026-05-07 00:35:00+00:00,1.364009976387024,1.364050030708313,1.3636000156402588,1.364009976387024,0
2026-05-07 00:36:00+00:00,1.3639700412750244,1.3640300035476685,1.3636000156402588,1.3640300035476685,0
2026-05-07 00:37:00+00:00,1.3639600276947021,1.3639999628067017,1.3636000156402588,1.3639700412750244,0
2026-05-07 00:38:00+00:00,1.3639600276947021,1.3640400171279907,1.3636000156402588,1.3639600276947021,0
2026-05-07 00:39:00+00:00,1.3639899492263794,1.3640400171279907,1.3636000156402588,1.3639600276947021,0
2026-05-07 00:40:00+00:00,1.3639899492263794,1.3640600442886353,1.3636000156402588,1.3639600276947021,0
2026-05-07 00:41:00+00:00,1.364009976387024,1.3640700578689575,1.363700032234192,1.3639899492263794,0
2026-05-07 00:42:00+00:00,1.3640700578689575,1.3641599416732788,1.363700032234192,1.364050030708313,0
2026-05-07 00:43:00+00:00,1.3640799522399902,1.3641599416732788,1.363700032234192,1.3640999794006348,0
2026-05-07 00:44:00+00:00,1.363700032234192,1.3641200065612793,1.363700032234192,1.3640700578689575,0
2026-05-07 00:45:00+00:00,1.364009976387024,1.3640600442886353,1.363700032234192,1.364009976387024,0
2026-05-07 00:46:00+00:00,1.3640700578689575,1.3640700578689575,1.363700032234192,1.364009976387024,0
2026-05-07 00:47:00+00:00,1.364109992980957,1.3641300201416016,1.363700032234192,1.3640799522399902,0
2026-05-07 00:48:00+00:00,1.3640199899673462,1.3641300201416016,1.363700032234192,1.364109992980957,0
2026-05-07 00:49:00+00:00,1.3640600442886353,1.3640999794006348,1.363700032234192,1.3640600442886353,0
2026-05-07 00:50:00+00:00,1.3639899492263794,1.3640700578689575,1.3636000156402588,1.3640600442886353,0
2026-05-07 00:51:00+00:00,1.3639700412750244,1.3639999628067017,1.3636000156402588,1.3639600276947021,0
2026-05-07 00:52:00+00:00,1.3636000156402588,1.3640700578689575,1.3636000156402588,1.3639700412750244,0
2026-05-07 00:53:00+00:00,1.3639299869537354,1.3640300035476685,1.3636000156402588,1.3639899492263794,0
2026-05-07 00:54:00+00:00,1.363860011100769,1.3639999628067017,1.3634999990463257,1.363919973373413,0
2026-05-07 00:55:00+00:00,1.3638999462127686,1.3639999628067017,1.3634999990463257,1.3638700246810913,0
2026-05-07 00:56:00+00:00,1.363860011100769,1.3639999628067017,1.3634999990463257,1.363919973373413,0
2026-05-07 00:57:00+00:00,1.3637900352478027,1.3638999462127686,1.3633999824523926,1.3638499975204468,0
2026-05-07 00:58:00+00:00,1.3637700080871582,1.363860011100769,1.3633999824523926,1.3637900352478027,0
2026-05-07 00:59:00+00:00,1.3637800216674805,1.3638399839401245,1.3633999824523926,1.3637700080871582,0
2026-05-07 01:00:00+00:00,1.3639299869537354,1.3639700412750244,1.3633999824523926,1.3637700080871582,0
2026-05-07 01:01:00+00:00,1.363860011100769,1.3639999628067017,1.3634999990463257,1.3639400005340576,0
2026-05-07 01:02:00+00:00,1.3638299703598022,1.3639400005340576,1.3633999824523926,1.3636000156402588,0
2026-05-07 01:03:00+00:00,1.3636599779129028,1.363860011100769,1.3632999658584595,1.3636599779129028,0
2026-05-07 01:04:00+00:00,1.3636800050735474,1.3637100458145142,1.3631999492645264,1.3636399507522583,0
2026-05-07 01:05:00+00:00,1.3633999824523926,1.3637100458145142,1.3632999658584595,1.3636499643325806,0
2026-05-07 01:06:00+00:00,1.3632999658584595,1.3637800216674805,1.3632999658584595,1.3636200428009033,0
2026-05-07 01:07:00+00:00,1.363569974899292,1.363700032234192,1.3631999492645264,1.3636900186538696,0
2026-05-07 01:08:00+00:00,1.3636499643325806,1.363700032234192,1.3631999492645264,1.363569974899292,0
2026-05-07 01:09:00+00:00,1.3636300563812256,1.363700032234192,1.3631999492645264,1.3636300563812256,0
2026-05-07 01:10:00+00:00,1.3635499477386475,1.363669991493225,1.3631999492645264,1.363669991493225,0
2026-05-07 01:11:00+00:00,1.363569974899292,1.3636000156402588,1.3631999492645264,1.3635499477386475,0
2026-05-07 01:12:00+00:00,1.3631800413131714,1.3635799884796143,1.3628000020980835,1.3635499477386475,0
2026-05-07 01:13:00+00:00,1.363319993019104,1.363420009613037,1.3626999855041504,1.3631999492645264,0
2026-05-07 01:14:00+00:00,1.3633500337600708,1.3633899688720703,1.3630000352859497,1.3633899688720703,0
2026-05-07 01:15:00+00:00,1.3632700443267822,1.3633999824523926,1.3629000186920166,1.3630000352859497,0
2026-05-07 01:16:00+00:00,1.363319993019104,1.3633699417114258,1.3629000186920166,1.3632700443267822,0
2026-05-07 01:17:00+00:00,1.3632700443267822,1.3633500337600708,1.3629000186920166,1.3632899522781372,0
2026-05-07 01:18:00+00:00,1.3632999658584595,1.3633899688720703,1.3629000186920166,1.3632800579071045,0
2026-05-07 01:19:00+00:00,1.3632099628448486,1.363360047340393,1.3629000186920166,1.363319993019104,0
2026-05-07 01:20:00+00:00,1.363219976425171,1.3632999658584595,1.3629000186920166,1.3632299900054932,0
2026-05-07 01:21:00+00:00,1.3632500171661377,1.363319993019104,1.3629000186920166,1.3632400035858154,0
2026-05-07 01:22:00+00:00,1.3631500005722046,1.36326003074646,1.3628000020980835,1.3632299900054932,0
2026-05-07 01:23:00+00:00,1.3631000518798828,1.3631700277328491,1.3628000020980835,1.3629000186920166,0
2026-05-07 01:24:00+00:00,1.3629000186920166,1.363219976425171,1.3628000020980835,1.3631099462509155,0
2026-05-07 01:25:00+00:00,1.36312997341156,1.363219976425171,1.3628000020980835,1.3631500005722046,0
2026-05-07 01:26:00+00:00,1.3632099628448486,1.3632400035858154,1.3628000020980835,1.3630000352859497,0
2026-05-07 01:27:00+00:00,1.3632099628448486,1.3632400035858154,1.3629000186920166,1.3632099628448486,0
2026-05-07 01:28:00+00:00,1.3631600141525269,1.3632299900054932,1.3628000020980835,1.3631900548934937,0
2026-05-07 01:29:00+00:00,1.3631199598312378,1.3631999492645264,1.3628000020980835,1.3631600141525269,0
2026-05-07 01:30:00+00:00,1.3632099628448486,1.3632299900054932,1.3626999855041504,1.3628000020980835,0
2026-05-07 01:31:00+00:00,1.3631999492645264,1.3632999658584595,1.3628000020980835,1.3631900548934937,0
2026-05-07 01:32:00+00:00,1.363219976425171,1.3632700443267822,1.3629000186920166,1.3629000186920166,0
2026-05-07 01:33:00+00:00,1.3631999492645264,1.3632999658584595,1.3626999855041504,1.3632099628448486,0
2026-05-07 01:34:00+00:00,1.3630900382995605,1.3632099628448486,1.3628000020980835,1.3628000020980835,0
2026-05-07 01:35:00+00:00,1.3630599975585938,1.36312997341156,1.3625999689102173,1.3630900382995605,0
2026-05-07 01:36:00+00:00,1.3630800247192383,1.3631199598312378,1.3626999855041504,1.363070011138916,0
2026-05-07 01:37:00+00:00,1.363029956817627,1.3631000518798828,1.3625999689102173,1.3630599975585938,0
2026-05-07 01:38:00+00:00,1.3629499673843384,1.363029956817627,1.3624999523162842,1.3629800081253052,0
2026-05-07 01:39:00+00:00,1.3629200458526611,1.3630399703979492,1.3625999689102173,1.3629300594329834,0
2026-05-07 01:40:00+00:00,1.3628900051116943,1.3630000352859497,1.3624999523162842,1.3630000352859497,0
2026-05-07 01:41:00+00:00,1.3626999855041504,1.3629499673843384,1.3624000549316406,1.3628699779510498,0
2026-05-07 01:42:00+00:00,1.3628400564193726,1.3629200458526611,1.3624999523162842,1.3629000186920166,0
2026-05-07 01:43:00+00:00,1.3624999523162842,1.3629200458526611,1.3624999523162842,1.362820029258728,0
2026-05-07 01:44:00+00:00,1.3628300428390503,1.3628900051116943,1.3624999523162842,1.3628599643707275,0
2026-05-07 01:45:00+00:00,1.3628499507904053,1.3629200458526611,1.3624999523162842,1.3624999523162842,0
2026-05-07 01:46:00+00:00,1.3629200458526611,1.363010048866272,1.3624999523162842,1.3628499507904053,0
2026-05-07 01:47:00+00:00,1.3629399538040161,1.3630000352859497,1.3624000549316406,1.3629300594329834,0
2026-05-07 01:48:00+00:00,1.3629599809646606,1.3629599809646606,1.3624999523162842,1.3625999689102173,0
2026-05-07 01:49:00+00:00,1.3629499673843384,1.3630000352859497,1.3625999689102173,1.3629399538040161,0
2026-05-07 01:50:00+00:00,1.362969994544983,1.363010048866272,1.3625999689102173,1.3629800081253052,0
2026-05-07 01:51:00+00:00,1.3626999855041504,1.3630499839782715,1.3625999689102173,1.3629399538040161,0
2026-05-07 01:52:00+00:00,1.3630199432373047,1.3630399703979492,1.3625999689102173,1.3630000352859497,0
2026-05-07 01:53:00+00:00,1.3629000186920166,1.3630800247192383,1.3626999855041504,1.3630000352859497,0
2026-05-07 01:54:00+00:00,1.363070011138916,1.3631199598312378,1.3626999855041504,1.3630399703979492,0
2026-05-07 01:55:00+00:00,1.3630599975585938,1.3631099462509155,1.3626999855041504,1.3626999855041504,0
2026-05-07 01:56:00+00:00,1.3631099462509155,1.3631399869918823,1.3626999855041504,1.3631000518798828,0
2026-05-07 01:57:00+00:00,1.3630599975585938,1.36312997341156,1.3625999689102173,1.3631000518798828,0
2026-05-07 01:58:00+00:00,1.3628000020980835,1.3631600141525269,1.3626999855041504,1.3630900382995605,0
2026-05-07 01:59:00+00:00,1.3631700277328491,1.3631999492645264,1.3628000020980835,1.3630900382995605,0
2026-05-07 02:00:00+00:00,1.3631000518798828,1.3632099628448486,1.3626999855041504,1.3631700277328491,0
2026-05-07 02:01:00+00:00,1.3631800413131714,1.3632999658584595,1.3628000020980835,1.3631399869918823,0
2026-05-07 02:02:00+00:00,1.3631700277328491,1.3632099628448486,1.3626999855041504,1.3631800413131714,0
2026-05-07 02:03:00+00:00,1.3629000186920166,1.3632999658584595,1.3628000020980835,1.3631600141525269,0
2026-05-07 02:04:00+00:00,1.3634099960327148,1.363420009613037,1.3629000186920166,1.363219976425171,0
2026-05-07 02:05:00+00:00,1.363420009613037,1.363510012626648,1.3630000352859497,1.363379955291748,0
2026-05-07 02:06:00+00:00,1.3634599447250366,1.3634999990463257,1.3631000518798828,1.3631000518798828,0
2026-05-07 02:07:00+00:00,1.3634899854660034,1.363510012626648,1.3631000518798828,1.3634099960327148,0
2026-05-07 02:08:00+00:00,1.3635300397872925,1.3635400533676147,1.3631000518798828,1.3634799718856812,0
2026-05-07 02:09:00+00:00,1.3635300397872925,1.363569974899292,1.3631000518798828,1.3635300397872925,0
2026-05-07 02:10:00+00:00,1.3635599613189697,1.363610029220581,1.3631999492645264,1.3635200262069702,0
2026-05-07 02:11:00+00:00,1.363569974899292,1.3636800050735474,1.3631999492645264,1.3635300397872925,0
2026-05-07 02:12:00+00:00,1.363569974899292,1.3636300563812256,1.3631999492645264,1.3635599613189697,0
2026-05-07 02:13:00+00:00,1.3631999492645264,1.3636499643325806,1.3631999492645264,1.3636000156402588,0
2026-05-07 02:14:00+00:00,1.3631999492645264,1.363610029220581,1.3631000518798828,1.3635799884796143,0
2026-05-07 02:15:00+00:00,1.3635599613189697,1.363610029220581,1.3631999492645264,1.3635499477386475,0
2026-05-07 02:16:00+00:00,1.3631999492645264,1.3636200428009033,1.3631000518798828,1.3635599613189697,0
2026-05-07 02:17:00+00:00,1.3635400533676147,1.3636000156402588,1.3631999492645264,1.363510012626648,0
2026-05-07 02:18:00+00:00,1.3635599613189697,1.3636000156402588,1.3631999492645264,1.3635499477386475,0
2026-05-07 02:19:00+00:00,1.3635599613189697,1.3636000156402588,1.3631999492645264,1.363569974899292,0
2026-05-07 02:20:00+00:00,1.363569974899292,1.363610029220581,1.3631999492645264,1.3631999492645264,0
2026-05-07 02:21:00+00:00,1.3636599779129028,1.3637200593948364,1.3631999492645264,1.3631999492645264,0
2026-05-07 02:22:00+00:00,1.3637499809265137,1.3638099431991577,1.3632999658584595,1.3634999990463257,0
2026-05-07 02:23:00+00:00,1.3636399507522583,1.363800048828125,1.3631999492645264,1.363759994506836,0
2026-05-07 02:24:00+00:00,1.3636499643325806,1.363700032234192,1.3632999658584595,1.3636499643325806,0
2026-05-07 02:25:00+00:00,1.3636499643325806,1.3637200593948364,1.3632999658584595,1.3636599779129028,0
2026-05-07 02:26:00+00:00,1.363700032234192,1.3637499809265137,1.3632999658584595,1.3636499643325806,0
2026-05-07 02:27:00+00:00,1.363759994506836,1.3637800216674805,1.3632999658584595,1.3636900186538696,0
2026-05-07 02:28:00+00:00,1.3637399673461914,1.363800048828125,1.3633999824523926,1.3637200593948364,0
2026-05-07 02:29:00+00:00,1.363700032234192,1.363800048828125,1.3633999824523926,1.3637499809265137,0
2026-05-07 02:30:00+00:00,1.3636599779129028,1.363800048828125,1.3632999658584595,1.3636599779129028,0
2026-05-07 02:31:00+00:00,1.3636599779129028,1.3637299537658691,1.3631999492645264,1.3632999658584595,0
2026-05-07 02:32:00+00:00,1.3636599779129028,1.3637100458145142,1.3632999658584595,1.3636599779129028,0
2026-05-07 02:33:00+00:00,1.3635900020599365,1.3637100458145142,1.3632999658584595,1.3636599779129028,0
2026-05-07 02:34:00+00:00,1.3636599779129028,1.363700032234192,1.3632999658584595,1.3635799884796143,0
2026-05-07 02:35:00+00:00,1.3636800050735474,1.3637200593948364,1.3632999658584595,1.3633999824523926,0
2026-05-07 02:36:00+00:00,1.3637100458145142,1.363800048828125,1.3632999658584595,1.3636800050735474,0
2026-05-07 02:37:00+00:00,1.3637100458145142,1.3638099431991577,1.3633999824523926,1.3637100458145142,0
2026-05-07 02:38:00+00:00,1.3637200593948364,1.363800048828125,1.3633999824523926,1.3637100458145142,0
2026-05-07 02:39:00+00:00,1.3637399673461914,1.363800048828125,1.3633999824523926,1.363759994506836,0
2026-05-07 02:40:00+00:00,1.36381995677948,1.3638700246810913,1.3633999824523926,1.3637499809265137,0
2026-05-07 02:41:00+00:00,1.363700032234192,1.3639700412750244,1.3634999990463257,1.3638499975204468,0
2026-05-07 02:42:00+00:00,1.363700032234192,1.363919973373413,1.3634999990463257,1.3638399839401245,0
2026-05-07 02:43:00+00:00,1.3636000156402588,1.3639299869537354,1.3634999990463257,1.363860011100769,0
2026-05-07 02:44:00+00:00,1.3640400171279907,1.3641599416732788,1.3634999990463257,1.36381995677948,0
2026-05-07 02:45:00+00:00,1.3638099431991577,1.3640799522399902,1.3633999824523926,1.3640600442886353,0
2026-05-07 02:46:00+00:00,1.3638499975204468,1.3638999462127686,1.3636000156402588,1.3638499975204468,0
2026-05-07 02:47:00+00:00,1.36381995677948,1.3638999462127686,1.3632999658584595,1.3638900518417358,0
2026-05-07 02:48:00+00:00,1.3636000156402588,1.3638999462127686,1.3633999824523926,1.3638499975204468,0
2026-05-07 02:49:00+00:00,1.3637900352478027,1.3638999462127686,1.3634999990463257,1.3638700246810913,0
2026-05-07 02:50:00+00:00,1.3637900352478027,1.3638399839401245,1.3634999990463257,1.363800048828125,0
2026-05-07 02:51:00+00:00,1.3637700080871582,1.3638299703598022,1.3632999658584595,1.363800048828125,0
2026-05-07 02:52:00+00:00,1.3637399673461914,1.363800048828125,1.3633999824523926,1.3637700080871582,0
2026-05-07 02:53:00+00:00,1.3636399507522583,1.3637800216674805,1.3631999492645264,1.3637299537658691,0
2026-05-07 02:54:00+00:00,1.3632999658584595,1.3636300563812256,1.3631000518798828,1.3636300563812256,0
2026-05-07 02:55:00+00:00,1.363669991493225,1.3637100458145142,1.3631999492645264,1.363569974899292,0
2026-05-07 02:56:00+00:00,1.3636000156402588,1.3637200593948364,1.3632999658584595,1.363669991493225,0
2026-05-07 02:57:00+00:00,1.3636599779129028,1.363700032234192,1.3632999658584595,1.3635799884796143,0
2026-05-07 02:58:00+00:00,1.3632999658584595,1.3637200593948364,1.3632999658584595,1.3636599779129028,0
2026-05-07 02:59:00+00:00,1.3636499643325806,1.363700032234192,1.3632999658584595,1.3636499643325806,0
2026-05-07 03:00:00+00:00,1.3637200593948364,1.3637800216674805,1.3632999658584595,1.3636599779129028,0
2026-05-07 03:01:00+00:00,1.3636900186538696,1.363759994506836,1.3632999658584595,1.3637299537658691,0
2026-05-07 03:02:00+00:00,1.3633999824523926,1.363800048828125,1.3633999824523926,1.3636900186538696,0
2026-05-07 03:03:00+00:00,1.3636599779129028,1.3637800216674805,1.3632999658584595,1.3637499809265137,0
2026-05-07 03:04:00+00:00,1.3636900186538696,1.3637200593948364,1.3632999658584595,1.3634999990463257,0
2026-05-07 03:05:00+00:00,1.363669991493225,1.363700032234192,1.3631999492645264,1.3634999990463257,0
2026-05-07 03:06:00+00:00,1.3636900186538696,1.3637200593948364,1.3632999658584595,1.3636499643325806,0
2026-05-07 03:07:00+00:00,1.3636499643325806,1.363700032234192,1.3632999658584595,1.363669991493225,0
2026-05-07 03:08:00+00:00,1.363669991493225,1.363700032234192,1.3632999658584595,1.3636499643325806,0
2026-05-07 03:09:00+00:00,1.3632999658584595,1.3637200593948364,1.3632999658584595,1.3636900186538696,0
2026-05-07 03:10:00+00:00,1.3636900186538696,1.3637100458145142,1.3632999658584595,1.3636599779129028,0
2026-05-07 03:11:00+00:00,1.3636499643325806,1.363700032234192,1.3632999658584595,1.3636800050735474,0
2026-05-07 03:12:00+00:00,1.3637800216674805,1.363800048828125,1.3632999658584595,1.363669991493225,0
2026-05-07 03:13:00+00:00,1.3637499809265137,1.363800048828125,1.3633999824523926,1.3633999824523926,0
2026-05-07 03:14:00+00:00,1.3637399673461914,1.363800048828125,1.3633999824523926,1.3637399673461914,0
2026-05-07 03:15:00+00:00,1.3637299537658691,1.363800048828125,1.3633999824523926,1.3634999990463257,0
2026-05-07 03:16:00+00:00,1.363759994506836,1.3637700080871582,1.3633999824523926,1.3637700080871582,0
2026-05-07 03:17:00+00:00,1.3636900186538696,1.3637800216674805,1.3633999824523926,1.3637499809265137,0
2026-05-07 03:18:00+00:00,1.3636800050735474,1.3637299537658691,1.3633999824523926,1.3636800050735474,0
2026-05-07 03:19:00+00:00,1.3636200428009033,1.3637200593948364,1.3631999492645264,1.3636599779129028,0
2026-05-07 03:20:00+00:00,1.3635599613189697,1.3636499643325806,1.3631999492645264,1.3635799884796143,0
2026-05-07 03:21:00+00:00,1.3636000156402588,1.3636300563812256,1.3631000518798828,1.3635799884796143,0
2026-05-07 03:22:00+00:00,1.3636399507522583,1.363700032234192,1.3632999658584595,1.3636000156402588,0
2026-05-07 03:23:00+00:00,1.3636499643325806,1.3637100458145142,1.3632999658584595,1.3636499643325806,0
2026-05-07 03:24:00+00:00,1.3636599779129028,1.363700032234192,1.3632999658584595,1.3636499643325806,0
2026-05-07 03:25:00+00:00,1.363669991493225,1.363700032234192,1.3632999658584595,1.3636599779129028,0
2026-05-07 03:26:00+00:00,1.3636000156402588,1.363700032234192,1.3632999658584595,1.3636499643325806,0
2026-05-07 03:27:00+00:00,1.3636200428009033,1.3636499643325806,1.3632999658584595,1.3632999658584595,0
2026-05-07 03:28:00+00:00,1.3636000156402588,1.3636200428009033,1.3631000518798828,1.3635900020599365,0
2026-05-07 03:29:00+00:00,1.3636599779129028,1.363700032234192,1.3631999492645264,1.3636000156402588,0
2026-05-07 03:30:00+00:00,1.3636800050735474,1.3637399673461914,1.3632999658584595,1.3636900186538696,0
2026-05-07 03:31:00+00:00,1.3636599779129028,1.3637200593948364,1.3631999492645264,1.3636800050735474,0
2026-05-07 03:32:00+00:00,1.3637700080871582,1.363800048828125,1.3632999658584595,1.3636499643325806,0
2026-05-07 03:33:00+00:00,1.3637499809265137,1.363800048828125,1.3633999824523926,1.363759994506836,0
2026-05-07 03:34:00+00:00,1.363759994506836,1.363800048828125,1.3633999824523926,1.3637700080871582,0
2026-05-07 03:35:00+00:00,1.3637900352478027,1.3638099431991577,1.3633999824523926,1.363759994506836,0
2026-05-07 03:36:00+00:00,1.3637700080871582,1.363800048828125,1.3633999824523926,1.3637900352478027,0
2026-05-07 03:37:00+00:00,1.3637700080871582,1.3638299703598022,1.3633999824523926,1.3637700080871582,0
2026-05-07 03:38:00+00:00,1.3634999990463257,1.3638999462127686,1.3633999824523926,1.3637700080871582,0
2026-05-07 03:39:00+00:00,1.3637399673461914,1.36381995677948,1.3633999824523926,1.363800048828125,0
2026-05-07 03:40:00+00:00,1.363700032234192,1.363759994506836,1.3632999658584595,1.3637200593948364,0
2026-05-07 03:41:00+00:00,1.3636399507522583,1.3637399673461914,1.3633999824523926,1.363700032234192,0
2026-05-07 03:42:00+00:00,1.3636800050735474,1.363759994506836,1.3632999658584595,1.363669991493225,0
2026-05-07 03:43:00+00:00,1.3636499643325806,1.3637399673461914,1.3633999824523926,1.363669991493225,0
2026-05-07 03:44:00+00:00,1.3637800216674805,1.3637800216674805,1.3632999658584595,1.3636599779129028,0
2026-05-07 03:45:00+00:00,1.3637700080871582,1.36381995677948,1.3633999824523926,1.3633999824523926,0
2026-05-07 03:46:00+00:00,1.3638399839401245,1.363860011100769,1.3633999824523926,1.363800048828125,0
2026-05-07 03:47:00+00:00,1.3638399839401245,1.3638499975204468,1.3634999990463257,1.363800048828125,0
2026-05-07 03:48:00+00:00,1.3638399839401245,1.3638700246810913,1.3634999990463257,1.3638099431991577,0
2026-05-07 03:49:00+00:00,1.363860011100769,1.3638999462127686,1.3634999990463257,1.3638399839401245,0
2026-05-07 03:50:00+00:00,1.3638499975204468,1.3638999462127686,1.3634999990463257,1.3638399839401245,0
2026-05-07 03:51:00+00:00,1.363860011100769,1.3639299869537354,1.3634999990463257,1.3638499975204468,0
2026-05-07 03:52:00+00:00,1.3638800382614136,1.363919973373413,1.3633999824523926,1.3638700246810913,0
2026-05-07 03:53:00+00:00,1.3638700246810913,1.3639899492263794,1.3634999990463257,1.3638700246810913,0
2026-05-07 03:54:00+00:00,1.3638700246810913,1.3638999462127686,1.3633999824523926,1.3638999462127686,0
2026-05-07 03:55:00+00:00,1.3638399839401245,1.3639099597930908,1.3634999990463257,1.3638399839401245,0
2026-05-07 03:56:00+00:00,1.363700032234192,1.3639999628067017,1.3634999990463257,1.3638399839401245,0
2026-05-07 03:57:00+00:00,1.363700032234192,1.3639500141143799,1.3634999990463257,1.3636000156402588,0
2026-05-07 03:58:00+00:00,1.3638800382614136,1.3639999628067017,1.3636000156402588,1.363700032234192,0
2026-05-07 03:59:00+00:00,1.3639500141143799,1.3639500141143799,1.3634999990463257,1.3638800382614136,0
2026-05-07 04:00:00+00:00,1.3636000156402588,1.3639999628067017,1.3634999990463257,1.3639299869537354,0
2026-05-07 04:01:00+00:00,1.3638999462127686,1.3639700412750244,1.3634999990463257,1.3636000156402588,0
2026-05-07 04:02:00+00:00,1.363860011100769,1.3638999462127686,1.3633999824523926,1.3638700246810913,0
2026-05-07 04:03:00+00:00,1.3638700246810913,1.3639099597930908,1.3634999990463257,1.363860011100769,0
2026-05-07 04:04:00+00:00,1.363800048828125,1.3638999462127686,1.3633999824523926,1.3638399839401245,0
2026-05-07 04:05:00+00:00,1.3634999990463257,1.3638299703598022,1.3632999658584595,1.3634999990463257,0
2026-05-07 04:06:00+00:00,1.3637700080871582,1.3638099431991577,1.3633999824523926,1.3636800050735474,0
2026-05-07 04:07:00+00:00,1.3637499809265137,1.3638099431991577,1.3633999824523926,1.3637800216674805,0
2026-05-07 04:08:00+00:00,1.363669991493225,1.3637499809265137,1.3632999658584595,1.3634999990463257,0
2026-05-07 04:09:00+00:00,1.3635599613189697,1.363700032234192,1.3631000518798828,1.3632999658584595,0
2026-05-07 04:10:00+00:00,1.3633999824523926,1.3636000156402588,1.3631999492645264,1.3635599613189697,0
2026-05-07 04:11:00+00:00,1.3635499477386475,1.3636499643325806,1.3631999492645264,1.363569974899292,0
2026-05-07 04:12:00+00:00,1.3635799884796143,1.3636399507522583,1.3631999492645264,1.363569974899292,0
2026-05-07 04:13:00+00:00,1.3635799884796143,1.363700032234192,1.3631999492645264,1.3635900020599365,0
2026-05-07 04:14:00+00:00,1.3631999492645264,1.3636300563812256,1.3631000518798828,1.3635900020599365,0
2026-05-07 04:15:00+00:00,1.3634899854660034,1.3635799884796143,1.3631000518798828,1.3635400533676147,0
2026-05-07 04:16:00+00:00,1.363379955291748,1.3635400533676147,1.3630000352859497,1.3634899854660034,0
2026-05-07 04:17:00+00:00,1.363379955291748,1.3634300231933594,1.3630000352859497,1.3633899688720703,0
2026-05-07 04:18:00+00:00,1.3631000518798828,1.363450050354004,1.3630000352859497,1.363379955291748,0
2026-05-07 04:19:00+00:00,1.3634899854660034,1.3634999990463257,1.3630000352859497,1.3631000518798828,0
2026-05-07 04:20:00+00:00,1.363450050354004,1.363510012626648,1.3631000518798828,1.3634699583053589,0
2026-05-07 04:21:00+00:00,1.3634699583053589,1.3635200262069702,1.3630000352859497,1.363450050354004,0
2026-05-07 04:22:00+00:00,1.3634599447250366,1.3634999990463257,1.3631000518798828,1.3634699583053589,0
2026-05-07 04:23:00+00:00,1.3634699583053589,1.3634999990463257,1.3631000518798828,1.3634699583053589,0
2026-05-07 04:24:00+00:00,1.363379955291748,1.3634899854660034,1.3629000186920166,1.363450050354004,0
2026-05-07 04:25:00+00:00,1.3633999824523926,1.3634099960327148,1.3630000352859497,1.3633699417114258,0
2026-05-07 04:26:00+00:00,1.363360047340393,1.3634099960327148,1.3630000352859497,1.3633699417114258,0
2026-05-07 04:27:00+00:00,1.3634099960327148,1.363420009613037,1.3630000352859497,1.3633699417114258,0
2026-05-07 04:28:00+00:00,1.363379955291748,1.3634300231933594,1.3630000352859497,1.363379955291748,0
2026-05-07 04:29:00+00:00,1.3634099960327148,1.363420009613037,1.3629000186920166,1.363379955291748,0
2026-05-07 04:30:00+00:00,1.3633400201797485,1.363420009613037,1.3630000352859497,1.3633899688720703,0
2026-05-07 04:31:00+00:00,1.3633099794387817,1.3633999824523926,1.3629000186920166,1.3630000352859497,0
2026-05-07 04:32:00+00:00,1.363319993019104,1.3633500337600708,1.3629000186920166,1.3632800579071045,0
2026-05-07 04:33:00+00:00,1.3632999658584595,1.3633300065994263,1.3629000186920166,1.3632999658584595,0
2026-05-07 04:34:00+00:00,1.3632899522781372,1.3633999824523926,1.3629000186920166,1.3632800579071045,0
2026-05-07 04:35:00+00:00,1.3632999658584595,1.3633500337600708,1.3629000186920166,1.3633099794387817,0
2026-05-07 04:36:00+00:00,1.363319993019104,1.3633999824523926,1.3630000352859497,1.3633099794387817,0
2026-05-07 04:37:00+00:00,1.3633099794387817,1.3634099960327148,1.3630000352859497,1.363319993019104,0
2026-05-07 04:38:00+00:00,1.3632800579071045,1.363319993019104,1.3630000352859497,1.3633099794387817,0
2026-05-07 04:39:00+00:00,1.3631999492645264,1.363319993019104,1.3628000020980835,1.3633099794387817,0
2026-05-07 04:40:00+00:00,1.3632299900054932,1.3632500171661377,1.3629000186920166,1.3629000186920166,0
2026-05-07 04:41:00+00:00,1.3632500171661377,1.363319993019104,1.3629000186920166,1.3632099628448486,0
2026-05-07 04:42:00+00:00,1.3632500171661377,1.3632800579071045,1.3628000020980835,1.3632099628448486,0
2026-05-07 04:43:00+00:00,1.3631999492645264,1.3632999658584595,1.3629000186920166,1.3632500171661377,0
2026-05-07 04:44:00+00:00,1.3631999492645264,1.3632999658584595,1.3629000186920166,1.3632400035858154,0
2026-05-07 04:45:00+00:00,1.3632999658584595,1.3633400201797485,1.3629000186920166,1.3631999492645264,0
2026-05-07 04:46:00+00:00,1.36326003074646,1.363319993019104,1.3629000186920166,1.3632800579071045,0
2026-05-07 04:47:00+00:00,1.3632999658584595,1.3633099794387817,1.3629000186920166,1.3632500171661377,0
2026-05-07 04:48:00+00:00,1.363360047340393,1.363360047340393,1.3629000186920166,1.3632800579071045,0
2026-05-07 04:49:00+00:00,1.3631000518798828,1.3633999824523926,1.3629000186920166,1.3633099794387817,0
2026-05-07 04:50:00+00:00,1.363379955291748,1.3634400367736816,1.3630000352859497,1.363379955291748,0
2026-05-07 04:51:00+00:00,1.363379955291748,1.363420009613037,1.3630000352859497,1.3633699417114258,0
2026-05-07 04:52:00+00:00,1.363379955291748,1.363420009613037,1.3630000352859497,1.363360047340393,0
2026-05-07 04:53:00+00:00,1.363379955291748,1.3634300231933594,1.3630000352859497,1.363379955291748,0
2026-05-07 04:54:00+00:00,1.3631000518798828,1.3634999990463257,1.3630000352859497,1.3634300231933594,0
2026-05-07 04:55:00+00:00,1.3634599447250366,1.3635200262069702,1.3631000518798828,1.3634699583053589,0
2026-05-07 04:56:00+00:00,1.363420009613037,1.3634599447250366,1.3630000352859497,1.3634599447250366,0
2026-05-07 04:57:00+00:00,1.363379955291748,1.3634699583053589,1.3631000518798828,1.3634300231933594,0
2026-05-07 04:58:00+00:00,1.3634699583053589,1.3634999990463257,1.3631000518798828,1.3633899688720703,0
2026-05-07 04:59:00+00:00,1.3634699583053589,1.363510012626648,1.3631000518798828,1.3634699583053589,0
2026-05-07 05:00:00+00:00,1.3634699583053589,1.3635599613189697,1.3631000518798828,1.3634699583053589,0
2026-05-07 05:01:00+00:00,1.3634899854660034,1.3635900020599365,1.3631000518798828,1.3634999990463257,0
2026-05-07 05:02:00+00:00,1.3634699583053589,1.3635300397872925,1.3630000352859497,1.3635300397872925,0
2026-05-07 05:03:00+00:00,1.3633699417114258,1.3634999990463257,1.3629000186920166,1.3634899854660034,0
2026-05-07 05:04:00+00:00,1.3633699417114258,1.3634099960327148,1.3630000352859497,1.363379955291748,0
2026-05-07 05:05:00+00:00,1.3634799718856812,1.363510012626648,1.3630000352859497,1.3633699417114258,0
2026-05-07 05:06:00+00:00,1.3635300397872925,1.3635400533676147,1.3631000518798828,1.3634699583053589,0
2026-05-07 05:07:00+00:00,1.3635599613189697,1.3636000156402588,1.3631999492645264,1.3631999492645264,0
2026-05-07 05:08:00+00:00,1.3635499477386475,1.3636000156402588,1.3631999492645264,1.3635499477386475,0
2026-05-07 05:09:00+00:00,1.3635599613189697,1.3636000156402588,1.3631999492645264,1.3635599613189697,0
2026-05-07 05:10:00+00:00,1.3635400533676147,1.3636000156402588,1.3631000518798828,1.3635599613189697,0
2026-05-07 05:11:00+00:00,1.3634899854660034,1.3635599613189697,1.3631000518798828,1.3634999990463257,0
2026-05-07 05:12:00+00:00,1.3634699583053589,1.3634999990463257,1.3630000352859497,1.3634699583053589,0
2026-05-07 05:13:00+00:00,1.3634699583053589,1.3635200262069702,1.3631000518798828,1.3634699583053589,0
2026-05-07 05:14:00+00:00,1.3634799718856812,1.3635300397872925,1.3631000518798828,1.3632999658584595,0
2026-05-07 05:15:00+00:00,1.3634699583053589,1.3634999990463257,1.3631000518798828,1.3634699583053589,0
2026-05-07 05:16:00+00:00,1.363450050354004,1.3634999990463257,1.3631000518798828,1.3634899854660034,0
2026-05-07 05:17:00+00:00,1.3631000518798828,1.3634999990463257,1.3631000518798828,1.3634400367736816,0
2026-05-07 05:18:00+00:00,1.3634699583053589,1.363510012626648,1.3631000518798828,1.3634799718856812,0
2026-05-07 05:19:00+00:00,1.3634699583053589,1.3635200262069702,1.3631000518798828,1.3634699583053589,0
2026-05-07 05:20:00+00:00,1.3635200262069702,1.3635799884796143,1.3631000518798828,1.3634699583053589,0
2026-05-07 05:21:00+00:00,1.3634899854660034,1.3635400533676147,1.3631000518798828,1.3634999990463257,0
2026-05-07 05:22:00+00:00,1.3631999492645264,1.3635799884796143,1.3631000518798828,1.3634699583053589,0
2026-05-07 05:23:00+00:00,1.3634999990463257,1.3636000156402588,1.3631999492645264,1.3631999492645264,0
2026-05-07 05:24:00+00:00,1.3631999492645264,1.3635400533676147,1.3630000352859497,1.3635300397872925,0
2026-05-07 05:25:00+00:00,1.3635599613189697,1.3636000156402588,1.3631999492645264,1.3631999492645264,0
2026-05-07 05:26:00+00:00,1.3635599613189697,1.363610029220581,1.3631999492645264,1.3635599613189697,0
2026-05-07 05:27:00+00:00,1.3636399507522583,1.363700032234192,1.3631999492645264,1.3635599613189697,0
2026-05-07 05:28:00+00:00,1.3635300397872925,1.363700032234192,1.3631000518798828,1.3636499643325806,0
2026-05-07 05:29:00+00:00,1.3634999990463257,1.3635400533676147,1.3631999492645264,1.3634999990463257,0
2026-05-07 05:30:00+00:00,1.3631000518798828,1.3635400533676147,1.3631000518798828,1.363510012626648,0
2026-05-07 05:31:00+00:00,1.3634999990463257,1.3636000156402588,1.3631000518798828,1.3634599447250366,0
2026-05-07 05:32:00+00:00,1.3631999492645264,1.363569974899292,1.3631000518798828,1.3634999990463257,0
2026-05-07 05:33:00+00:00,1.3631999492645264,1.3635799884796143,1.3631000518798828,1.3634899854660034,0
2026-05-07 05:34:00+00:00,1.3635200262069702,1.3635799884796143,1.3631999492645264,1.3634899854660034,0
2026-05-07 05:35:00+00:00,1.3634099960327148,1.363569974899292,1.3630000352859497,1.3635300397872925,0
2026-05-07 05:36:00+00:00,1.3634300231933594,1.3634599447250366,1.3630000352859497,1.3630000352859497,0
2026-05-07 05:37:00+00:00,1.3634699583053589,1.3634999990463257,1.3630000352859497,1.3630000352859497,0
2026-05-07 05:38:00+00:00,1.363420009613037,1.3634999990463257,1.3630000352859497,1.3634599447250366,0
2026-05-07 05:39:00+00:00,1.3633899688720703,1.363450050354004,1.3630000352859497,1.3634099960327148,0
2026-05-07 05:40:00+00:00,1.363420009613037,1.363450050354004,1.3630000352859497,1.3634099960327148,0
2026-05-07 05:41:00+00:00,1.3631000518798828,1.363510012626648,1.3630000352859497,1.363379955291748,0
2026-05-07 05:42:00+00:00,1.363510012626648,1.3635300397872925,1.3631000518798828,1.3634899854660034,0
2026-05-07 05:43:00+00:00,1.3634799718856812,1.3635300397872925,1.3631000518798828,1.3635300397872925,0
2026-05-07 05:44:00+00:00,1.3634300231933594,1.3635599613189697,1.3631000518798828,1.3634899854660034,0
2026-05-07 05:45:00+00:00,1.3634300231933594,1.3634999990463257,1.3630000352859497,1.3631000518798828,0
2026-05-07 05:46:00+00:00,1.3634400367736816,1.3634999990463257,1.3631000518798828,1.3633999824523926,0
2026-05-07 05:47:00+00:00,1.3634699583053589,1.3634999990463257,1.3631000518798828,1.363450050354004,0
2026-05-07 05:48:00+00:00,1.3635200262069702,1.3635400533676147,1.3631000518798828,1.3634699583053589,0
2026-05-07 05:49:00+00:00,1.3636000156402588,1.3636200428009033,1.3631000518798828,1.3631000518798828,0
2026-05-07 05:50:00+00:00,1.363569974899292,1.3636499643325806,1.3631999492645264,1.3636000156402588,0
2026-05-07 05:51:00+00:00,1.3637100458145142,1.3637200593948364,1.3631000518798828,1.3635599613189697,0
2026-05-07 05:52:00+00:00,1.3636499643325806,1.3637200593948364,1.3632999658584595,1.363669991493225,0
2026-05-07 05:53:00+00:00,1.3637100458145142,1.3637200593948364,1.3632999658584595,1.3636499643325806,0
2026-05-07 05:54:00+00:00,1.3637499809265137,1.3637800216674805,1.3632999658584595,1.363669991493225,0
2026-05-07 05:55:00+00:00,1.363759994506836,1.3638399839401245,1.3633999824523926,1.3637299537658691,0
2026-05-07 05:56:00+00:00,1.3638800382614136,1.363919973373413,1.3632999658584595,1.3637499809265137,0
2026-05-07 05:57:00+00:00,1.3634999990463257,1.3638999462127686,1.3634999990463257,1.3638399839401245,0
2026-05-07 05:58:00+00:00,1.3636000156402588,1.363860011100769,1.3634999990463257,1.3638399839401245,0
2026-05-07 05:59:00+00:00,1.3634999990463257,1.3638499975204468,1.3632999658584595,1.3638299703598022,0
2026-05-07 06:00:00+00:00,1.3637800216674805,1.3637900352478027,1.3632999658584595,1.3637200593948364,0
2026-05-07 06:01:00+00:00,1.363759994506836,1.3639099597930908,1.3633999824523926,1.363800048828125,0
2026-05-07 06:02:00+00:00,1.3637399673461914,1.3638299703598022,1.3631999492645264,1.3637399673461914,0
2026-05-07 06:03:00+00:00,1.3638099431991577,1.36381995677948,1.3633999824523926,1.3637399673461914,0
2026-05-07 06:04:00+00:00,1.363800048828125,1.3638299703598022,1.3633999824523926,1.3633999824523926,0
2026-05-07 06:05:00+00:00,1.3639400005340576,1.3639899492263794,1.3633999824523926,1.3636000156402588,0
2026-05-07 06:06:00+00:00,1.3639500141143799,1.364009976387024,1.3634999990463257,1.3636000156402588,0
2026-05-07 06:07:00+00:00,1.3634999990463257,1.3639999628067017,1.3634999990463257,1.3639600276947021,0
2026-05-07 06:08:00+00:00,1.3638800382614136,1.3639999628067017,1.3634999990463257,1.3638399839401245,0
2026-05-07 06:09:00+00:00,1.3638900518417358,1.3639600276947021,1.3634999990463257,1.3638800382614136,0
2026-05-07 06:10:00+00:00,1.3638299703598022,1.3639600276947021,1.3633999824523926,1.3638900518417358,0
2026-05-07 06:11:00+00:00,1.3639400005340576,1.3639700412750244,1.3633999824523926,1.3638299703598022,0
2026-05-07 06:12:00+00:00,1.3638700246810913,1.3639700412750244,1.3634999990463257,1.3639299869537354,0
2026-05-07 06:13:00+00:00,1.3636000156402588,1.3639400005340576,1.3634999990463257,1.3638700246810913,0
2026-05-07 06:14:00+00:00,1.3639800548553467,1.3639800548553467,1.3634999990463257,1.3639500141143799,0
2026-05-07 06:15:00+00:00,1.363700032234192,1.3640400171279907,1.3636000156402588,1.3639400005340576,0
2026-05-07 06:16:00+00:00,1.3634999990463257,1.3639500141143799,1.3633999824523926,1.3639299869537354,0
2026-05-07 06:17:00+00:00,1.3638399839401245,1.3638999462127686,1.3634999990463257,1.363860011100769,0
2026-05-07 06:18:00+00:00,1.3639099597930908,1.3639400005340576,1.3634999990463257,1.3638399839401245,0
2026-05-07 06:19:00+00:00,1.3636000156402588,1.3639999628067017,1.3634999990463257,1.3639099597930908,0
2026-05-07 06:20:00+00:00,1.3639700412750244,1.3639700412750244,1.3634999990463257,1.3638900518417358,0
2026-05-07 06:21:00+00:00,1.3641200065612793,1.3642300367355347,1.3636000156402588,1.3639600276947021,0
2026-05-07 06:22:00+00:00,1.363800048828125,1.364169955253601,1.363700032234192,1.3638999462127686,0
2026-05-07 06:23:00+00:00,1.3638999462127686,1.364169955253601,1.363700032234192,1.363700032234192,0
2026-05-07 06:24:00+00:00,1.3641200065612793,1.3641999959945679,1.363800048828125,1.364150047302246,0
2026-05-07 06:25:00+00:00,1.3640199899673462,1.364169955253601,1.363700032234192,1.3641200065612793,0
2026-05-07 06:26:00+00:00,1.3641400337219238,1.3642100095748901,1.3636000156402588,1.363700032234192,0
2026-05-07 06:27:00+00:00,1.364169955253601,1.3641899824142456,1.363800048828125,1.3638999462127686,0
2026-05-07 06:28:00+00:00,1.3641599416732788,1.3641999959945679,1.363800048828125,1.3641200065612793,0
2026-05-07 06:29:00+00:00,1.364240050315857,1.364240050315857,1.363800048828125,1.3641899824142456,0
2026-05-07 06:30:00+00:00,1.364150047302246,1.3643200397491455,1.363800048828125,1.3642100095748901,0
2026-05-07 06:31:00+00:00,1.364109992980957,1.3642100095748901,1.3636000156402588,1.3641799688339233,0
2026-05-07 06:32:00+00:00,1.3641200065612793,1.3641599416732788,1.363700032234192,1.3640799522399902,0
2026-05-07 06:33:00+00:00,1.3640300035476685,1.364169955253601,1.3636000156402588,1.3641599416732788,0
2026-05-07 06:34:00+00:00,1.3636000156402588,1.3640999794006348,1.3636000156402588,1.3640700578689575,0
2026-05-07 06:35:00+00:00,1.363800048828125,1.3639600276947021,1.3632999658584595,1.3639600276947021,0
2026-05-07 06:36:00+00:00,1.3637900352478027,1.3638700246810913,1.3633999824523926,1.3637800216674805,0
2026-05-07 06:37:00+00:00,1.3638499975204468,1.3638900518417358,1.3633999824523926,1.3637900352478027,0
2026-05-07 06:38:00+00:00,1.3638399839401245,1.3639299869537354,1.3634999990463257,1.3638499975204468,0
2026-05-07 06:39:00+00:00,1.3637800216674805,1.3638999462127686,1.3633999824523926,1.3638399839401245,0
2026-05-07 06:40:00+00:00,1.3637200593948364,1.363800048828125,1.3632999658584595,1.3637499809265137,0
2026-05-07 06:41:00+00:00,1.3636800050735474,1.363759994506836,1.3632999658584595,1.3636900186538696,0
2026-05-07 06:42:00+00:00,1.3636599779129028,1.3637299537658691,1.3631999492645264,1.3637100458145142,0
2026-05-07 06:43:00+00:00,1.3631800413131714,1.363700032234192,1.3628000020980835,1.363669991493225,0
2026-05-07 06:44:00+00:00,1.3631000518798828,1.363319993019104,1.3625999689102173,1.3632099628448486,0
2026-05-07 06:45:00+00:00,1.363379955291748,1.363379955291748,1.3628000020980835,1.3631000518798828,0
2026-05-07 06:46:00+00:00,1.3632800579071045,1.363379955291748,1.3629000186920166,1.363360047340393,0
2026-05-07 06:47:00+00:00,1.3632899522781372,1.363379955291748,1.3629000186920166,1.3630000352859497,0
2026-05-07 06:48:00+00:00,1.3633699417114258,1.363379955291748,1.3630000352859497,1.363319993019104,0
2026-05-07 06:49:00+00:00,1.3635200262069702,1.3635499477386475,1.3630000352859497,1.3633400201797485,0
2026-05-07 06:50:00+00:00,1.3635599613189697,1.363610029220581,1.3631000518798828,1.3635200262069702,0
2026-05-07 06:51:00+00:00,1.3637900352478027,1.3638999462127686,1.3631999492645264,1.3635599613189697,0
2026-05-07 06:52:00+00:00,1.3633999824523926,1.3638299703598022,1.3633999824523926,1.3637900352478027,0
2026-05-07 06:53:00+00:00,1.3636000156402588,1.3637700080871582,1.3631000518798828,1.3637499809265137,0
2026-05-07 06:54:00+00:00,1.3636900186538696,1.3637499809265137,1.3632999658584595,1.3632999658584595,0
2026-05-07 06:55:00+00:00,1.3637200593948364,1.3637399673461914,1.3632999658584595,1.3636900186538696,0
2026-05-07 06:56:00+00:00,1.363610029220581,1.3637499809265137,1.3632999658584595,1.363700032234192,0
2026-05-07 06:57:00+00:00,1.3635499477386475,1.363700032234192,1.3631000518798828,1.3636399507522583,0
2026-05-07 06:58:00+00:00,1.3632999658584595,1.3636599779129028,1.3631999492645264,1.3635499477386475,0
2026-05-07 06:59:00+00:00,1.3636399507522583,1.363700032234192,1.3631000518798828,1.363569974899292,0
2026-05-07 07:00:00+00:00,1.3635900020599365,1.363700032234192,1.3631999492645264,1.3636399507522583,0
2026-05-07 07:01:00+00:00,1.3635200262069702,1.3636599779129028,1.3630000352859497,1.3635599613189697,0
2026-05-07 07:02:00+00:00,1.3634899854660034,1.3635400533676147,1.3631000518798828,1.3635200262069702,0
2026-05-07 07:03:00+00:00,1.3634699583053589,1.3634999990463257,1.3630000352859497,1.3634699583053589,0
2026-05-07 07:04:00+00:00,1.3632800579071045,1.3634599447250366,1.3629000186920166,1.3634599447250366,0
2026-05-07 07:05:00+00:00,1.3631800413131714,1.363379955291748,1.3626999855041504,1.3633099794387817,0
2026-05-07 07:06:00+00:00,1.3631700277328491,1.3632999658584595,1.3628000020980835,1.3631900548934937,0
2026-05-07 07:07:00+00:00,1.3630000352859497,1.3633999824523926,1.3626999855041504,1.3631800413131714,0
2026-05-07 07:08:00+00:00,1.363029956817627,1.3632299900054932,1.3625999689102173,1.3631999492645264,0
2026-05-07 07:09:00+00:00,1.3626999855041504,1.3632099628448486,1.3626999855041504,1.3630000352859497,0
2026-05-07 07:10:00+00:00,1.3630399703979492,1.363070011138916,1.3624999523162842,1.3630399703979492,0
2026-05-07 07:11:00+00:00,1.3630000352859497,1.3631600141525269,1.3625999689102173,1.3630000352859497,0
2026-05-07 07:12:00+00:00,1.3624999523162842,1.3630499839782715,1.3624000549316406,1.3630000352859497,0
2026-05-07 07:13:00+00:00,1.3627099990844727,1.3628599643707275,1.3624000549316406,1.3627699613571167,0
2026-05-07 07:14:00+00:00,1.3627099990844727,1.3627899885177612,1.3623000383377075,1.362720012664795,0
2026-05-07 07:15:00+00:00,1.3625199794769287,1.362720012664795,1.3622000217437744,1.3627099990844727,0
2026-05-07 07:16:00+00:00,1.362720012664795,1.362779974937439,1.3622000217437744,1.3625600337982178,0
2026-05-07 07:17:00+00:00,1.3625999689102173,1.3628699779510498,1.3623000383377075,1.362720012664795,0
2026-05-07 07:18:00+00:00,1.363029956817627,1.3630900382995605,1.3624000549316406,1.3628100156784058,0
2026-05-07 07:19:00+00:00,1.3632899522781372,1.3633400201797485,1.3626999855041504,1.3630199432373047,0
2026-05-07 07:20:00+00:00,1.363319993019104,1.3634099960327148,1.3629000186920166,1.3630000352859497,0
2026-05-07 07:21:00+00:00,1.3633999824523926,1.3635200262069702,1.3630000352859497,1.3631000518798828,0
2026-05-07 07:22:00+00:00,1.363319993019104,1.3634999990463257,1.3630000352859497,1.3633999824523926,0
2026-05-07 07:23:00+00:00,1.3633400201797485,1.3633899688720703,1.3629000186920166,1.363319993019104,0
2026-05-07 07:24:00+00:00,1.363510012626648,1.3635300397872925,1.3628000020980835,1.3633400201797485,0
2026-05-07 07:25:00+00:00,1.3634799718856812,1.3635200262069702,1.3630000352859497,1.3634999990463257,0
2026-05-07 07:26:00+00:00,1.3634599447250366,1.3635300397872925,1.3631000518798828,1.3634999990463257,0
2026-05-07 07:27:00+00:00,1.363700032234192,1.3637200593948364,1.3631000518798828,1.3634799718856812,0
2026-05-07 07:28:00+00:00,1.3637299537658691,1.3637700080871582,1.3631000518798828,1.3636900186538696,0
2026-05-07 07:29:00+00:00,1.3637399673461914,1.3638800382614136,1.3632999658584595,1.3637499809265137,0
2026-05-07 07:30:00+00:00,1.363610029220581,1.36381995677948,1.3632999658584595,1.3637399673461914,0
2026-05-07 07:31:00+00:00,1.3637499809265137,1.363800048828125,1.3632999658584595,1.363610029220581,0
2026-05-07 07:32:00+00:00,1.363700032234192,1.3638399839401245,1.3632999658584595,1.3637399673461914,0
2026-05-07 07:33:00+00:00,1.3636800050735474,1.3637499809265137,1.3631999492645264,1.363700032234192,0
2026-05-07 07:34:00+00:00,1.3634899854660034,1.363700032234192,1.3631000518798828,1.3636800050735474,0
2026-05-07 07:35:00+00:00,1.363379955291748,1.3635300397872925,1.3630000352859497,1.3635300397872925,0
2026-05-07 07:36:00+00:00,1.3633999824523926,1.363420009613037,1.3630000352859497,1.3631000518798828,0
2026-05-07 07:37:00+00:00,1.3632700443267822,1.363510012626648,1.3629000186920166,1.363360047340393,0
2026-05-07 07:38:00+00:00,1.36326003074646,1.3633999824523926,1.3628000020980835,1.3632500171661377,0
2026-05-07 07:39:00+00:00,1.3632099628448486,1.363319993019104,1.3626999855041504,1.3632400035858154,0
2026-05-07 07:40:00+00:00,1.3631700277328491,1.3632500171661377,1.3628000020980835,1.3631999492645264,0
2026-05-07 07:41:00+00:00,1.3630599975585938,1.3632099628448486,1.3624999523162842,1.3631399869918823,0
2026-05-07 07:42:00+00:00,1.3631600141525269,1.3631800413131714,1.3626999855041504,1.3630800247192383,0
2026-05-07 07:43:00+00:00,1.363219976425171,1.36326003074646,1.3628000020980835,1.36312997341156,0
2026-05-07 07:44:00+00:00,1.3630499839782715,1.3632500171661377,1.3626999855041504,1.3632500171661377,0
2026-05-07 07:45:00+00:00,1.3628000020980835,1.36312997341156,1.3625999689102173,1.3630499839782715,0
2026-05-07 07:46:00+00:00,1.3632099628448486,1.3632400035858154,1.3625999689102173,1.363029956817627,0
2026-05-07 07:47:00+00:00,1.363219976425171,1.363319993019104,1.3629000186920166,1.3629000186920166,0
2026-05-07 07:48:00+00:00,1.3631099462509155,1.3632700443267822,1.3625999689102173,1.3629000186920166,0
2026-05-07 07:49:00+00:00,1.3629200458526611,1.3631199598312378,1.3625999689102173,1.3630599975585938,0
2026-05-07 07:50:00+00:00,1.3629000186920166,1.3629499673843384,1.3624999523162842,1.3625999689102173,0
2026-05-07 07:51:00+00:00,1.3627599477767944,1.3630399703979492,1.3624000549316406,1.3629100322723389,0
2026-05-07 07:52:00+00:00,1.3626199960708618,1.3628300428390503,1.3622000217437744,1.3624000549316406,0
2026-05-07 07:53:00+00:00,1.3626799583435059,1.362720012664795,1.3623000383377075,1.3626500368118286,0
2026-05-07 07:54:00+00:00,1.3628000020980835,1.3628699779510498,1.3624000549316406,1.3626899719238281,0
2026-05-07 07:55:00+00:00,1.3626500368118286,1.3628000020980835,1.3623000383377075,1.3627899885177612,0
2026-05-07 07:56:00+00:00,1.3625999689102173,1.3626899719238281,1.3623000383377075,1.3626799583435059,0
2026-05-07 07:57:00+00:00,1.362470030784607,1.3626400232315063,1.3619999885559082,1.3625799417495728,0
2026-05-07 07:58:00+00:00,1.3626199960708618,1.3626699447631836,1.3621000051498413,1.3621000051498413,0
2026-05-07 07:59:00+00:00,1.3625799417495728,1.3626999855041504,1.3622000217437744,1.3626199960708618,0
2026-05-07 08:00:00+00:00,1.3625600337982178,1.3625999689102173,1.3622000217437744,1.362589955329895,0
2026-05-07 08:01:00+00:00,1.3625799417495728,1.3626099824905396,1.3622000217437744,1.3625500202178955,0
2026-05-07 08:02:00+00:00,1.3626400232315063,1.3627599477767944,1.3622000217437744,1.3625799417495728,0
2026-05-07 08:03:00+00:00,1.3628100156784058,1.3628300428390503,1.3623000383377075,1.3624000549316406,0
2026-05-07 08:04:00+00:00,1.362720012664795,1.362820029258728,1.3623000383377075,1.362779974937439,0
2026-05-07 08:05:00+00:00,1.3625999689102173,1.3627599477767944,1.3622000217437744,1.3627300262451172,0
2026-05-07 08:06:00+00:00,1.3624900579452515,1.3625999689102173,1.3619999885559082,1.36257004737854,0
2026-05-07 08:07:00+00:00,1.362470030784607,1.3625199794769287,1.3621000051498413,1.3624800443649292,0
2026-05-07 08:08:00+00:00,1.362380027770996,1.3624999523162842,1.3619999885559082,1.3624399900436401,0
2026-05-07 08:09:00+00:00,1.3624600172042847,1.3625099658966064,1.3621000051498413,1.3623600006103516,0
2026-05-07 08:10:00+00:00,1.362589955329895,1.3626500368118286,1.3621000051498413,1.362470030784607,0
2026-05-07 08:11:00+00:00,1.362589955329895,1.3626699447631836,1.3622000217437744,1.362589955329895,0
2026-05-07 08:12:00+00:00,1.3624000549316406,1.3626199960708618,1.3622000217437744,1.3625600337982178,0
2026-05-07 08:13:00+00:00,1.3624600172042847,1.36257004737854,1.3621000051498413,1.362529993057251,0
2026-05-07 08:14:00+00:00,1.362380027770996,1.3624999523162842,1.3621000051498413,1.3624399900436401,0
2026-05-07 08:15:00+00:00,1.3622000217437744,1.36257004737854,1.3619999885559082,1.3624000549316406,0
2026-05-07 08:16:00+00:00,1.3624999523162842,1.3625500202178955,1.3619999885559082,1.3625099658966064,0
2026-05-07 08:17:00+00:00,1.3625199794769287,1.3625400066375732,1.3621000051498413,1.3624399900436401,0
2026-05-07 08:18:00+00:00,1.3625799417495728,1.362720012664795,1.3621000051498413,1.3622000217437744,0
2026-05-07 08:19:00+00:00,1.3629000186920166,1.3629200458526611,1.3623000383377075,1.362589955329895,0
2026-05-07 08:20:00+00:00,1.362720012664795,1.3629200458526611,1.3624000549316406,1.3628400564193726,0
2026-05-07 08:21:00+00:00,1.3625999689102173,1.3630000352859497,1.3624000549316406,1.3627500534057617,0
2026-05-07 08:22:00+00:00,1.3629000186920166,1.3629100322723389,1.3624999523162842,1.3628300428390503,0
2026-05-07 08:23:00+00:00,1.3627599477767944,1.3629300594329834,1.3624000549316406,1.3628300428390503,0
2026-05-07 08:24:00+00:00,1.3626199960708618,1.3627599477767944,1.3623000383377075,1.362720012664795,0
2026-05-07 08:25:00+00:00,1.3628599643707275,1.3629200458526611,1.3622000217437744,1.362630009651184,0
2026-05-07 08:26:00+00:00,1.3626899719238281,1.3629300594329834,1.3623000383377075,1.3629000186920166,0
2026-05-07 08:27:00+00:00,1.362630009651184,1.3627500534057617,1.3622000217437744,1.3626899719238281,0
2026-05-07 08:28:00+00:00,1.3626199960708618,1.3626999855041504,1.3623000383377075,1.362589955329895,0
2026-05-07 08:29:00+00:00,1.3624600172042847,1.3626699447631836,1.3621000051498413,1.3626600503921509,0
2026-05-07 08:30:00+00:00,1.3623900413513184,1.3625099658966064,1.3619999885559082,1.3624600172042847,0
2026-05-07 08:31:00+00:00,1.3623199462890625,1.3624199628829956,1.3619999885559082,1.3623900413513184,0
2026-05-07 08:32:00+00:00,1.3622000217437744,1.362470030784607,1.3619999885559082,1.3623299598693848,0
2026-05-07 08:33:00+00:00,1.3625099658966064,1.3625799417495728,1.3621000051498413,1.3624399900436401,0
2026-05-07 08:34:00+00:00,1.362529993057251,1.3625999689102173,1.3619999885559082,1.3625099658966064,0
2026-05-07 08:35:00+00:00,1.3624600172042847,1.3625999689102173,1.3621000051498413,1.3625400066375732,0
2026-05-07 08:36:00+00:00,1.3626199960708618,1.3626500368118286,1.3621000051498413,1.3624900579452515,0
2026-05-07 08:37:00+00:00,1.3626500368118286,1.3627099990844727,1.3622000217437744,1.3626400232315063,0
2026-05-07 08:38:00+00:00,1.3625099658966064,1.362720012664795,1.3622000217437744,1.3626500368118286,0
2026-05-07 08:39:00+00:00,1.362589955329895,1.3625999689102173,1.3621000051498413,1.3625400066375732,0
2026-05-07 08:40:00+00:00,1.362529993057251,1.3626199960708618,1.3621000051498413,1.3625500202178955,0
2026-05-07 08:41:00+00:00,1.3624000549316406,1.3625999689102173,1.3619999885559082,1.362529993057251,0
2026-05-07 08:42:00+00:00,1.3624500036239624,1.362589955329895,1.3619999885559082,1.362589955329895,0
2026-05-07 08:43:00+00:00,1.362470030784607,1.3625400066375732,1.3619999885559082,1.362470030784607,0
2026-05-07 08:44:00+00:00,1.362529993057251,1.3625600337982178,1.3619999885559082,1.3624500036239624,0
2026-05-07 08:45:00+00:00,1.3625600337982178,1.362630009651184,1.3621000051498413,1.362529993057251,0
2026-05-07 08:46:00+00:00,1.36257004737854,1.3626199960708618,1.3621000051498413,1.3625799417495728,0
2026-05-07 08:47:00+00:00,1.3624000549316406,1.3626600503921509,1.3622000217437744,1.36257004737854,0
2026-05-07 08:48:00+00:00,1.362589955329895,1.3626999855041504,1.3621000051498413,1.362589955329895,0
2026-05-07 08:49:00+00:00,1.362529993057251,1.3626400232315063,1.3622000217437744,1.3625799417495728,0
2026-05-07 08:50:00+00:00,1.3624600172042847,1.3625500202178955,1.3621000051498413,1.362529993057251,0
2026-05-07 08:51:00+00:00,1.3623000383377075,1.3625099658966064,1.3619999885559082,1.3624999523162842,0
2026-05-07 08:52:00+00:00,1.362529993057251,1.3625999689102173,1.3621000051498413,1.3624800443649292,0
2026-05-07 08:53:00+00:00,1.3624099493026733,1.3625400066375732,1.3619999885559082,1.3624999523162842,0
2026-05-07 08:54:00+00:00,1.362529993057251,1.3625799417495728,1.3621000051498413,1.3624000549316406,0
2026-05-07 08:55:00+00:00,1.362529993057251,1.362589955329895,1.3621000051498413,1.3625600337982178,0
2026-05-07 08:56:00+00:00,1.3624399900436401,1.3625500202178955,1.3619999885559082,1.3623000383377075,0
2026-05-07 08:57:00+00:00,1.3623000383377075,1.3625799417495728,1.3621000051498413,1.3624399900436401,0
2026-05-07 08:58:00+00:00,1.3626199960708618,1.3626600503921509,1.3621000051498413,1.362529993057251,0
2026-05-07 08:59:00+00:00,1.3623000383377075,1.3626400232315063,1.3622000217437744,1.3626199960708618,0
2026-05-07 09:00:00+00:00,1.3626699447631836,1.362720012664795,1.3622000217437744,1.3625500202178955,0
2026-05-07 09:01:00+00:00,1.3626600503921509,1.3627599477767944,1.3623000383377075,1.3626699447631836,0
2026-05-07 09:02:00+00:00,1.3624000549316406,1.3627599477767944,1.3623000383377075,1.3626600503921509,0
2026-05-07 09:03:00+00:00,1.3626600503921509,1.3628100156784058,1.3624000549316406,1.3624000549316406,0
2026-05-07 09:04:00+00:00,1.3625600337982178,1.3627099990844727,1.3622000217437744,1.3627099990844727,0
2026-05-07 09:05:00+00:00,1.3626199960708618,1.3626400232315063,1.3621000051498413,1.3625600337982178,0
2026-05-07 09:06:00+00:00,1.362470030784607,1.3625999689102173,1.3619999885559082,1.362589955329895,0
2026-05-07 09:07:00+00:00,1.3624600172042847,1.3625500202178955,1.3622000217437744,1.3624800443649292,0
2026-05-07 09:08:00+00:00,1.362529993057251,1.362589955329895,1.3621000051498413,1.3624800443649292,0
2026-05-07 09:09:00+00:00,1.3626199960708618,1.3626999855041504,1.3622000217437744,1.362529993057251,0
2026-05-07 09:10:00+00:00,1.3626400232315063,1.3626699447631836,1.3623000383377075,1.362630009651184,0
2026-05-07 09:11:00+00:00,1.3626899719238281,1.3626999855041504,1.3623000383377075,1.3626500368118286,0
2026-05-07 09:12:00+00:00,1.3624000549316406,1.3627300262451172,1.3623000383377075,1.3626899719238281,0
2026-05-07 09:13:00+00:00,1.3626099824905396,1.3626799583435059,1.3623000383377075,1.3626400232315063,0
2026-05-07 09:14:00+00:00,1.3623000383377075,1.362630009651184,1.3622000217437744,1.3626099824905396,0
2026-05-07 09:15:00+00:00,1.3623000383377075,1.3626699447631836,1.3622000217437744,1.362529993057251,0
2026-05-07 09:16:00+00:00,1.362630009651184,1.3626999855041504,1.3623000383377075,1.3626500368118286,0
2026-05-07 09:17:00+00:00,1.3624000549316406,1.3627300262451172,1.3623000383377075,1.3626099824905396,0
2026-05-07 09:18:00+00:00,1.3627099990844727,1.362720012664795,1.3623000383377075,1.3626999855041504,0
2026-05-07 09:19:00+00:00,1.3627500534057617,1.3628000020980835,1.3622000217437744,1.3626600503921509,0
2026-05-07 09:20:00+00:00,1.3626899719238281,1.3627699613571167,1.3623000383377075,1.362720012664795,0
2026-05-07 09:21:00+00:00,1.3627300262451172,1.3627400398254395,1.3622000217437744,1.3626699447631836,0
2026-05-07 09:22:00+00:00,1.362720012664795,1.3627500534057617,1.3624000549316406,1.3624000549316406,0
2026-05-07 09:23:00+00:00,1.3628699779510498,1.3628699779510498,1.3624000549316406,1.362720012664795,0
2026-05-07 09:24:00+00:00,1.362820029258728,1.3629599809646606,1.3624999523162842,1.3624999523162842,0
2026-05-07 09:25:00+00:00,1.362720012664795,1.3629000186920166,1.3624000549316406,1.3628400564193726,0
2026-05-07 09:26:00+00:00,1.3628499507904053,1.3628599643707275,1.3624000549316406,1.362720012664795,0
2026-05-07 09:27:00+00:00,1.362720012664795,1.3628499507904053,1.3623000383377075,1.3624999523162842,0
2026-05-07 09:28:00+00:00,1.3627300262451172,1.3627599477767944,1.3624000549316406,1.362720012664795,0
2026-05-07 09:29:00+00:00,1.3626999855041504,1.3627699613571167,1.3624000549316406,1.3624000549316406,0
2026-05-07 09:30:00+00:00,1.3627400398254395,1.3628300428390503,1.3624000549316406,1.362720012664795,0
2026-05-07 09:31:00+00:00,1.3627300262451172,1.3628000020980835,1.3624000549316406,1.3627400398254395,0
2026-05-07 09:32:00+00:00,1.3624500036239624,1.3627400398254395,1.3619999885559082,1.3627300262451172,0
2026-05-07 09:33:00+00:00,1.3624999523162842,1.36257004737854,1.3621000051498413,1.3624500036239624,0
2026-05-07 09:34:00+00:00,1.3624299764633179,1.362529993057251,1.3621000051498413,1.3624900579452515,0
2026-05-07 09:35:00+00:00,1.3619999885559082,1.3624600172042847,1.361899971961975,1.3624199628829956,0
2026-05-07 09:36:00+00:00,1.361899971961975,1.3624000549316406,1.361899971961975,1.3622699975967407,0
2026-05-07 09:37:00+00:00,1.3623499870300293,1.3624099493026733,1.361799955368042,1.3623499870300293,0
2026-05-07 09:38:00+00:00,1.3619999885559082,1.3624000549316406,1.361899971961975,1.3623700141906738,0
2026-05-07 09:39:00+00:00,1.361899971961975,1.3623299598693848,1.3617000579833984,1.3623100519180298,0
2026-05-07 09:40:00+00:00,1.3619999885559082,1.362239956855774,1.361799955368042,1.3621900081634521,0
2026-05-07 09:41:00+00:00,1.362089991569519,1.3622000217437744,1.361799955368042,1.3622000217437744,0
2026-05-07 09:42:00+00:00,1.3621699810028076,1.3621799945831299,1.3616000413894653,1.3621100187301636,0
2026-05-07 09:43:00+00:00,1.3620799779891968,1.3621699810028076,1.3616000413894653,1.362130045890808,0
2026-05-07 09:44:00+00:00,1.3616000413894653,1.3621200323104858,1.3616000413894653,1.3621100187301636,0
2026-05-07 09:45:00+00:00,1.3621100187301636,1.3622000217437744,1.3617000579833984,1.3621000051498413,0
2026-05-07 09:46:00+00:00,1.361799955368042,1.3621699810028076,1.3616000413894653,1.3621100187301636,0
2026-05-07 09:47:00+00:00,1.3620100021362305,1.3621000051498413,1.3615000247955322,1.3621000051498413,0
2026-05-07 09:48:00+00:00,1.361799955368042,1.3621200323104858,1.3617000579833984,1.3619999885559082,0
2026-05-07 09:49:00+00:00,1.362089991569519,1.3621100187301636,1.3617000579833984,1.3620799779891968,0
2026-05-07 09:50:00+00:00,1.3620799779891968,1.3621100187301636,1.3617000579833984,1.3620699644088745,0
2026-05-07 09:51:00+00:00,1.3621200323104858,1.3622000217437744,1.3617000579833984,1.3620799779891968,0
2026-05-07 09:52:00+00:00,1.3621000051498413,1.3622900247573853,1.361799955368042,1.3621000051498413,0
2026-05-07 09:53:00+00:00,1.3623199462890625,1.3624000549316406,1.361799955368042,1.362239956855774,0
2026-05-07 09:54:00+00:00,1.362470030784607,1.3625099658966064,1.3619999885559082,1.3622900247573853,0
2026-05-07 09:55:00+00:00,1.3625400066375732,1.36257004737854,1.3621000051498413,1.3624399900436401,0
2026-05-07 09:56:00+00:00,1.3625400066375732,1.3625999689102173,1.3621000051498413,1.3625400066375732,0
2026-05-07 09:57:00+00:00,1.3624500036239624,1.362589955329895,1.3621000051498413,1.3624900579452515,0
2026-05-07 09:58:00+00:00,1.3624999523162842,1.3625500202178955,1.3621000051498413,1.3624600172042847,0
2026-05-07 09:59:00+00:00,1.3621000051498413,1.362529993057251,1.3621000051498413,1.3624500036239624,0
2026-05-07 10:00:00+00:00,1.3625099658966064,1.3625500202178955,1.3621000051498413,1.3624199628829956,0
2026-05-07 10:01:00+00:00,1.3622000217437744,1.3625400066375732,1.3619999885559082,1.3625099658966064,0
2026-05-07 10:02:00+00:00,1.362280011177063,1.3624500036239624,1.361899971961975,1.3624199628829956,0
2026-05-07 10:03:00+00:00,1.3623600006103516,1.3624000549316406,1.3619999885559082,1.3623100519180298,0
2026-05-07 10:04:00+00:00,1.3624399900436401,1.3625199794769287,1.3619999885559082,1.3623600006103516,0
2026-05-07 10:05:00+00:00,1.3624600172042847,1.3624999523162842,1.3621000051498413,1.3624500036239624,0
2026-05-07 10:06:00+00:00,1.3622000217437744,1.3625099658966064,1.3621000051498413,1.3624399900436401,0
2026-05-07 10:07:00+00:00,1.3623900413513184,1.3625099658966064,1.361899971961975,1.3625099658966064,0
2026-05-07 10:08:00+00:00,1.3622000217437744,1.3624099493026733,1.3619999885559082,1.362380027770996,0
2026-05-07 10:09:00+00:00,1.3622900247573853,1.3623900413513184,1.361799955368042,1.362339973449707,0
2026-05-07 10:10:00+00:00,1.3623199462890625,1.3624000549316406,1.361899971961975,1.3622599840164185,0
2026-05-07 10:11:00+00:00,1.3622900247573853,1.3624000549316406,1.3619999885559082,1.3623100519180298,0
2026-05-07 10:12:00+00:00,1.3623199462890625,1.3624000549316406,1.3619999885559082,1.3623100519180298,0
2026-05-07 10:13:00+00:00,1.3623299598693848,1.3624000549316406,1.3619999885559082,1.3622699975967407,0
2026-05-07 10:14:00+00:00,1.3624099493026733,1.3624600172042847,1.3619999885559082,1.3622000217437744,0
2026-05-07 10:15:00+00:00,1.3624500036239624,1.3624500036239624,1.3621000051498413,1.3624199628829956,0
2026-05-07 10:16:00+00:00,1.3623900413513184,1.3624600172042847,1.3621000051498413,1.3621000051498413,0
2026-05-07 10:17:00+00:00,1.3623700141906738,1.3624600172042847,1.3621000051498413,1.3624199628829956,0
2026-05-07 10:18:00+00:00,1.3623000383377075,1.3624000549316406,1.3619999885559082,1.3621000051498413,0
2026-05-07 10:19:00+00:00,1.3624199628829956,1.3624999523162842,1.3619999885559082,1.3619999885559082,0
2026-05-07 10:20:00+00:00,1.3621000051498413,1.3624999523162842,1.3621000051498413,1.3624000549316406,0
2026-05-07 10:21:00+00:00,1.3622699975967407,1.3624399900436401,1.361899971961975,1.3624099493026733,0
2026-05-07 10:22:00+00:00,1.3622100353240967,1.3623000383377075,1.361799955368042,1.3619999885559082,0
2026-05-07 10:23:00+00:00,1.3620799779891968,1.3622499704360962,1.3616000413894653,1.362220048904419,0
2026-05-07 10:24:00+00:00,1.3621799945831299,1.362220048904419,1.3617000579833984,1.3620799779891968,0
2026-05-07 10:25:00+00:00,1.361799955368042,1.3622100353240967,1.361799955368042,1.3622000217437744,0
2026-05-07 10:26:00+00:00,1.3620200157165527,1.3622000217437744,1.3616000413894653,1.3621400594711304,0
2026-05-07 10:27:00+00:00,1.3620699644088745,1.3621200323104858,1.3617000579833984,1.3620400428771973,0
2026-05-07 10:28:00+00:00,1.3621900081634521,1.3622599840164185,1.3617000579833984,1.3620699644088745,0
2026-05-07 10:29:00+00:00,1.3622000217437744,1.3622100353240967,1.361799955368042,1.3621900081634521,0
2026-05-07 10:30:00+00:00,1.361799955368042,1.3622100353240967,1.361799955368042,1.3621699810028076,0
2026-05-07 10:31:00+00:00,1.3622299432754517,1.362339973449707,1.361799955368042,1.362130045890808,0
2026-05-07 10:32:00+00:00,1.3621900081634521,1.3623100519180298,1.361799955368042,1.362239956855774,0
2026-05-07 10:33:00+00:00,1.3624299764633179,1.3624299764633179,1.361799955368042,1.3621900081634521,0
2026-05-07 10:34:00+00:00,1.3623199462890625,1.3624500036239624,1.3619999885559082,1.3623900413513184,0
2026-05-07 10:35:00+00:00,1.3623700141906738,1.3624299764633179,1.3619999885559082,1.3619999885559082,0
2026-05-07 10:36:00+00:00,1.3624500036239624,1.3625099658966064,1.3619999885559082,1.3624299764633179,0
2026-05-07 10:37:00+00:00,1.3623000383377075,1.362589955329895,1.3619999885559082,1.3624900579452515,0
2026-05-07 10:38:00+00:00,1.3624600172042847,1.3625999689102173,1.3622000217437744,1.362529993057251,0
2026-05-07 10:39:00+00:00,1.3623700141906738,1.3625099658966064,1.3621000051498413,1.362470030784607,0
2026-05-07 10:40:00+00:00,1.3623299598693848,1.3624000549316406,1.3619999885559082,1.3623700141906738,0
2026-05-07 10:41:00+00:00,1.3623600006103516,1.3624000549316406,1.3619999885559082,1.3623600006103516,0
2026-05-07 10:42:00+00:00,1.3623900413513184,1.3624999523162842,1.3621000051498413,1.3623499870300293,0
2026-05-07 10:43:00+00:00,1.362380027770996,1.3624999523162842,1.3619999885559082,1.3624000549316406,0
2026-05-07 10:44:00+00:00,1.3622900247573853,1.3624000549316406,1.361799955368042,1.362380027770996,0
2026-05-07 10:45:00+00:00,1.3623199462890625,1.3623199462890625,1.3619999885559082,1.362280011177063,0
2026-05-07 10:46:00+00:00,1.3624900579452515,1.3624999523162842,1.3619999885559082,1.3622900247573853,0
2026-05-07 10:47:00+00:00,1.3623000383377075,1.3626099824905396,1.3622000217437744,1.362470030784607,0
2026-05-07 10:48:00+00:00,1.3625799417495728,1.3626400232315063,1.3623000383377075,1.3625600337982178,0
2026-05-07 10:49:00+00:00,1.3627899885177612,1.3628100156784058,1.3623000383377075,1.3625799417495728,0
2026-05-07 10:50:00+00:00,1.362820029258728,1.3628900051116943,1.3624000549316406,1.3628000020980835,0
2026-05-07 10:51:00+00:00,1.3628499507904053,1.3629000186920166,1.3624999523162842,1.362820029258728,0
2026-05-07 10:52:00+00:00,1.3624000549316406,1.3629000186920166,1.3623000383377075,1.3628699779510498,0
2026-05-07 10:53:00+00:00,1.3627400398254395,1.3627899885177612,1.3624000549316406,1.3627300262451172,0
2026-05-07 10:54:00+00:00,1.3627099990844727,1.3628000020980835,1.3622000217437744,1.3627400398254395,0
2026-05-07 10:55:00+00:00,1.3627099990844727,1.3628000020980835,1.3623000383377075,1.3626500368118286,0
2026-05-07 10:56:00+00:00,1.362720012664795,1.3627599477767944,1.3623000383377075,1.3626699447631836,0
2026-05-07 10:57:00+00:00,1.3625600337982178,1.3628000020980835,1.3622000217437744,1.362720012664795,0
2026-05-07 10:58:00+00:00,1.3623000383377075,1.3625999689102173,1.3621000051498413,1.3625500202178955,0
2026-05-07 10:59:00+00:00,1.3626400232315063,1.3626400232315063,1.3622000217437744,1.36257004737854,0
2026-05-07 11:00:00+00:00,1.3624999523162842,1.3626600503921509,1.3622000217437744,1.3626400232315063,0
2026-05-07 11:01:00+00:00,1.362380027770996,1.3625500202178955,1.3619999885559082,1.3625500202178955,0
2026-05-07 11:02:00+00:00,1.3623000383377075,1.3624099493026733,1.361899971961975,1.3624000549316406,0
2026-05-07 11:03:00+00:00,1.3623100519180298,1.3623700141906738,1.361799955368042,1.3622900247573853,0
2026-05-07 11:04:00+00:00,1.3623600006103516,1.3624099493026733,1.361899971961975,1.3619999885559082,0
2026-05-07 11:05:00+00:00,1.3622900247573853,1.3624099493026733,1.361899971961975,1.3623600006103516,0
2026-05-07 11:06:00+00:00,1.3621599674224854,1.3623000383377075,1.3617000579833984,1.3622499704360962,0
2026-05-07 11:07:00+00:00,1.362339973449707,1.362339973449707,1.361799955368042,1.3622000217437744,0
2026-05-07 11:08:00+00:00,1.3623600006103516,1.362470030784607,1.3619999885559082,1.3623299598693848,0
2026-05-07 11:09:00+00:00,1.3623000383377075,1.3624099493026733,1.361799955368042,1.3621000051498413,0
2026-05-07 11:10:00+00:00,1.3624000549316406,1.3624099493026733,1.361899971961975,1.3619999885559082,0
2026-05-07 11:11:00+00:00,1.3624500036239624,1.3624999523162842,1.3619999885559082,1.3624199628829956,0
2026-05-07 11:12:00+00:00,1.3624600172042847,1.3624999523162842,1.3621000051498413,1.3624600172042847,0
2026-05-07 11:13:00+00:00,1.3624500036239624,1.3625099658966064,1.3621000051498413,1.3624399900436401,0
2026-05-07 11:14:00+00:00,1.362529993057251,1.3625999689102173,1.3621000051498413,1.3624900579452515,0
2026-05-07 11:15:00+00:00,1.3622000217437744,1.3626099824905396,1.3619999885559082,1.362529993057251,0
2026-05-07 11:16:00+00:00,1.3627899885177612,1.3628100156784058,1.3621000051498413,1.362529993057251,0
2026-05-07 11:17:00+00:00,1.362779974937439,1.3629000186920166,1.3624000549316406,1.3627500534057617,0
2026-05-07 11:18:00+00:00,1.3626799583435059,1.3628300428390503,1.3622000217437744,1.3628300428390503,0
2026-05-07 11:19:00+00:00,1.3626899719238281,1.3627300262451172,1.3623000383377075,1.3624000549316406,0
2026-05-07 11:20:00+00:00,1.3626899719238281,1.3627599477767944,1.3623000383377075,1.3626899719238281,0
2026-05-07 11:21:00+00:00,1.3625999689102173,1.3626999855041504,1.3623000383377075,1.362630009651184,0
2026-05-07 11:22:00+00:00,1.3625999689102173,1.3626799583435059,1.3622000217437744,1.36257004737854,0
2026-05-07 11:23:00+00:00,1.362630009651184,1.362720012664795,1.3623000383377075,1.3625999689102173,0
2026-05-07 11:24:00+00:00,1.3627300262451172,1.3627500534057617,1.3623000383377075,1.3626500368118286,0
2026-05-07 11:25:00+00:00,1.3623000383377075,1.3627500534057617,1.3623000383377075,1.3626999855041504,0
2026-05-07 11:26:00+00:00,1.3626099824905396,1.3626500368118286,1.3621000051498413,1.3626199960708618,0
2026-05-07 11:27:00+00:00,1.362589955329895,1.3626500368118286,1.3623000383377075,1.362589955329895,0
2026-05-07 11:28:00+00:00,1.3624000549316406,1.3627099990844727,1.3623000383377075,1.3623000383377075,0
2026-05-07 11:29:00+00:00,1.3626199960708618,1.3627099990844727,1.3622000217437744,1.3626799583435059,0
2026-05-07 11:30:00+00:00,1.3625799417495728,1.3626600503921509,1.3623000383377075,1.3625999689102173,0
2026-05-07 11:31:00+00:00,1.3627099990844727,1.3627400398254395,1.3621000051498413,1.3625799417495728,0
2026-05-07 11:32:00+00:00,1.3627699613571167,1.362779974937439,1.3623000383377075,1.3624000549316406,0
2026-05-07 11:33:00+00:00,1.3626400232315063,1.3627599477767944,1.3623000383377075,1.3627300262451172,0
2026-05-07 11:34:00+00:00,1.3625199794769287,1.3626999855041504,1.3621000051498413,1.362630009651184,0
2026-05-07 11:35:00+00:00,1.3627099990844727,1.3627400398254395,1.3621000051498413,1.3625199794769287,0
2026-05-07 11:36:00+00:00,1.3626400232315063,1.3628000020980835,1.3623000383377075,1.3627300262451172,0
2026-05-07 11:37:00+00:00,1.3627599477767944,1.3627699613571167,1.3624000549316406,1.3626899719238281,0
2026-05-07 11:38:00+00:00,1.3626600503921509,1.3628300428390503,1.3624000549316406,1.362720012664795,0
2026-05-07 11:39:00+00:00,1.3626699447631836,1.3627400398254395,1.3623000383377075,1.3627099990844727,0
2026-05-07 11:40:00+00:00,1.3626699447631836,1.3627899885177612,1.3622000217437744,1.3626799583435059,0
2026-05-07 11:41:00+00:00,1.3628000020980835,1.3628300428390503,1.3623000383377075,1.3626799583435059,0
2026-05-07 11:42:00+00:00,1.3629499673843384,1.362969994544983,1.3624000549316406,1.362779974937439,0
2026-05-07 11:43:00+00:00,1.3630900382995605,1.3631199598312378,1.3625999689102173,1.3629300594329834,0
2026-05-07 11:44:00+00:00,1.3631500005722046,1.3631999492645264,1.3626999855041504,1.363029956817627,0
2026-05-07 11:45:00+00:00,1.36312997341156,1.3631800413131714,1.3625999689102173,1.3631399869918823,0
2026-05-07 11:46:00+00:00,1.363070011138916,1.3631500005722046,1.3624999523162842,1.3631399869918823,0
2026-05-07 11:47:00+00:00,1.3626999855041504,1.36312997341156,1.3625999689102173,1.3626999855041504,0
2026-05-07 11:48:00+00:00,1.363029956817627,1.3631199598312378,1.3626999855041504,1.363070011138916,0
2026-05-07 11:49:00+00:00,1.3626999855041504,1.363070011138916,1.3624999523162842,1.3630000352859497,0
2026-05-07 11:50:00+00:00,1.3629000186920166,1.3630599975585938,1.3625999689102173,1.363010048866272,0
2026-05-07 11:51:00+00:00,1.362820029258728,1.3629599809646606,1.3624000549316406,1.3626999855041504,0
2026-05-07 11:52:00+00:00,1.3629300594329834,1.3629599809646606,1.3624999523162842,1.3628499507904053,0
2026-05-07 11:53:00+00:00,1.3628000020980835,1.3629499673843384,1.3623000383377075,1.3629100322723389,0
2026-05-07 11:54:00+00:00,1.3628699779510498,1.3628900051116943,1.3622000217437744,1.3627699613571167,0
2026-05-07 11:55:00+00:00,1.3630599975585938,1.36312997341156,1.3624999523162842,1.3628699779510498,0
2026-05-07 11:56:00+00:00,1.3631099462509155,1.3631700277328491,1.3626999855041504,1.3631199598312378,0
2026-05-07 11:57:00+00:00,1.3631800413131714,1.3632400035858154,1.3628000020980835,1.3631099462509155,0
2026-05-07 11:58:00+00:00,1.3630000352859497,1.3632400035858154,1.3625999689102173,1.3632400035858154,0
2026-05-07 11:59:00+00:00,1.3629300594329834,1.3630399703979492,1.3624999523162842,1.3626999855041504,0
2026-05-07 12:00:00+00:00,1.3626699447631836,1.3630000352859497,1.3624000549316406,1.3629000186920166,0
2026-05-07 12:01:00+00:00,1.3626999855041504,1.362720012664795,1.3622000217437744,1.3626600503921509,0
2026-05-07 12:02:00+00:00,1.3626400232315063,1.3627099990844727,1.3623000383377075,1.3626999855041504,0
2026-05-07 12:03:00+00:00,1.3624399900436401,1.3627599477767944,1.3621000051498413,1.3626400232315063,0
2026-05-07 12:04:00+00:00,1.3624600172042847,1.3624999523162842,1.3619999885559082,1.3624399900436401,0
2026-05-07 12:05:00+00:00,1.3622000217437744,1.3625999689102173,1.3621000051498413,1.3624800443649292,0
2026-05-07 12:06:00+00:00,1.3624399900436401,1.362529993057251,1.3619999885559082,1.3621000051498413,0
2026-05-07 12:07:00+00:00,1.3626600503921509,1.362720012664795,1.3621000051498413,1.3624399900436401,0
2026-05-07 12:08:00+00:00,1.3625999689102173,1.3629100322723389,1.3623000383377075,1.3626600503921509,0
2026-05-07 12:09:00+00:00,1.3627500534057617,1.3629399538040161,1.3624000549316406,1.3628699779510498,0
2026-05-07 12:10:00+00:00,1.3626899719238281,1.3628000020980835,1.3623000383377075,1.3627400398254395,0
2026-05-07 12:11:00+00:00,1.3627599477767944,1.3628100156784058,1.3623000383377075,1.3626899719238281,0
2026-05-07 12:12:00+00:00,1.3628300428390503,1.3629000186920166,1.3624000549316406,1.3627500534057617,0
2026-05-07 12:13:00+00:00,1.3628599643707275,1.3629200458526611,1.3624000549316406,1.3628300428390503,0
2026-05-07 12:14:00+00:00,1.3628900051116943,1.3629399538040161,1.3623000383377075,1.3628699779510498,0
2026-05-07 12:15:00+00:00,1.3628300428390503,1.3629300594329834,1.3624999523162842,1.362879991531372,0
2026-05-07 12:16:00+00:00,1.362779974937439,1.3629300594329834,1.3624000549316406,1.3628300428390503,0
2026-05-07 12:17:00+00:00,1.3629000186920166,1.3629200458526611,1.3624000549316406,1.3627899885177612,0
2026-05-07 12:18:00+00:00,1.3626999855041504,1.363029956817627,1.3624000549316406,1.362820029258728,0
2026-05-07 12:19:00+00:00,1.3628000020980835,1.3631999492645264,1.3624999523162842,1.362969994544983,0
2026-05-07 12:20:00+00:00,1.3628000020980835,1.36326003074646,1.3626999855041504,1.3631000518798828,0
2026-05-07 12:21:00+00:00,1.3633300065994263,1.3633699417114258,1.3628000020980835,1.3631099462509155,0
2026-05-07 12:22:00+00:00,1.3634300231933594,1.3634999990463257,1.3629000186920166,1.3633300065994263,0
2026-05-07 12:23:00+00:00,1.3631900548934937,1.3635200262069702,1.3628000020980835,1.3632999658584595,0
2026-05-07 12:24:00+00:00,1.3630900382995605,1.3632700443267822,1.3626999855041504,1.3629000186920166,0
2026-05-07 12:25:00+00:00,1.363010048866272,1.3631900548934937,1.3625999689102173,1.3631000518798828,0
2026-05-07 12:26:00+00:00,1.3630199432373047,1.3632099628448486,1.3625999689102173,1.3626999855041504,0
2026-05-07 12:27:00+00:00,1.3631099462509155,1.3631800413131714,1.3626999855041504,1.3628000020980835,0
2026-05-07 12:28:00+00:00,1.3629000186920166,1.3631900548934937,1.3628000020980835,1.3628000020980835,0
2026-05-07 12:29:00+00:00,1.3630599975585938,1.3631600141525269,1.3625999689102173,1.36312997341156,0
2026-05-07 12:30:00+00:00,1.3631600141525269,1.3633400201797485,1.3626999855041504,1.3631199598312378,0
2026-05-07 12:31:00+00:00,1.3631900548934937,1.363450050354004,1.3629000186920166,1.3631700277328491,0
2026-05-07 12:32:00+00:00,1.36326003074646,1.3633500337600708,1.3628000020980835,1.3629000186920166,0
2026-05-07 12:33:00+00:00,1.3632800579071045,1.3633400201797485,1.3626999855041504,1.3631000518798828,0
2026-05-07 12:34:00+00:00,1.3631999492645264,1.3633300065994263,1.3629000186920166,1.3632800579071045,0
2026-05-07 12:35:00+00:00,1.3632299900054932,1.3632700443267822,1.3628000020980835,1.3632099628448486,0
2026-05-07 12:36:00+00:00,1.3632400035858154,1.3633099794387817,1.3628000020980835,1.3632099628448486,0
2026-05-07 12:37:00+00:00,1.36326003074646,1.363360047340393,1.3629000186920166,1.363219976425171,0
2026-05-07 12:38:00+00:00,1.3631199598312378,1.363319993019104,1.3626999855041504,1.3632800579071045,0
2026-05-07 12:39:00+00:00,1.3631800413131714,1.3632099628448486,1.3628000020980835,1.3631199598312378,0
2026-05-07 12:40:00+00:00,1.3632400035858154,1.3633300065994263,1.3628000020980835,1.3631500005722046,0
2026-05-07 12:41:00+00:00,1.363219976425171,1.3632700443267822,1.3629000186920166,1.3632299900054932,0
2026-05-07 12:42:00+00:00,1.3632099628448486,1.36326003074646,1.3629000186920166,1.3632500171661377,0
2026-05-07 12:43:00+00:00,1.363010048866272,1.3632800579071045,1.3626999855041504,1.3632400035858154,0
2026-05-07 12:44:00+00:00,1.3629399538040161,1.3631000518798828,1.3625999689102173,1.363010048866272,0
2026-05-07 12:45:00+00:00,1.3631199598312378,1.3631600141525269,1.3624999523162842,1.3629000186920166,0
2026-05-07 12:46:00+00:00,1.3631900548934937,1.3631999492645264,1.3625999689102173,1.3631000518798828,0
2026-05-07 12:47:00+00:00,1.363219976425171,1.36326003074646,1.3628000020980835,1.3631800413131714,0
2026-05-07 12:48:00+00:00,1.3634999990463257,1.3635400533676147,1.3629000186920166,1.3629000186920166,0
2026-05-07 12:49:00+00:00,1.363510012626648,1.3635599613189697,1.3631000518798828,1.3634999990463257,0
2026-05-07 12:50:00+00:00,1.3633500337600708,1.3635499477386475,1.3629000186920166,1.3635400533676147,0
2026-05-07 12:51:00+00:00,1.3630000352859497,1.3634699583053589,1.3630000352859497,1.363319993019104,0
2026-05-07 12:52:00+00:00,1.3631199598312378,1.3633400201797485,1.3625999689102173,1.3633300065994263,0
2026-05-07 12:53:00+00:00,1.3629200458526611,1.3631800413131714,1.3625999689102173,1.3631199598312378,0
2026-05-07 12:54:00+00:00,1.363029956817627,1.3631099462509155,1.3624000549316406,1.3629300594329834,0
2026-05-07 12:55:00+00:00,1.3631900548934937,1.3632299900054932,1.3624999523162842,1.363010048866272,0
2026-05-07 12:56:00+00:00,1.3630000352859497,1.363360047340393,1.3629000186920166,1.3631800413131714,0
2026-05-07 12:57:00+00:00,1.3631900548934937,1.3633999824523926,1.3629000186920166,1.3633099794387817,0
2026-05-07 12:58:00+00:00,1.3632800579071045,1.363319993019104,1.3629000186920166,1.3631900548934937,0
2026-05-07 12:59:00+00:00,1.3634300231933594,1.363450050354004,1.3629000186920166,1.3632700443267822,0
2026-05-07 13:00:00+00:00,1.3635599613189697,1.363610029220581,1.3631000518798828,1.3633500337600708,0
2026-05-07 13:01:00+00:00,1.363759994506836,1.363800048828125,1.3632999658584595,1.3636000156402588,0
2026-05-07 13:02:00+00:00,1.3636200428009033,1.3638999462127686,1.3632999658584595,1.3637700080871582,0
2026-05-07 13:03:00+00:00,1.3636300563812256,1.3638099431991577,1.3631999492645264,1.3636000156402588,0
2026-05-07 13:04:00+00:00,1.363759994506836,1.3638299703598022,1.3632999658584595,1.3636499643325806,0
2026-05-07 13:05:00+00:00,1.3637399673461914,1.3638299703598022,1.3633999824523926,1.363800048828125,0
2026-05-07 13:06:00+00:00,1.3636499643325806,1.363800048828125,1.3632999658584595,1.3637399673461914,0
2026-05-07 13:07:00+00:00,1.3637800216674805,1.3638999462127686,1.3632999658584595,1.3636499643325806,0
2026-05-07 13:08:00+00:00,1.3639099597930908,1.3639299869537354,1.3634999990463257,1.3637900352478027,0
2026-05-07 13:09:00+00:00,1.3639299869537354,1.3640600442886353,1.3634999990463257,1.363860011100769,0
2026-05-07 13:10:00+00:00,1.3639400005340576,1.3640400171279907,1.3636000156402588,1.363700032234192,0
2026-05-07 13:11:00+00:00,1.363800048828125,1.3641300201416016,1.3636000156402588,1.3639400005340576,0
2026-05-07 13:12:00+00:00,1.3638900518417358,1.3641400337219238,1.3634999990463257,1.3640899658203125,0
2026-05-07 13:13:00+00:00,1.3638299703598022,1.3639999628067017,1.3633999824523926,1.3638800382614136,0
2026-05-07 13:14:00+00:00,1.363669991493225,1.3638999462127686,1.3632999658584595,1.36381995677948,0
2026-05-07 13:15:00+00:00,1.3637299537658691,1.36381995677948,1.3632999658584595,1.363669991493225,0
2026-05-07 13:16:00+00:00,1.3633999824523926,1.3638099431991577,1.3633999824523926,1.3637399673461914,0
2026-05-07 13:17:00+00:00,1.3635799884796143,1.3637800216674805,1.3631000518798828,1.363759994506836,0
2026-05-07 13:18:00+00:00,1.3636800050735474,1.3637200593948364,1.3631999492645264,1.3632999658584595,0
2026-05-07 13:19:00+00:00,1.3634599447250366,1.3636900186538696,1.3630000352859497,1.3636499643325806,0
2026-05-07 13:20:00+00:00,1.3633999824523926,1.3635200262069702,1.3630000352859497,1.3634599447250366,0
2026-05-07 13:21:00+00:00,1.3633699417114258,1.3635900020599365,1.3630000352859497,1.3633899688720703,0
2026-05-07 13:22:00+00:00,1.3634099960327148,1.3634300231933594,1.3629000186920166,1.363360047340393,0
2026-05-07 13:23:00+00:00,1.363379955291748,1.3635400533676147,1.3630000352859497,1.363379955291748,0
2026-05-07 13:24:00+00:00,1.363420009613037,1.3634300231933594,1.3629000186920166,1.363379955291748,0
2026-05-07 13:25:00+00:00,1.363420009613037,1.363450050354004,1.3630000352859497,1.363379955291748,0
2026-05-07 13:26:00+00:00,1.363379955291748,1.3634599447250366,1.3630000352859497,1.3633899688720703,0
2026-05-07 13:27:00+00:00,1.36326003074646,1.3634300231933594,1.3628000020980835,1.3633699417114258,0
2026-05-07 13:28:00+00:00,1.3630000352859497,1.3633300065994263,1.3629000186920166,1.36326003074646,0
2026-05-07 13:29:00+00:00,1.3631999492645264,1.3633099794387817,1.3629000186920166,1.3632700443267822,0
2026-05-07 13:30:00+00:00,1.363010048866272,1.3633500337600708,1.3625999689102173,1.3632099628448486,0
2026-05-07 13:31:00+00:00,1.3631999492645264,1.3632999658584595,1.3626999855041504,1.363010048866272,0
2026-05-07 13:32:00+00:00,1.3632099628448486,1.363379955291748,1.3628000020980835,1.3631900548934937,0
2026-05-07 13:33:00+00:00,1.3634300231933594,1.3634300231933594,1.3629000186920166,1.363219976425171,0
2026-05-07 13:34:00+00:00,1.363319993019104,1.3634300231933594,1.3630000352859497,1.3631000518798828,0
2026-05-07 13:35:00+00:00,1.3633899688720703,1.3634099960327148,1.3629000186920166,1.3632800579071045,0
2026-05-07 13:36:00+00:00,1.3634599447250366,1.3635599613189697,1.3630000352859497,1.3634099960327148,0
2026-05-07 13:37:00+00:00,1.3633999824523926,1.3635499477386475,1.3630000352859497,1.3631999492645264,0
2026-05-07 13:38:00+00:00,1.3633699417114258,1.3635499477386475,1.3630000352859497,1.3633999824523926,0
2026-05-07 13:39:00+00:00,1.363379955291748,1.3634699583053589,1.3629000186920166,1.3633899688720703,0
2026-05-07 13:40:00+00:00,1.363360047340393,1.3634999990463257,1.3629000186920166,1.363379955291748,0
2026-05-07 13:41:00+00:00,1.3633500337600708,1.3634899854660034,1.3630000352859497,1.3633699417114258,0
2026-05-07 13:42:00+00:00,1.3633699417114258,1.3634099960327148,1.3630000352859497,1.3633999824523926,0
2026-05-07 13:43:00+00:00,1.3632700443267822,1.3634099960327148,1.3628000020980835,1.363360047340393,0
2026-05-07 13:44:00+00:00,1.3632500171661377,1.3633400201797485,1.3628000020980835,1.3632700443267822,0
2026-05-07 13:45:00+00:00,1.3634699583053589,1.3634999990463257,1.3629000186920166,1.3632099628448486,0
2026-05-07 13:46:00+00:00,1.3632500171661377,1.3634899854660034,1.3628000020980835,1.3634899854660034,0
2026-05-07 13:47:00+00:00,1.3633999824523926,1.3635200262069702,1.3629000186920166,1.363219976425171,0
2026-05-07 13:48:00+00:00,1.3633699417114258,1.3634799718856812,1.3630000352859497,1.363379955291748,0
2026-05-07 13:49:00+00:00,1.363420009613037,1.3635499477386475,1.3630000352859497,1.3633699417114258,0
2026-05-07 13:50:00+00:00,1.3633099794387817,1.3635400533676147,1.3631000518798828,1.3631999492645264,0
2026-05-07 13:51:00+00:00,1.3633899688720703,1.3633999824523926,1.3630000352859497,1.3631000518798828,0
2026-05-07 13:52:00+00:00,1.3633699417114258,1.3634300231933594,1.3630000352859497,1.3630000352859497,0
2026-05-07 13:53:00+00:00,1.3636000156402588,1.3636000156402588,1.3630000352859497,1.363379955291748,0
2026-05-07 13:54:00+00:00,1.3636900186538696,1.3637900352478027,1.3632999658584595,1.3635799884796143,0
2026-05-07 13:55:00+00:00,1.3636399507522583,1.3637100458145142,1.3631999492645264,1.363669991493225,0
2026-05-07 13:56:00+00:00,1.363669991493225,1.363700032234192,1.3631000518798828,1.3636399507522583,0
2026-05-07 13:57:00+00:00,1.363610029220581,1.3636800050735474,1.3631999492645264,1.363669991493225,0
2026-05-07 13:58:00+00:00,1.3637299537658691,1.3638299703598022,1.3631000518798828,1.3636200428009033,0
2026-05-07 13:59:00+00:00,1.363919973373413,1.3639400005340576,1.3633999824523926,1.3637900352478027,0
2026-05-07 14:00:00+00:00,1.3639800548553467,1.3640700578689575,1.3633999824523926,1.3638499975204468,0
2026-05-07 14:01:00+00:00,1.364150047302246,1.3641999959945679,1.363700032234192,1.3640199899673462,0
2026-05-07 14:02:00+00:00,1.3642499446868896,1.3643200397491455,1.363700032234192,1.3641200065612793,0
2026-05-07 14:03:00+00:00,1.3639999628067017,1.3643900156021118,1.3638999462127686,1.3642300367355347,0
2026-05-07 14:04:00+00:00,1.3643100261688232,1.3643499612808228,1.3638999462127686,1.3641799688339233,0
2026-05-07 14:05:00+00:00,1.364359974861145,1.3645000457763672,1.3638999462127686,1.3639999628067017,0
2026-05-07 14:06:00+00:00,1.3643300533294678,1.3643699884414673,1.363800048828125,1.3643399477005005,0
2026-05-07 14:07:00+00:00,1.3641300201416016,1.3643499612808228,1.363800048828125,1.3643300533294678,0
2026-05-07 14:08:00+00:00,1.3641200065612793,1.3641999959945679,1.363700032234192,1.3641300201416016,0
2026-05-07 14:09:00+00:00,1.3642200231552124,1.364259958267212,1.363700032234192,1.3640999794006348,0
2026-05-07 14:10:00+00:00,1.3639600276947021,1.3642499446868896,1.3634999990463257,1.3642200231552124,0
2026-05-07 14:11:00+00:00,1.363860011100769,1.3639999628067017,1.3636000156402588,1.3639700412750244,0
2026-05-07 14:12:00+00:00,1.3636800050735474,1.3638999462127686,1.3632999658584595,1.3636800050735474,0
2026-05-07 14:13:00+00:00,1.3636200428009033,1.363759994506836,1.3631999492645264,1.3636900186538696,0
2026-05-07 14:14:00+00:00,1.363610029220581,1.3636399507522583,1.3631999492645264,1.3636200428009033,0
2026-05-07 14:15:00+00:00,1.3637900352478027,1.3637900352478027,1.3630000352859497,1.363610029220581,0
2026-05-07 14:16:00+00:00,1.3635200262069702,1.3639899492263794,1.3631000518798828,1.3637700080871582,0
2026-05-07 14:17:00+00:00,1.363610029220581,1.3636399507522583,1.3631999492645264,1.3635200262069702,0
2026-05-07 14:18:00+00:00,1.3637200593948364,1.3637399673461914,1.3632999658584595,1.3637200593948364,0
2026-05-07 14:19:00+00:00,1.3637900352478027,1.3638700246810913,1.3632999658584595,1.3637100458145142,0
2026-05-07 14:20:00+00:00,1.3634999990463257,1.3638299703598022,1.3631000518798828,1.363800048828125,0
2026-05-07 14:21:00+00:00,1.3634099960327148,1.3636000156402588,1.3630000352859497,1.3635400533676147,0
2026-05-07 14:22:00+00:00,1.363510012626648,1.3636000156402588,1.3631000518798828,1.3631000518798828,0
2026-05-07 14:23:00+00:00,1.3636599779129028,1.363759994506836,1.3631999492645264,1.3632999658584595,0
2026-05-07 14:24:00+00:00,1.3636000156402588,1.3637200593948364,1.3632999658584595,1.3633999824523926,0
2026-05-07 14:25:00+00:00,1.3635200262069702,1.3636599779129028,1.3631000518798828,1.3636200428009033,0
2026-05-07 14:26:00+00:00,1.3634400367736816,1.3636000156402588,1.3631000518798828,1.3635200262069702,0
2026-05-07 14:27:00+00:00,1.3635900020599365,1.3636200428009033,1.3631000518798828,1.363450050354004,0
2026-05-07 14:28:00+00:00,1.363510012626648,1.3636000156402588,1.3631000518798828,1.3635599613189697,0
2026-05-07 14:29:00+00:00,1.3634799718856812,1.3635400533676147,1.3631000518798828,1.3631999492645264,0
2026-05-07 14:30:00+00:00,1.3632099628448486,1.3634899854660034,1.3629000186920166,1.3634799718856812,0
2026-05-07 14:31:00+00:00,1.363029956817627,1.3632400035858154,1.3626999855041504,1.3632099628448486,0
2026-05-07 14:32:00+00:00,1.363070011138916,1.36312997341156,1.3625999689102173,1.363029956817627,0
2026-05-07 14:33:00+00:00,1.3630800247192383,1.3631900548934937,1.3626999855041504,1.363070011138916,0
2026-05-07 14:34:00+00:00,1.3632400035858154,1.3632400035858154,1.3626999855041504,1.3630399703979492,0
2026-05-07 14:35:00+00:00,1.3633300065994263,1.3633899688720703,1.3628000020980835,1.3631999492645264,0
2026-05-07 14:36:00+00:00,1.363360047340393,1.3633699417114258,1.3628000020980835,1.3633699417114258,0
2026-05-07 14:37:00+00:00,1.3631999492645264,1.3634400367736816,1.3628000020980835,1.363319993019104,0
2026-05-07 14:38:00+00:00,1.3630000352859497,1.3634300231933594,1.3630000352859497,1.363379955291748,0
2026-05-07 14:39:00+00:00,1.3632899522781372,1.3633699417114258,1.3629000186920166,1.363319993019104,0
2026-05-07 14:40:00+00:00,1.3630000352859497,1.3633500337600708,1.3628000020980835,1.3632500171661377,0
2026-05-07 14:41:00+00:00,1.3629000186920166,1.3633400201797485,1.3629000186920166,1.3632800579071045,0
2026-05-07 14:42:00+00:00,1.36312997341156,1.3632800579071045,1.3628000020980835,1.3632299900054932,0
2026-05-07 14:43:00+00:00,1.3628000020980835,1.3631999492645264,1.3625999689102173,1.36312997341156,0
2026-05-07 14:44:00+00:00,1.3630199432373047,1.36326003074646,1.3626999855041504,1.3631199598312378,0
2026-05-07 14:45:00+00:00,1.3626999855041504,1.3631199598312378,1.3626999855041504,1.3630199432373047,0
2026-05-07 14:46:00+00:00,1.3631000518798828,1.363219976425171,1.3626999855041504,1.3630499839782715,0
2026-05-07 14:47:00+00:00,1.3626999855041504,1.3631000518798828,1.3624000549316406,1.3630599975585938,0
2026-05-07 14:48:00+00:00,1.3629399538040161,1.3631000518798828,1.3624999523162842,1.3629599809646606,0
2026-05-07 14:49:00+00:00,1.3629300594329834,1.363029956817627,1.3624000549316406,1.3624000549316406,0
2026-05-07 14:50:00+00:00,1.3628599643707275,1.3630399703979492,1.3624000549316406,1.3629499673843384,0
2026-05-07 14:51:00+00:00,1.3629499673843384,1.3630000352859497,1.3625999689102173,1.3628699779510498,0
2026-05-07 14:52:00+00:00,1.3629599809646606,1.3631500005722046,1.3624999523162842,1.3629599809646606,0
2026-05-07 14:53:00+00:00,1.3632700443267822,1.363360047340393,1.3626999855041504,1.3629900217056274,0
2026-05-07 14:54:00+00:00,1.3634300231933594,1.3634999990463257,1.3629000186920166,1.3632999658584595,0
2026-05-07 14:55:00+00:00,1.3634300231933594,1.3635900020599365,1.3630000352859497,1.3634300231933594,0
2026-05-07 14:56:00+00:00,1.3633999824523926,1.3634699583053589,1.3629000186920166,1.3634400367736816,0
2026-05-07 14:57:00+00:00,1.363450050354004,1.363510012626648,1.3631000518798828,1.363379955291748,0
2026-05-07 14:58:00+00:00,1.3634699583053589,1.3634999990463257,1.3629000186920166,1.363450050354004,0
2026-05-07 14:59:00+00:00,1.3634400367736816,1.3634799718856812,1.3631000518798828,1.3634300231933594,0
2026-05-07 15:00:00+00:00,1.3633899688720703,1.3635400533676147,1.3631000518798828,1.3634400367736816,0
2026-05-07 15:01:00+00:00,1.3633300065994263,1.3634699583053589,1.3629000186920166,1.3634300231933594,0
2026-05-07 15:02:00+00:00,1.3633300065994263,1.3634799718856812,1.3630000352859497,1.3633400201797485,0
2026-05-07 15:03:00+00:00,1.3633699417114258,1.3634899854660034,1.3630000352859497,1.363319993019104,0
2026-05-07 15:04:00+00:00,1.3632899522781372,1.3633999824523926,1.3628000020980835,1.3633999824523926,0
2026-05-07 15:05:00+00:00,1.363319993019104,1.363420009613037,1.3628000020980835,1.3632999658584595,0
2026-05-07 15:06:00+00:00,1.3634300231933594,1.3634599447250366,1.3630000352859497,1.3633099794387817,0
2026-05-07 15:07:00+00:00,1.363420009613037,1.3635400533676147,1.3631000518798828,1.3634300231933594,0
2026-05-07 15:08:00+00:00,1.363319993019104,1.3634699583053589,1.3629000186920166,1.363420009613037,0
2026-05-07 15:09:00+00:00,1.3633500337600708,1.3633999824523926,1.3628000020980835,1.363319993019104,0
2026-05-07 15:10:00+00:00,1.3632999658584595,1.3633699417114258,1.3629000186920166,1.3633699417114258,0
2026-05-07 15:11:00+00:00,1.3632700443267822,1.363360047340393,1.3630000352859497,1.3633099794387817,0
2026-05-07 15:12:00+00:00,1.363319993019104,1.3633699417114258,1.3630000352859497,1.36326003074646,0
2026-05-07 15:13:00+00:00,1.3632899522781372,1.363360047340393,1.3629000186920166,1.3632899522781372,0
2026-05-07 15:14:00+00:00,1.3633899688720703,1.3634699583053589,1.3630000352859497,1.3632899522781372,0
2026-05-07 15:15:00+00:00,1.3636000156402588,1.363610029220581,1.3631000518798828,1.3633899688720703,0
2026-05-07 15:16:00+00:00,1.3634599447250366,1.3635799884796143,1.3631000518798828,1.363569974899292,0
2026-05-07 15:17:00+00:00,1.3633999824523926,1.3635400533676147,1.3630000352859497,1.3634599447250366,0
2026-05-07 15:18:00+00:00,1.3636000156402588,1.3636800050735474,1.3631000518798828,1.363420009613037,0
2026-05-07 15:19:00+00:00,1.3635599613189697,1.3636399507522583,1.3631000518798828,1.3635900020599365,0
2026-05-07 15:20:00+00:00,1.3636900186538696,1.3637299537658691,1.3631000518798828,1.363569974899292,0
2026-05-07 15:21:00+00:00,1.3637900352478027,1.363800048828125,1.3631999492645264,1.363700032234192,0
2026-05-07 15:22:00+00:00,1.3638299703598022,1.3638800382614136,1.3632999658584595,1.3638099431991577,0
2026-05-07 15:23:00+00:00,1.3638999462127686,1.3639299869537354,1.3632999658584595,1.3638099431991577,0
2026-05-07 15:24:00+00:00,1.363800048828125,1.3642699718475342,1.3636000156402588,1.3638800382614136,0
2026-05-07 15:25:00+00:00,1.3639500141143799,1.3641799688339233,1.3634999990463257,1.364169955253601,0
2026-05-07 15:26:00+00:00,1.3638999462127686,1.3642899990081787,1.3636000156402588,1.3639899492263794,0
2026-05-07 15:27:00+00:00,1.3639299869537354,1.3641999959945679,1.3636000156402588,1.364169955253601,0
2026-05-07 15:28:00+00:00,1.3639700412750244,1.3640999794006348,1.3636000156402588,1.3639400005340576,0
2026-05-07 15:29:00+00:00,1.3638399839401245,1.3640199899673462,1.3634999990463257,1.3639700412750244,0
2026-05-07 15:30:00+00:00,1.3637700080871582,1.3638999462127686,1.3633999824523926,1.3636000156402588,0
2026-05-07 15:31:00+00:00,1.3634799718856812,1.3638299703598022,1.3631000518798828,1.3634999990463257,0
2026-05-07 15:32:00+00:00,1.363379955291748,1.3636599779129028,1.3631000518798828,1.3634599447250366,0
2026-05-07 15:33:00+00:00,1.3633699417114258,1.363420009613037,1.3629000186920166,1.363420009613037,0
2026-05-07 15:34:00+00:00,1.3633300065994263,1.3634400367736816,1.3630000352859497,1.3633699417114258,0
2026-05-07 15:35:00+00:00,1.3634799718856812,1.3635400533676147,1.3630000352859497,1.3633400201797485,0
2026-05-07 15:36:00+00:00,1.363669991493225,1.3637200593948364,1.3631999492645264,1.3635300397872925,0
2026-05-07 15:37:00+00:00,1.3635300397872925,1.3637200593948364,1.3631999492645264,1.363700032234192,0
2026-05-07 15:38:00+00:00,1.3635300397872925,1.3635599613189697,1.3631999492645264,1.363510012626648,0
2026-05-07 15:39:00+00:00,1.3635200262069702,1.3635799884796143,1.3631999492645264,1.3635300397872925,0
2026-05-07 15:40:00+00:00,1.3632999658584595,1.3635799884796143,1.3631999492645264,1.3635200262069702,0
2026-05-07 15:41:00+00:00,1.3635499477386475,1.3636000156402588,1.3631000518798828,1.363510012626648,0
2026-05-07 15:42:00+00:00,1.3634699583053589,1.3635599613189697,1.3631000518798828,1.3635200262069702,0
2026-05-07 15:43:00+00:00,1.363610029220581,1.363700032234192,1.3631999492645264,1.3634699583053589,0
2026-05-07 15:44:00+00:00,1.3636800050735474,1.3637200593948364,1.3632999658584595,1.363610029220581,0
2026-05-07 15:45:00+00:00,1.3634999990463257,1.3637499809265137,1.3632999658584595,1.363700032234192,0
2026-05-07 15:46:00+00:00,1.3633999824523926,1.3637399673461914,1.3632999658584595,1.3636800050735474,0
2026-05-07 15:47:00+00:00,1.3634999990463257,1.363800048828125,1.3632999658584595,1.363669991493225,0
2026-05-07 15:48:00+00:00,1.363800048828125,1.363800048828125,1.3632999658584595,1.363759994506836,0
2026-05-07 15:49:00+00:00,1.3639800548553467,1.3639999628067017,1.3633999824523926,1.363759994506836,0
2026-05-07 15:50:00+00:00,1.3636000156402588,1.3640400171279907,1.3636000156402588,1.3639800548553467,0
2026-05-07 15:51:00+00:00,1.3637700080871582,1.3639099597930908,1.3633999824523926,1.3638800382614136,0
2026-05-07 15:52:00+00:00,1.3638800382614136,1.3639800548553467,1.3634999990463257,1.363759994506836,0
2026-05-07 15:53:00+00:00,1.3639700412750244,1.364009976387024,1.3633999824523926,1.3639099597930908,0
2026-05-07 15:54:00+00:00,1.3638099431991577,1.364009976387024,1.3633999824523926,1.3639600276947021,0
2026-05-07 15:55:00+00:00,1.3636800050735474,1.3638399839401245,1.3631999492645264,1.3638099431991577,0
2026-05-07 15:56:00+00:00,1.363759994506836,1.36381995677948,1.3631999492645264,1.3636800050735474,0
2026-05-07 15:57:00+00:00,1.363669991493225,1.3638399839401245,1.3632999658584595,1.3637499809265137,0
2026-05-07 15:58:00+00:00,1.3631999492645264,1.3637700080871582,1.3631999492645264,1.3636499643325806,0
2026-05-07 15:59:00+00:00,1.3637100458145142,1.363759994506836,1.3631999492645264,1.363669991493225,0
2026-05-07 16:00:00+00:00,1.3637700080871582,1.3638499975204468,1.3632999658584595,1.3637399673461914,0
2026-05-07 16:01:00+00:00,1.3633999824523926,1.3637800216674805,1.3631999492645264,1.3637200593948364,0
2026-05-07 16:02:00+00:00,1.363510012626648,1.3636800050735474,1.3631000518798828,1.3636200428009033,0
2026-05-07 16:03:00+00:00,1.363569974899292,1.363700032234192,1.3630000352859497,1.3630000352859497,0
2026-05-07 16:04:00+00:00,1.3637499809265137,1.3638399839401245,1.3631999492645264,1.363569974899292,0
2026-05-07 16:05:00+00:00,1.363860011100769,1.3639500141143799,1.3633999824523926,1.3637499809265137,0
2026-05-07 16:06:00+00:00,1.3636000156402588,1.3639999628067017,1.3634999990463257,1.3638999462127686,0
2026-05-07 16:07:00+00:00,1.3640400171279907,1.364050030708313,1.3634999990463257,1.3639099597930908,0
2026-05-07 16:08:00+00:00,1.3639999628067017,1.3641200065612793,1.3636000156402588,1.363700032234192,0
2026-05-07 16:09:00+00:00,1.3640899658203125,1.3641300201416016,1.3636000156402588,1.364009976387024,0
2026-05-07 16:10:00+00:00,1.364109992980957,1.3641300201416016,1.363700032234192,1.364050030708313,0
2026-05-07 16:11:00+00:00,1.364109992980957,1.364169955253601,1.363700032234192,1.3640999794006348,0
2026-05-07 16:12:00+00:00,1.364169955253601,1.3641799688339233,1.3636000156402588,1.3640700578689575,0
2026-05-07 16:13:00+00:00,1.3640400171279907,1.3642100095748901,1.363700032234192,1.364169955253601,0
2026-05-07 16:14:00+00:00,1.363700032234192,1.364109992980957,1.3636000156402588,1.364050030708313,0
2026-05-07 16:15:00+00:00,1.3638099431991577,1.3640700578689575,1.3634999990463257,1.3639299869537354,0
2026-05-07 16:16:00+00:00,1.3635599613189697,1.3638800382614136,1.3631999492645264,1.3638399839401245,0
2026-05-07 16:17:00+00:00,1.363450050354004,1.3636300563812256,1.3631000518798828,1.3635499477386475,0
2026-05-07 16:18:00+00:00,1.3635799884796143,1.3636200428009033,1.3629000186920166,1.3634300231933594,0
2026-05-07 16:19:00+00:00,1.3636200428009033,1.3636399507522583,1.3631999492645264,1.3635799884796143,0
2026-05-07 16:20:00+00:00,1.3634799718856812,1.3636300563812256,1.3631000518798828,1.3636300563812256,0
2026-05-07 16:21:00+00:00,1.3636300563812256,1.3636900186538696,1.3631000518798828,1.3634899854660034,0
2026-05-07 16:22:00+00:00,1.363610029220581,1.3636499643325806,1.3631000518798828,1.3636300563812256,0
2026-05-07 16:23:00+00:00,1.3634699583053589,1.3636300563812256,1.3631999492645264,1.3635799884796143,0
2026-05-07 16:24:00+00:00,1.3635200262069702,1.3636300563812256,1.3631000518798828,1.3634699583053589,0
2026-05-07 16:25:00+00:00,1.363420009613037,1.3635300397872925,1.3629000186920166,1.3635200262069702,0
2026-05-07 16:26:00+00:00,1.3630000352859497,1.363450050354004,1.3630000352859497,1.3633899688720703,0
2026-05-07 16:27:00+00:00,1.3633500337600708,1.3634300231933594,1.3630000352859497,1.3632999658584595,0
2026-05-07 16:28:00+00:00,1.3631700277328491,1.3633400201797485,1.3628000020980835,1.3632999658584595,0
2026-05-07 16:29:00+00:00,1.3631500005722046,1.3632999658584595,1.3628000020980835,1.3631800413131714,0
2026-05-07 16:30:00+00:00,1.3631399869918823,1.3632099628448486,1.3628000020980835,1.3631399869918823,0
2026-05-07 16:31:00+00:00,1.3629000186920166,1.36326003074646,1.3628000020980835,1.3631600141525269,0
2026-05-07 16:32:00+00:00,1.3631099462509155,1.3632800579071045,1.3628000020980835,1.3631700277328491,0
2026-05-07 16:33:00+00:00,1.3630900382995605,1.3631999492645264,1.3628000020980835,1.3631199598312378,0
2026-05-07 16:34:00+00:00,1.3630399703979492,1.3631399869918823,1.3625999689102173,1.3631000518798828,0
2026-05-07 16:35:00+00:00,1.3630499839782715,1.3631600141525269,1.3625999689102173,1.3626999855041504,0
2026-05-07 16:36:00+00:00,1.3631000518798828,1.3631800413131714,1.3625999689102173,1.3625999689102173,0
2026-05-07 16:37:00+00:00,1.3630499839782715,1.3631199598312378,1.3625999689102173,1.3628000020980835,0
2026-05-07 16:38:00+00:00,1.363070011138916,1.3631600141525269,1.3625999689102173,1.3630800247192383,0
2026-05-07 16:39:00+00:00,1.3631000518798828,1.3632299900054932,1.3625999689102173,1.3625999689102173,0
2026-05-07 16:40:00+00:00,1.3630900382995605,1.3631999492645264,1.3628000020980835,1.3631399869918823,0
2026-05-07 16:41:00+00:00,1.3630800247192383,1.3631999492645264,1.3628000020980835,1.3631000518798828,0
2026-05-07 16:42:00+00:00,1.3631199598312378,1.3631900548934937,1.3626999855041504,1.3630900382995605,0
2026-05-07 16:43:00+00:00,1.3633300065994263,1.3633400201797485,1.3628000020980835,1.3631099462509155,0
2026-05-07 16:44:00+00:00,1.3630800247192383,1.3633099794387817,1.3628000020980835,1.3632800579071045,0
2026-05-07 16:45:00+00:00,1.3631099462509155,1.3631700277328491,1.3626999855041504,1.3631000518798828,0
2026-05-07 16:46:00+00:00,1.3631000518798828,1.3631600141525269,1.3625999689102173,1.3630599975585938,0
2026-05-07 16:47:00+00:00,1.3625999689102173,1.3631600141525269,1.3625999689102173,1.3631000518798828,0
2026-05-07 16:48:00+00:00,1.3628000020980835,1.3631999492645264,1.3626999855041504,1.3630900382995605,0
2026-05-07 16:49:00+00:00,1.3632099628448486,1.3632500171661377,1.3628000020980835,1.3631099462509155,0
2026-05-07 16:50:00+00:00,1.363319993019104,1.3633500337600708,1.3629000186920166,1.3632099628448486,0
2026-05-07 16:51:00+00:00,1.3634699583053589,1.3634999990463257,1.3630000352859497,1.3633099794387817,0
2026-05-07 16:52:00+00:00,1.3634599447250366,1.3634999990463257,1.3631000518798828,1.363420009613037,0
2026-05-07 16:53:00+00:00,1.3633300065994263,1.3634699583053589,1.3630000352859497,1.3634699583053589,0
2026-05-07 16:54:00+00:00,1.36326003074646,1.3633300065994263,1.3629000186920166,1.3632899522781372,0
2026-05-07 16:55:00+00:00,1.363360047340393,1.3633999824523926,1.3629000186920166,1.36326003074646,0
2026-05-07 16:56:00+00:00,1.363379955291748,1.363450050354004,1.3630000352859497,1.363360047340393,0
2026-05-07 16:57:00+00:00,1.3631700277328491,1.3634300231933594,1.3626999855041504,1.3633899688720703,0
2026-05-07 16:58:00+00:00,1.3630800247192383,1.3632299900054932,1.3626999855041504,1.3631800413131714,0
2026-05-07 16:59:00+00:00,1.3631000518798828,1.3631999492645264,1.3625999689102173,1.3628000020980835,0
2026-05-07 17:00:00+00:00,1.3629000186920166,1.3632500171661377,1.3628000020980835,1.3629000186920166,0
2026-05-07 17:01:00+00:00,1.3631399869918823,1.36326003074646,1.3626999855041504,1.3629000186920166,0
2026-05-07 17:02:00+00:00,1.3629000186920166,1.3632299900054932,1.3628000020980835,1.3631399869918823,0
2026-05-07 17:03:00+00:00,1.3631199598312378,1.3632999658584595,1.3628000020980835,1.3629000186920166,0
2026-05-07 17:04:00+00:00,1.3629200458526611,1.3631800413131714,1.3625999689102173,1.3631500005722046,0
2026-05-07 17:05:00+00:00,1.362879991531372,1.3630000352859497,1.3624999523162842,1.3629200458526611,0
2026-05-07 17:06:00+00:00,1.3629000186920166,1.3629399538040161,1.3623000383377075,1.3628300428390503,0
2026-05-07 17:07:00+00:00,1.3628300428390503,1.362969994544983,1.3624999523162842,1.3629000186920166,0
2026-05-07 17:08:00+00:00,1.3628900051116943,1.3629100322723389,1.3624999523162842,1.3628699779510498,0
2026-05-07 17:09:00+00:00,1.362630009651184,1.3628900051116943,1.3623000383377075,1.3624999523162842,0
2026-05-07 17:10:00+00:00,1.3628699779510498,1.3629200458526611,1.3623000383377075,1.3626799583435059,0
2026-05-07 17:11:00+00:00,1.3629200458526611,1.362969994544983,1.3624999523162842,1.3628699779510498,0
2026-05-07 17:12:00+00:00,1.3629100322723389,1.3629900217056274,1.3625999689102173,1.3629100322723389,0
2026-05-07 17:13:00+00:00,1.362969994544983,1.3630000352859497,1.3625999689102173,1.3629000186920166,0
2026-05-07 17:14:00+00:00,1.3629000186920166,1.3629900217056274,1.3625999689102173,1.3629200458526611,0
2026-05-07 17:15:00+00:00,1.3625999689102173,1.3630000352859497,1.3625999689102173,1.3628599643707275,0
2026-05-07 17:16:00+00:00,1.3628699779510498,1.3629800081253052,1.3624000549316406,1.3629499673843384,0
2026-05-07 17:17:00+00:00,1.3629100322723389,1.3630000352859497,1.3624000549316406,1.3628300428390503,0
2026-05-07 17:18:00+00:00,1.3630499839782715,1.3630599975585938,1.3625999689102173,1.362969994544983,0
2026-05-07 17:19:00+00:00,1.3630599975585938,1.3631199598312378,1.3626999855041504,1.3630000352859497,0
2026-05-07 17:20:00+00:00,1.3630199432373047,1.3631000518798828,1.3626999855041504,1.363029956817627,0
2026-05-07 17:21:00+00:00,1.3629000186920166,1.3631000518798828,1.3626999855041504,1.3630199432373047,0
2026-05-07 17:22:00+00:00,1.3631500005722046,1.3631700277328491,1.3626999855041504,1.3630499839782715,0
2026-05-07 17:23:00+00:00,1.362969994544983,1.3631500005722046,1.3625999689102173,1.3631399869918823,0
2026-05-07 17:24:00+00:00,1.3629499673843384,1.363070011138916,1.3625999689102173,1.3629800081253052,0
2026-05-07 17:25:00+00:00,1.3630199432373047,1.3631399869918823,1.3625999689102173,1.3629599809646606,0
2026-05-07 17:26:00+00:00,1.3630000352859497,1.3632400035858154,1.3626999855041504,1.3629800081253052,0
2026-05-07 17:27:00+00:00,1.3630499839782715,1.3630900382995605,1.3625999689102173,1.3630000352859497,0
2026-05-07 17:28:00+00:00,1.3631700277328491,1.3631900548934937,1.3626999855041504,1.363070011138916,0
2026-05-07 17:29:00+00:00,1.3634400367736816,1.363450050354004,1.3628000020980835,1.3634400367736816,0
2026-05-07 17:30:00+00:00,1.3634300231933594,1.363610029220581,1.3631000518798828,1.3633899688720703,0
2026-05-07 17:31:00+00:00,1.3633999824523926,1.363510012626648,1.3630000352859497,1.3634300231933594,0
2026-05-07 17:32:00+00:00,1.363450050354004,1.3634699583053589,1.3630000352859497,1.3633699417114258,0
2026-05-07 17:33:00+00:00,1.3636000156402588,1.3637200593948364,1.3631000518798828,1.363420009613037,0
2026-05-07 17:34:00+00:00,1.363610029220581,1.363669991493225,1.3631999492645264,1.363669991493225,0
2026-05-07 17:35:00+00:00,1.3636399507522583,1.3637299537658691,1.3631999492645264,1.3635499477386475,0
2026-05-07 17:36:00+00:00,1.363800048828125,1.36381995677948,1.3631999492645264,1.3636000156402588,0
2026-05-07 17:37:00+00:00,1.3636399507522583,1.3638099431991577,1.3632999658584595,1.3637700080871582,0
2026-05-07 17:38:00+00:00,1.3635300397872925,1.3636300563812256,1.3631999492645264,1.3636000156402588,0
2026-05-07 17:39:00+00:00,1.3635300397872925,1.363610029220581,1.3631999492645264,1.3635300397872925,0
2026-05-07 17:40:00+00:00,1.3634999990463257,1.363569974899292,1.3631000518798828,1.3634899854660034,0
2026-05-07 17:41:00+00:00,1.3636000156402588,1.3636599779129028,1.3630000352859497,1.363510012626648,0
2026-05-07 17:42:00+00:00,1.3633999824523926,1.3637200593948364,1.3631999492645264,1.3636499643325806,0
2026-05-07 17:43:00+00:00,1.3633999824523926,1.36381995677948,1.3632999658584595,1.3636800050735474,0
2026-05-07 17:44:00+00:00,1.363800048828125,1.3638900518417358,1.3633999824523926,1.363759994506836,0
2026-05-07 17:45:00+00:00,1.3633999824523926,1.3638399839401245,1.3633999824523926,1.3637900352478027,0
2026-05-07 17:46:00+00:00,1.3636800050735474,1.363800048828125,1.3632999658584595,1.3636800050735474,0
2026-05-07 17:47:00+00:00,1.3636000156402588,1.3637299537658691,1.3631000518798828,1.3636900186538696,0
2026-05-07 17:48:00+00:00,1.3636000156402588,1.363700032234192,1.3632999658584595,1.3636000156402588,0
2026-05-07 17:49:00+00:00,1.3636200428009033,1.3637100458145142,1.3632999658584595,1.3633999824523926,0
2026-05-07 17:50:00+00:00,1.3636000156402588,1.3636800050735474,1.3632999658584595,1.363610029220581,0
2026-05-07 17:51:00+00:00,1.3636300563812256,1.3636499643325806,1.3631000518798828,1.3635900020599365,0
2026-05-07 17:52:00+00:00,1.3634999990463257,1.3637399673461914,1.3632999658584595,1.3635900020599365,0
2026-05-07 17:53:00+00:00,1.3637100458145142,1.3637299537658691,1.3631999492645264,1.3636900186538696,0
2026-05-07 17:54:00+00:00,1.363800048828125,1.36381995677948,1.3632999658584595,1.3637299537658691,0
2026-05-07 17:55:00+00:00,1.3636499643325806,1.363800048828125,1.3631999492645264,1.3637800216674805,0
2026-05-07 17:56:00+00:00,1.363700032234192,1.3637900352478027,1.3631999492645264,1.3636499643325806,0
2026-05-07 17:57:00+00:00,1.363610029220581,1.3637399673461914,1.3631999492645264,1.3637100458145142,0
2026-05-07 17:58:00+00:00,1.3635799884796143,1.3636900186538696,1.3631999492645264,1.363610029220581,0
2026-05-07 17:59:00+00:00,1.3634999990463257,1.3636000156402588,1.3631999492645264,1.3635599613189697,0
2026-05-07 18:00:00+00:00,1.363610029220581,1.3637100458145142,1.3631000518798828,1.3635200262069702,0
2026-05-07 18:01:00+00:00,1.3636499643325806,1.3636900186538696,1.3632999658584595,1.3636499643325806,0
2026-05-07 18:02:00+00:00,1.3636599779129028,1.3637100458145142,1.3631999492645264,1.3635900020599365,0
2026-05-07 18:03:00+00:00,1.3637299537658691,1.3637499809265137,1.3632999658584595,1.3636399507522583,0
2026-05-07 18:04:00+00:00,1.3637299537658691,1.363800048828125,1.3633999824523926,1.3637200593948364,0
2026-05-07 18:05:00+00:00,1.3633999824523926,1.3637399673461914,1.3632999658584595,1.3637299537658691,0
2026-05-07 18:06:00+00:00,1.363569974899292,1.3636499643325806,1.3631000518798828,1.3632999658584595,0
2026-05-07 18:07:00+00:00,1.3634599447250366,1.3636300563812256,1.3631999492645264,1.363569974899292,0
2026-05-07 18:08:00+00:00,1.3633999824523926,1.363510012626648,1.3631000518798828,1.3631000518798828,0
2026-05-07 18:09:00+00:00,1.3635900020599365,1.363669991493225,1.3631000518798828,1.3633999824523926,0
2026-05-07 18:10:00+00:00,1.3636599779129028,1.3637299537658691,1.3632999658584595,1.3636000156402588,0
2026-05-07 18:11:00+00:00,1.3632999658584595,1.3637299537658691,1.3632999658584595,1.3636800050735474,0
2026-05-07 18:12:00+00:00,1.363610029220581,1.3637299537658691,1.3631999492645264,1.3636599779129028,0
2026-05-07 18:13:00+00:00,1.363610029220581,1.3636599779129028,1.3631999492645264,1.3636000156402588,0
2026-05-07 18:14:00+00:00,1.3635499477386475,1.3636499643325806,1.3630000352859497,1.3635900020599365,0
2026-05-07 18:15:00+00:00,1.363450050354004,1.3635599613189697,1.3630000352859497,1.3634999990463257,0
2026-05-07 18:16:00+00:00,1.3631999492645264,1.3635400533676147,1.3630000352859497,1.3634400367736816,0
2026-05-07 18:17:00+00:00,1.3634699583053589,1.3635599613189697,1.3630000352859497,1.3631000518798828,0
2026-05-07 18:18:00+00:00,1.3634899854660034,1.3635300397872925,1.3630000352859497,1.363420009613037,0
2026-05-07 18:19:00+00:00,1.3635900020599365,1.3636300563812256,1.3630000352859497,1.3634899854660034,0
2026-05-07 18:20:00+00:00,1.3636200428009033,1.3636399507522583,1.3631000518798828,1.363569974899292,0
2026-05-07 18:21:00+00:00,1.3634599447250366,1.3636399507522583,1.3630000352859497,1.3636200428009033,0
2026-05-07 18:22:00+00:00,1.3634799718856812,1.363610029220581,1.3630000352859497,1.3634699583053589,0
2026-05-07 18:23:00+00:00,1.3634300231933594,1.363510012626648,1.3631000518798828,1.3634699583053589,0
2026-05-07 18:24:00+00:00,1.3634599447250366,1.3635200262069702,1.3629000186920166,1.3634699583053589,0
2026-05-07 18:25:00+00:00,1.363510012626648,1.3635599613189697,1.3631000518798828,1.3634300231933594,0
2026-05-07 18:26:00+00:00,1.3635300397872925,1.3635499477386475,1.3630000352859497,1.3635200262069702,0
2026-05-07 18:27:00+00:00,1.3636000156402588,1.3636599779129028,1.3630000352859497,1.3635200262069702,0
2026-05-07 18:28:00+00:00,1.363610029220581,1.3636599779129028,1.3631999492645264,1.3636000156402588,0
2026-05-07 18:29:00+00:00,1.3636499643325806,1.3637100458145142,1.3632999658584595,1.3636200428009033,0
2026-05-07 18:30:00+00:00,1.363569974899292,1.363700032234192,1.3631000518798828,1.3636300563812256,0
2026-05-07 18:31:00+00:00,1.3635900020599365,1.363669991493225,1.3631000518798828,1.363569974899292,0
2026-05-07 18:32:00+00:00,1.3631999492645264,1.3637299537658691,1.3631000518798828,1.3635900020599365,0
2026-05-07 18:33:00+00:00,1.363759994506836,1.363800048828125,1.3631999492645264,1.3636800050735474,0
2026-05-07 18:34:00+00:00,1.3638299703598022,1.3638399839401245,1.3632999658584595,1.3634999990463257,0
2026-05-07 18:35:00+00:00,1.3637200593948364,1.3638399839401245,1.3633999824523926,1.3637800216674805,0
2026-05-07 18:36:00+00:00,1.3632999658584595,1.363860011100769,1.3632999658584595,1.3637200593948364,0
2026-05-07 18:37:00+00:00,1.3634999990463257,1.3639500141143799,1.3632999658584595,1.3638099431991577,0
2026-05-07 18:38:00+00:00,1.3640400171279907,1.3640999794006348,1.3634999990463257,1.3639099597930908,0
2026-05-07 18:39:00+00:00,1.3636000156402588,1.3640799522399902,1.3634999990463257,1.3640400171279907,0
2026-05-07 18:40:00+00:00,1.3636000156402588,1.3640400171279907,1.3634999990463257,1.3639400005340576,0
2026-05-07 18:41:00+00:00,1.3639700412750244,1.3640199899673462,1.3634999990463257,1.3639700412750244,0
2026-05-07 18:42:00+00:00,1.3638700246810913,1.3640199899673462,1.3634999990463257,1.3636000156402588,0
2026-05-07 18:43:00+00:00,1.363919973373413,1.364009976387024,1.3633999824523926,1.3638399839401245,0
2026-05-07 18:44:00+00:00,1.3641999959945679,1.364359974861145,1.3636000156402588,1.3639099597930908,0
2026-05-07 18:45:00+00:00,1.3641200065612793,1.3643699884414673,1.363800048828125,1.3641599416732788,0
2026-05-07 18:46:00+00:00,1.364169955253601,1.3641999959945679,1.363800048828125,1.3641599416732788,0
2026-05-07 18:47:00+00:00,1.363800048828125,1.3642300367355347,1.363800048828125,1.364109992980957,0
2026-05-07 18:48:00+00:00,1.3641599416732788,1.3642699718475342,1.363800048828125,1.3641599416732788,0
2026-05-07 18:49:00+00:00,1.363800048828125,1.364240050315857,1.363700032234192,1.3641999959945679,0
2026-05-07 18:50:00+00:00,1.3640799522399902,1.3642699718475342,1.363700032234192,1.3641400337219238,0
2026-05-07 18:51:00+00:00,1.3636000156402588,1.3641799688339233,1.3636000156402588,1.3640799522399902,0
2026-05-07 18:52:00+00:00,1.3638299703598022,1.364009976387024,1.3634999990463257,1.3639500141143799,0
2026-05-07 18:53:00+00:00,1.36381995677948,1.3638900518417358,1.3633999824523926,1.3634999990463257,0
2026-05-07 18:54:00+00:00,1.3638999462127686,1.3638999462127686,1.3633999824523926,1.3637900352478027,0
2026-05-07 18:55:00+00:00,1.3636800050735474,1.3639700412750244,1.3631999492645264,1.3638800382614136,0
2026-05-07 18:56:00+00:00,1.3636800050735474,1.3637499809265137,1.3631999492645264,1.3636499643325806,0
2026-05-07 18:57:00+00:00,1.3637499809265137,1.3637499809265137,1.3631999492645264,1.3633999824523926,0
2026-05-07 18:58:00+00:00,1.3637399673461914,1.3637800216674805,1.3632999658584595,1.3637100458145142,0
2026-05-07 18:59:00+00:00,1.3636399507522583,1.3637700080871582,1.3631999492645264,1.3637399673461914,0
2026-05-07 19:00:00+00:00,1.3635400533676147,1.3636900186538696,1.3630000352859497,1.3636300563812256,0
2026-05-07 19:01:00+00:00,1.3635799884796143,1.3636300563812256,1.3631000518798828,1.3635499477386475,0
2026-05-07 19:02:00+00:00,1.3634999990463257,1.3637900352478027,1.3631999492645264,1.3635599613189697,0
2026-05-07 19:03:00+00:00,1.3635499477386475,1.3637399673461914,1.3631999492645264,1.3636499643325806,0
2026-05-07 19:04:00+00:00,1.363669991493225,1.363700032234192,1.3631000518798828,1.3635900020599365,0
2026-05-07 19:05:00+00:00,1.3635499477386475,1.363700032234192,1.3631999492645264,1.3636399507522583,0
2026-05-07 19:06:00+00:00,1.3635499477386475,1.3636000156402588,1.3631999492645264,1.3635499477386475,0
2026-05-07 19:07:00+00:00,1.3633300065994263,1.3635900020599365,1.3630000352859497,1.3635499477386475,0
2026-05-07 19:08:00+00:00,1.36326003074646,1.3634099960327148,1.3628000020980835,1.3634099960327148,0
2026-05-07 19:09:00+00:00,1.3631399869918823,1.3632999658584595,1.3626999855041504,1.3632299900054932,0
2026-05-07 19:10:00+00:00,1.3633099794387817,1.363319993019104,1.3628000020980835,1.3630900382995605,0
2026-05-07 19:11:00+00:00,1.3629000186920166,1.3633300065994263,1.3629000186920166,1.3632700443267822,0
2026-05-07 19:12:00+00:00,1.3632700443267822,1.3633300065994263,1.3629000186920166,1.3632899522781372,0
2026-05-07 19:13:00+00:00,1.363319993019104,1.3634099960327148,1.3629000186920166,1.3632700443267822,0
2026-05-07 19:14:00+00:00,1.3633300065994263,1.3634300231933594,1.3630000352859497,1.363360047340393,0
2026-05-07 19:15:00+00:00,1.3631000518798828,1.363510012626648,1.3629000186920166,1.363319993019104,0
2026-05-07 19:16:00+00:00,1.363420009613037,1.3634999990463257,1.3629000186920166,1.3634400367736816,0
2026-05-07 19:17:00+00:00,1.363610029220581,1.3636900186538696,1.3629000186920166,1.3634599447250366,0
2026-05-07 19:18:00+00:00,1.3636499643325806,1.3637900352478027,1.3632999658584595,1.363669991493225,0
2026-05-07 19:19:00+00:00,1.3638299703598022,1.363919973373413,1.3632999658584595,1.363669991493225,0
2026-05-07 19:20:00+00:00,1.3637800216674805,1.364050030708313,1.3633999824523926,1.3638299703598022,0
2026-05-07 19:21:00+00:00,1.3636000156402588,1.3638399839401245,1.3632999658584595,1.3637900352478027,0
2026-05-07 19:22:00+00:00,1.3634999990463257,1.3638999462127686,1.3632999658584595,1.3637399673461914,0
2026-05-07 19:23:00+00:00,1.3634999990463257,1.3639400005340576,1.3633999824523926,1.3638499975204468,0
2026-05-07 19:24:00+00:00,1.3638999462127686,1.3639899492263794,1.3633999824523926,1.3638800382614136,0
2026-05-07 19:25:00+00:00,1.3639700412750244,1.3640600442886353,1.3633999824523926,1.363860011100769,0
2026-05-07 19:26:00+00:00,1.3638499975204468,1.3640199899673462,1.3633999824523926,1.3636000156402588,0
2026-05-07 19:27:00+00:00,1.3633999824523926,1.3639099597930908,1.3633999824523926,1.3638299703598022,0
2026-05-07 19:28:00+00:00,1.3639099597930908,1.3639099597930908,1.3633999824523926,1.36381995677948,0
2026-05-07 19:29:00+00:00,1.3637800216674805,1.363919973373413,1.3632999658584595,1.3638499975204468,0
2026-05-07 19:30:00+00:00,1.3632999658584595,1.363860011100769,1.3632999658584595,1.363800048828125,0
2026-05-07 19:31:00+00:00,1.3636900186538696,1.363759994506836,1.3631999492645264,1.363700032234192,0
2026-05-07 19:32:00+00:00,1.3635300397872925,1.3637399673461914,1.3631000518798828,1.3632999658584595,0
2026-05-07 19:33:00+00:00,1.363569974899292,1.3636300563812256,1.3631000518798828,1.3631000518798828,0
2026-05-07 19:34:00+00:00,1.3636499643325806,1.363700032234192,1.3631000518798828,1.363610029220581,0
2026-05-07 19:35:00+00:00,1.3635900020599365,1.3636800050735474,1.3631000518798828,1.3636499643325806,0
2026-05-07 19:36:00+00:00,1.3632999658584595,1.363759994506836,1.3631999492645264,1.3635799884796143,0
2026-05-07 19:37:00+00:00,1.3637100458145142,1.3637700080871582,1.3631999492645264,1.3632999658584595,0
2026-05-07 19:38:00+00:00,1.3637499809265137,1.3638299703598022,1.3632999658584595,1.3637100458145142,0
2026-05-07 19:39:00+00:00,1.3638099431991577,1.3638800382614136,1.3632999658584595,1.3637499809265137,0
2026-05-07 19:40:00+00:00,1.3638800382614136,1.3639299869537354,1.3633999824523926,1.3638700246810913,0
2026-05-07 19:41:00+00:00,1.3637700080871582,1.3639400005340576,1.3632999658584595,1.3638499975204468,0
2026-05-07 19:42:00+00:00,1.3632999658584595,1.3638099431991577,1.3632999658584595,1.3637800216674805,0
2026-05-07 19:43:00+00:00,1.3637100458145142,1.3637700080871582,1.3632999658584595,1.363700032234192,0
2026-05-07 19:44:00+00:00,1.363700032234192,1.3637700080871582,1.3632999658584595,1.3637100458145142,0
2026-05-07 19:45:00+00:00,1.3636900186538696,1.3637700080871582,1.3632999658584595,1.3637100458145142,0
2026-05-07 19:46:00+00:00,1.3637100458145142,1.3637299537658691,1.3631999492645264,1.3636900186538696,0
2026-05-07 19:47:00+00:00,1.3638099431991577,1.3638700246810913,1.3631999492645264,1.3636499643325806,0
2026-05-07 19:48:00+00:00,1.3639899492263794,1.364009976387024,1.3633999824523926,1.363800048828125,0
2026-05-07 19:49:00+00:00,1.3639299869537354,1.364009976387024,1.3634999990463257,1.3634999990463257,0
2026-05-07 19:50:00+00:00,1.363919973373413,1.3639999628067017,1.3633999824523926,1.363800048828125,0
2026-05-07 19:51:00+00:00,1.364150047302246,1.3641999959945679,1.3634999990463257,1.3639800548553467,0
2026-05-07 19:52:00+00:00,1.3642200231552124,1.3644499778747559,1.363800048828125,1.3641200065612793,0
2026-05-07 19:53:00+00:00,1.3642699718475342,1.3643499612808228,1.363800048828125,1.3642200231552124,0
2026-05-07 19:54:00+00:00,1.3642200231552124,1.3643399477005005,1.363800048828125,1.3642699718475342,0
2026-05-07 19:55:00+00:00,1.3638999462127686,1.3644800186157227,1.363800048828125,1.364240050315857,0
2026-05-07 19:56:00+00:00,1.364490032196045,1.3645299673080444,1.3639999628067017,1.3644700050354004,0
2026-05-07 19:57:00+00:00,1.3649499416351318,1.3649799823760986,1.3639999628067017,1.364490032196045,0
2026-05-07 19:58:00+00:00,1.365090012550354,1.365149974822998,1.3645000457763672,1.3649499416351318,0
2026-05-07 19:59:00+00:00,1.3653600215911865,1.365380048751831,1.3646999597549438,1.3651000261306763,0
2026-05-07 20:00:00+00:00,1.3654600381851196,1.3654799461364746,1.36489999294281,1.3653199672698975,0
2026-05-07 20:01:00+00:00,1.3651599884033203,1.365530014038086,1.3646999597549438,1.3654500246047974,0
2026-05-07 20:02:00+00:00,1.3648600578308105,1.3652000427246094,1.3640999794006348,1.365190029144287,0
2026-05-07 20:03:00+00:00,1.3650000095367432,1.3650699853897095,1.3645000457763672,1.3649100065231323,0
2026-05-07 20:04:00+00:00,1.3645999431610107,1.3650000095367432,1.364300012588501,1.364959955215454,0
2026-05-07 20:05:00+00:00,1.364959955215454,1.3651000261306763,1.364400029182434,1.3648600578308105,0
2026-05-07 20:06:00+00:00,1.3650799989700317,1.3651299476623535,1.3645000457763672,1.3649699687957764,0
2026-05-07 20:07:00+00:00,1.365049958229065,1.3651299476623535,1.3645999431610107,1.3651000261306763,0
2026-05-07 20:08:00+00:00,1.3652299642562866,1.365280032157898,1.3645999431610107,1.365049958229065,0
2026-05-07 20:09:00+00:00,1.3651299476623535,1.3653700351715088,1.3646999597549438,1.3652399778366089,0
2026-05-07 20:10:00+00:00,1.3651800155639648,1.3652499914169312,1.3646999597549438,1.3651599884033203,0
2026-05-07 20:11:00+00:00,1.3652299642562866,1.3652700185775757,1.364799976348877,1.3652299642562866,0
2026-05-07 20:12:00+00:00,1.3650399446487427,1.3653199672698975,1.3645999431610107,1.3652499914169312,0
2026-05-07 20:13:00+00:00,1.3650399446487427,1.3651299476623535,1.3645999431610107,1.3650399446487427,0
2026-05-07 20:14:00+00:00,1.365049958229065,1.3651599884033203,1.3645999431610107,1.365090012550354,0
2026-05-07 20:15:00+00:00,1.3651299476623535,1.365190029144287,1.3645999431610107,1.3651399612426758,0
2026-05-07 20:16:00+00:00,1.3652100563049316,1.3652499914169312,1.3646999597549438,1.3651599884033203,0
2026-05-07 20:17:00+00:00,1.3646999597549438,1.3652399778366089,1.3645999431610107,1.3651800155639648,0
2026-05-07 20:18:00+00:00,1.3651800155639648,1.3652100563049316,1.3645999431610107,1.3651100397109985,0
2026-05-07 20:19:00+00:00,1.3651100397109985,1.3652000427246094,1.3646999597549438,1.3646999597549438,0
2026-05-07 20:20:00+00:00,1.365049958229065,1.3651299476623535,1.3645999431610107,1.365049958229065,0
2026-05-07 20:21:00+00:00,1.3653299808502197,1.3653500080108643,1.364799976348877,1.3650699853897095,0
2026-05-07 20:22:00+00:00,1.3653199672698975,1.3653700351715088,1.36489999294281,1.3653099536895752,0
2026-05-07 20:23:00+00:00,1.3655400276184082,1.3655600547790527,1.36489999294281,1.3653199672698975,0
2026-05-07 20:24:00+00:00,1.3650000095367432,1.3655200004577637,1.3650000095367432,1.3654999732971191,0
2026-05-07 20:25:00+00:00,1.3654099702835083,1.3654999732971191,1.3650000095367432,1.3654099702835083,0
2026-05-07 20:26:00+00:00,1.3650000095367432,1.3654600381851196,1.3650000095367432,1.3654099702835083,0
2026-05-07 20:27:00+00:00,1.3653099536895752,1.3654799461364746,1.36489999294281,1.3654099702835083,0
2026-05-07 20:28:00+00:00,1.365339994430542,1.365380048751831,1.36489999294281,1.3653199672698975,0
2026-05-07 20:29:00+00:00,1.365399956703186,1.3654199838638306,1.36489999294281,1.3653500080108643,0
2026-05-07 20:30:00+00:00,1.365339994430542,1.3654299974441528,1.364799976348877,1.365380048751831,0
2026-05-07 20:31:00+00:00,1.3652700185775757,1.365399956703186,1.364799976348877,1.3653099536895752,0
2026-05-07 20:32:00+00:00,1.3652199506759644,1.365399956703186,1.364799976348877,1.3652299642562866,0
2026-05-07 20:33:00+00:00,1.365090012550354,1.3652199506759644,1.3646999597549438,1.3652199506759644,0
2026-05-07 20:34:00+00:00,1.3652700185775757,1.3653600215911865,1.3646999597549438,1.3650799989700317,0
2026-05-07 20:35:00+00:00,1.3650000095367432,1.3653000593185425,1.3646999597549438,1.3652499914169312,0
2026-05-07 20:36:00+00:00,1.364799976348877,1.3652600049972534,1.364799976348877,1.3652499914169312,0
2026-05-07 20:37:00+00:00,1.3655600547790527,1.365630030632019,1.3645999431610107,1.3651399612426758,0
2026-05-07 20:38:00+00:00,1.3655099868774414,1.365630030632019,1.36489999294281,1.3655600547790527,0
2026-05-07 20:39:00+00:00,1.3652000427246094,1.3658299446105957,1.3650000095367432,1.3655099868774414,0
2026-05-07 20:40:00+00:00,1.365630030632019,1.3657300472259521,1.3651000261306763,1.365630030632019,0
2026-05-07 20:41:00+00:00,1.3657100200653076,1.3658100366592407,1.3652000427246094,1.3652000427246094,0
2026-05-07 20:42:00+00:00,1.3657499551773071,1.3658299446105957,1.3653000593185425,1.3653000593185425,0
2026-05-07 20:43:00+00:00,1.3658100366592407,1.3658100366592407,1.3653000593185425,1.3657300472259521,0
2026-05-07 20:44:00+00:00,1.3658299446105957,1.3658299446105957,1.3653000593185425,1.365399956703186,0
2026-05-07 20:45:00+00:00,1.3657900094985962,1.3658499717712402,1.365399956703186,1.3657900094985962,0
2026-05-07 20:46:00+00:00,1.3657499551773071,1.3658699989318848,1.3654999732971191,1.3657699823379517,0
2026-05-07 20:47:00+00:00,1.365779995918274,1.365839958190918,1.3655999898910522,1.3657900094985962,0
2026-05-07 20:48:00+00:00,1.3658499717712402,1.3659100532531738,1.3655999898910522,1.3657499551773071,0
2026-05-07 20:49:00+00:00,1.3657399415969849,1.365939974784851,1.3655999898910522,1.3658699989318848,0
2026-05-07 20:50:00+00:00,1.3656599521636963,1.365820050239563,1.3654999732971191,1.3658000230789185,0
2026-05-07 20:51:00+00:00,1.3658499717712402,1.3659299612045288,1.3654999732971191,1.3656599521636963,0
2026-05-07 20:52:00+00:00,1.3658699989318848,1.3659199476242065,1.365399956703186,1.3658699989318848,0
2026-05-07 20:53:00+00:00,1.365820050239563,1.3659100532531738,1.3655999898910522,1.3658299446105957,0
2026-05-07 20:54:00+00:00,1.365839958190918,1.3659000396728516,1.3655999898910522,1.3657499551773071,0
2026-05-07 20:55:00+00:00,1.3658699989318848,1.3659199476242065,1.3655999898910522,1.3658100366592407,0
2026-05-07 20:56:00+00:00,1.366029977798462,1.3661199808120728,1.3657000064849854,1.365839958190918,0
2026-05-07 20:57:00+00:00,1.3662099838256836,1.3665000200271606,1.3658000230789185,1.366070032119751,0
2026-05-07 20:58:00+00:00,1.3663699626922607,1.3665000200271606,1.3660000562667847,1.3661199808120728,0
2026-05-07 20:59:00+00:00,1.3661799430847168,1.3664699792861938,1.3660999536514282,1.3663699626922607,0
2026-05-07 21:00:00+00:00,1.3663699626922607,1.3664000034332275,1.3654999732971191,1.3661999702453613,0
2026-05-07 21:01:00+00:00,1.3659000396728516,1.3664100170135498,1.3658000230789185,1.366379976272583,0
2026-05-07 21:02:00+00:00,1.3660999536514282,1.3660999536514282,1.3657000064849854,1.3659000396728516,0
2026-05-07 21:03:00+00:00,1.3657000064849854,1.3660999536514282,1.3654999732971191,1.3659299612045288,0
2026-05-07 21:04:00+00:00,1.3657000064849854,1.3657000064849854,1.3654999732971191,1.3657000064849854,0
2026-05-07 21:05:00+00:00,1.3658000230789185,1.3659299612045288,1.3656799793243408,1.3656799793243408,0
2026-05-07 21:06:00+00:00,1.3659000396728516,1.3659000396728516,1.3655999898910522,1.3657300472259521,0
2026-05-07 21:07:00+00:00,1.3658000230789185,1.3658000230789185,1.3655999898910522,1.3657000064849854,0
2026-05-07 21:08:00+00:00,1.3656799793243408,1.3659000396728516,1.3655999898910522,1.3659000396728516,0
2026-05-07 21:09:00+00:00,1.365779995918274,1.3659000396728516,1.3655799627304077,1.3658000230789185,0
2026-05-07 21:10:00+00:00,1.3657699823379517,1.3659000396728516,1.3655999898910522,1.3655999898910522,0
2026-05-07 21:11:00+00:00,1.365779995918274,1.3659000396728516,1.365779995918274,1.3659000396728516,0
2026-05-07 21:12:00+00:00,1.3658000230789185,1.3659000396728516,1.3657100200653076,1.3659000396728516,0
2026-05-07 21:13:00+00:00,1.3658000230789185,1.3659000396728516,1.3657000064849854,1.3659000396728516,0
2026-05-07 21:14:00+00:00,1.3655799627304077,1.3659000396728516,1.3655600547790527,1.3659000396728516,0
2026-05-07 21:15:00+00:00,1.3655799627304077,1.3659000396728516,1.3655799627304077,1.3659000396728516,0
2026-05-07 21:16:00+00:00,1.3656599521636963,1.3659000396728516,1.3655799627304077,1.3659000396728516,0
2026-05-07 21:17:00+00:00,1.3655799627304077,1.3659000396728516,1.3655500411987305,1.3656599521636963,0
2026-05-07 21:18:00+00:00,1.3656799793243408,1.3659000396728516,1.3655799627304077,1.3656699657440186,0
2026-05-07 21:19:00+00:00,1.3658000230789185,1.3659000396728516,1.3655799627304077,1.3659000396728516,0
2026-05-07 21:20:00+00:00,1.3655999898910522,1.3660000562667847,1.3654600381851196,1.3657100200653076,0
2026-05-07 21:21:00+00:00,1.3654799461364746,1.3659000396728516,1.365399956703186,1.3656799793243408,0
2026-05-07 21:22:00+00:00,1.3654099702835083,1.3655999898910522,1.3651000261306763,1.3655999898910522,0
2026-05-07 21:23:00+00:00,1.3654099702835083,1.3655999898910522,1.365399956703186,1.3655999898910522,0
2026-05-07 21:24:00+00:00,1.365380048751831,1.3655999898910522,1.365380048751831,1.3655999898910522,0
2026-05-07 21:25:00+00:00,1.365399956703186,1.3655999898910522,1.3653000593185425,1.3654999732971191,0
2026-05-07 21:26:00+00:00,1.3655200004577637,1.3655999898910522,1.3653500080108643,1.3653500080108643,0
2026-05-07 21:27:00+00:00,1.3655999898910522,1.3655999898910522,1.3653000593185425,1.3655200004577637,0
2026-05-07 21:28:00+00:00,1.3655999898910522,1.3655999898910522,1.3653199672698975,1.3654999732971191,0
2026-05-07 21:29:00+00:00,1.3654799461364746,1.3655999898910522,1.3653199672698975,1.3654899597167969,0
2026-05-07 21:30:00+00:00,1.365380048751831,1.3655999898910522,1.3653700351715088,1.3653700351715088,0
2026-05-07 21:31:00+00:00,1.3654799461364746,1.3655999898910522,1.3653700351715088,1.3654899597167969,0
2026-05-07 21:32:00+00:00,1.365399956703186,1.3655999898910522,1.3653000593185425,1.3654899597167969,0
2026-05-07 21:33:00+00:00,1.3654799461364746,1.3655999898910522,1.3653000593185425,1.365399956703186,0
2026-05-07 21:34:00+00:00,1.3658299446105957,1.3659000396728516,1.365399956703186,1.365470051765442,0
2026-05-07 21:35:00+00:00,1.3659199476242065,1.3660000562667847,1.3656799793243408,1.365820050239563,0
2026-05-07 21:36:00+00:00,1.3659100532531738,1.366029977798462,1.3655999898910522,1.3659199476242065,0
2026-05-07 21:37:00+00:00,1.3659100532531738,1.3660000562667847,1.3657000064849854,1.3659600019454956,0
2026-05-07 21:38:00+00:00,1.3658000230789185,1.3660000562667847,1.3655999898910522,1.3658000230789185,0
2026-05-07 21:39:00+00:00,1.3659600019454956,1.3660000562667847,1.3657000064849854,1.365839958190918,0
2026-05-07 21:40:00+00:00,1.365779995918274,1.3660000562667847,1.3657000064849854,1.3658000230789185,0
2026-05-07 21:41:00+00:00,1.3659100532531738,1.3660000562667847,1.3657000064849854,1.3657000064849854,0
2026-05-07 21:42:00+00:00,1.3658000230789185,1.3660000562667847,1.3657399415969849,1.3658000230789185,0
2026-05-07 21:43:00+00:00,1.3658000230789185,1.366170048713684,1.3657000064849854,1.3658000230789185,0
2026-05-07 21:44:00+00:00,1.3659000396728516,1.3661999702453613,1.3657900094985962,1.3659000396728516,0
2026-05-07 21:45:00+00:00,1.365839958190918,1.366129994392395,1.3657399415969849,1.3659499883651733,0
2026-05-07 21:46:00+00:00,1.3658000230789185,1.3660900592803955,1.3657000064849854,1.3660800457000732,0
2026-05-07 21:47:00+00:00,1.3658000230789185,1.3660800457000732,1.3657000064849854,1.3660800457000732,0
2026-05-07 21:48:00+00:00,1.3659600019454956,1.3660800457000732,1.3657000064849854,1.3660800457000732,0
2026-05-07 21:49:00+00:00,1.3657900094985962,1.3660600185394287,1.365779995918274,1.3659700155258179,0
2026-05-07 21:50:00+00:00,1.3659199476242065,1.3661099672317505,1.3653000593185425,1.365820050239563,0
2026-05-07 21:51:00+00:00,1.365839958190918,1.3660999536514282,1.3655999898910522,1.3659900426864624,0
2026-05-07 21:52:00+00:00,1.365779995918274,1.3660000562667847,1.3655999898910522,1.3658499717712402,0
2026-05-07 21:53:00+00:00,1.3658000230789185,1.3660800457000732,1.3655999898910522,1.3659700155258179,0
2026-05-07 21:54:00+00:00,1.3658000230789185,1.3661199808120728,1.3655999898910522,1.3659100532531738,0
2026-05-07 21:55:00+00:00,1.3659600019454956,1.3661999702453613,1.3654999732971191,1.366070032119751,0
2026-05-07 21:56:00+00:00,1.365839958190918,1.3661199808120728,1.3654999732971191,1.3657399415969849,0
2026-05-07 21:57:00+00:00,1.3658000230789185,1.365880012512207,1.3655999898910522,1.3658699989318848,0
2026-05-07 21:58:00+00:00,1.3655999898910522,1.3659000396728516,1.3654999732971191,1.3657499551773071,0
2026-05-07 21:59:00+00:00,1.3655799627304077,1.3659000396728516,1.3654099702835083,1.365779995918274,0
2026-05-07 22:00:00+00:00,1.3662999868392944,1.3663899898529053,1.3654999732971191,1.3658499717712402,0
2026-05-07 22:01:00+00:00,1.366170048713684,1.3663899898529053,1.3657000064849854,1.3662899732589722,0
2026-05-07 22:02:00+00:00,1.3660800457000732,1.3662099838256836,1.3658000230789185,1.366170048713684,0
2026-05-07 22:03:00+00:00,1.3660000562667847,1.3662099838256836,1.3657000064849854,1.366189956665039,0
2026-05-07 22:04:00+00:00,1.3660600185394287,1.3661999702453613,1.3658000230789185,1.366189956665039,0
2026-05-07 22:05:00+00:00,1.3662099838256836,1.3663400411605835,1.3657000064849854,1.3660600185394287,0
2026-05-07 22:06:00+00:00,1.3658000230789185,1.3664000034332275,1.3658000230789185,1.3662099838256836,0
2026-05-07 22:07:00+00:00,1.366070032119751,1.3662500381469727,1.3658000230789185,1.3660999536514282,0
2026-05-07 22:08:00+00:00,1.366070032119751,1.3661999702453613,1.3658000230789185,1.366070032119751,0
2026-05-07 22:09:00+00:00,1.3661500215530396,1.3662999868392944,1.3660000562667847,1.366189956665039,0
2026-05-07 22:10:00+00:00,1.3661999702453613,1.366320013999939,1.3658000230789185,1.3662699460983276,0
2026-05-07 22:11:00+00:00,1.366170048713684,1.3661999702453613,1.3657000064849854,1.3661600351333618,0
2026-05-07 22:12:00+00:00,1.366029977798462,1.3661999702453613,1.3657000064849854,1.366189956665039,0
2026-05-07 22:13:00+00:00,1.3661799430847168,1.3661999702453613,1.3657000064849854,1.3661099672317505,0
2026-05-07 22:14:00+00:00,1.3661799430847168,1.3661999702453613,1.3658000230789185,1.3661400079727173,0
2026-05-07 22:15:00+00:00,1.366189956665039,1.3662300109863281,1.3658000230789185,1.3661400079727173,0
2026-05-07 22:16:00+00:00,1.366170048713684,1.3662999868392944,1.3657000064849854,1.36627995967865,0
2026-05-07 22:17:00+00:00,1.366170048713684,1.3662400245666504,1.3658000230789185,1.3662099838256836,0
2026-05-07 22:18:00+00:00,1.3661999702453613,1.3662300109863281,1.3658000230789185,1.3661999702453613,0
2026-05-07 22:19:00+00:00,1.3658000230789185,1.3662300109863281,1.3657000064849854,1.3661999702453613,0
2026-05-07 22:20:00+00:00,1.3661099672317505,1.3661999702453613,1.3655999898910522,1.3661400079727173,0
2026-05-07 22:21:00+00:00,1.3660000562667847,1.366129994392395,1.3654999732971191,1.366129994392395,0
2026-05-07 22:22:00+00:00,1.366029977798462,1.366029977798462,1.3655999898910522,1.3660000562667847,0
2026-05-07 22:23:00+00:00,1.3658000230789185,1.3660999536514282,1.3655999898910522,1.3660199642181396,0
2026-05-07 22:24:00+00:00,1.3659700155258179,1.3660099506378174,1.3655999898910522,1.3659800291061401,0
2026-05-07 22:25:00+00:00,1.3655999898910522,1.3660999536514282,1.3655999898910522,1.3659499883651733,0
2026-05-07 22:26:00+00:00,1.3660900592803955,1.3660999536514282,1.3655999898910522,1.3660999536514282,0
2026-05-07 22:27:00+00:00,1.366070032119751,1.3660999536514282,1.3657000064849854,1.3660800457000732,0
2026-05-07 22:28:00+00:00,1.3655999898910522,1.3661999702453613,1.3655999898910522,1.3660800457000732,0
2026-05-07 22:29:00+00:00,1.3660500049591064,1.3660600185394287,1.3655999898910522,1.3660000562667847,0
2026-05-07 22:30:00+00:00,1.3660800457000732,1.366129994392395,1.3655999898910522,1.3660399913787842,0
2026-05-07 22:31:00+00:00,1.366070032119751,1.3660999536514282,1.3657000064849854,1.3660800457000732,0
2026-05-07 22:32:00+00:00,1.3660500049591064,1.3661500215530396,1.3657000064849854,1.3660800457000732,0
2026-05-07 22:33:00+00:00,1.3660399913787842,1.3660999536514282,1.3655999898910522,1.3660500049591064,0
2026-05-07 22:34:00+00:00,1.3661799430847168,1.3662400245666504,1.3655999898910522,1.366029977798462,0
2026-05-07 22:35:00+00:00,1.366189956665039,1.3662300109863281,1.3658000230789185,1.366170048713684,0
2026-05-07 22:36:00+00:00,1.366189956665039,1.3662199974060059,1.3658000230789185,1.366170048713684,0
2026-05-07 22:37:00+00:00,1.3662099838256836,1.3662400245666504,1.3658000230789185,1.3661999702453613,0
2026-05-07 22:38:00+00:00,1.366189956665039,1.3662300109863281,1.3658000230789185,1.3662099838256836,0
2026-05-07 22:39:00+00:00,1.3662300109863281,1.3662999868392944,1.3658000230789185,1.366189956665039,0
2026-05-07 22:40:00+00:00,1.3662400245666504,1.3662999868392944,1.3658000230789185,1.3660000562667847,0
2026-05-07 22:41:00+00:00,1.3662899732589722,1.3662999868392944,1.3659000396728516,1.366260051727295,0
2026-05-07 22:42:00+00:00,1.3662699460983276,1.3662999868392944,1.3659000396728516,1.3662999868392944,0
2026-05-07 22:43:00+00:00,1.366260051727295,1.3662999868392944,1.3659000396728516,1.36627995967865,0
2026-05-07 22:44:00+00:00,1.3662699460983276,1.3662999868392944,1.3659000396728516,1.3662999868392944,0
2026-05-07 22:45:00+00:00,1.366260051727295,1.3662999868392944,1.3659000396728516,1.3662999868392944,0
2026-05-07 22:46:00+00:00,1.3662500381469727,1.3662999868392944,1.3659000396728516,1.3662999868392944,0
2026-05-07 22:47:00+00:00,1.366260051727295,1.3662999868392944,1.3659000396728516,1.3662500381469727,0
2026-05-07 22:48:00+00:00,1.3660999536514282,1.3663100004196167,1.3659000396728516,1.366260051727295,0
2026-05-07 22:49:00+00:00,1.366379976272583,1.366379976272583,1.3658000230789185,1.3662999868392944,0
2026-05-07 22:50:00+00:00,1.3662899732589722,1.3664000034332275,1.3659000396728516,1.3663699626922607,0
2026-05-07 22:51:00+00:00,1.3662699460983276,1.3662999868392944,1.3658000230789185,1.3662899732589722,0
2026-05-07 22:52:00+00:00,1.3662899732589722,1.3662999868392944,1.3659000396728516,1.3662999868392944,0
2026-05-07 22:53:00+00:00,1.366260051727295,1.3662999868392944,1.3660999536514282,1.3662699460983276,0
2026-05-07 22:54:00+00:00,1.3662699460983276,1.3662999868392944,1.3658000230789185,1.366260051727295,0
2026-05-07 22:55:00+00:00,1.3660999536514282,1.3662999868392944,1.3660999536514282,1.3662699460983276,0
2026-05-07 22:56:00+00:00,1.366260051727295,1.3662999868392944,1.3658000230789185,1.3662699460983276,0
2026-05-07 22:57:00+00:00,1.3658000230789185,1.3662999868392944,1.3658000230789185,1.3662400245666504,0
2026-05-07 22:58:00+00:00,1.3662500381469727,1.3663100004196167,1.3658000230789185,1.3662500381469727,0
2026-05-07 23:00:00+00:00,1.3662699460983276,1.3664100170135498,1.3659000396728516,1.366260051727295,0
2026-05-07 23:01:00+00:00,1.3663699626922607,1.366420030593872,1.3658000230789185,1.36627995967865,0
2026-05-07 23:02:00+00:00,1.3663500547409058,1.3664100170135498,1.3659000396728516,1.3663599491119385,0
2026-05-07 23:03:00+00:00,1.3659000396728516,1.3664000034332275,1.3659000396728516,1.3663599491119385,0
2026-05-07 23:04:00+00:00,1.3662699460983276,1.3662999868392944,1.3659000396728516,1.3662699460983276,0
2026-05-07 23:05:00+00:00,1.36627995967865,1.3662999868392944,1.3659000396728516,1.366260051727295,0
2026-05-07 23:06:00+00:00,1.3662899732589722,1.3663300275802612,1.3659000396728516,1.36627995967865,0
2026-05-07 23:07:00+00:00,1.36627995967865,1.3663100004196167,1.3659000396728516,1.366260051727295,0
2026-05-07 23:08:00+00:00,1.3660999536514282,1.3662999868392944,1.3659000396728516,1.3662899732589722,0
2026-05-07 23:09:00+00:00,1.366260051727295,1.3662999868392944,1.3659000396728516,1.3662699460983276,0
2026-05-07 23:10:00+00:00,1.3662699460983276,1.3662999868392944,1.3660999536514282,1.3662699460983276,0
2026-05-07 23:11:00+00:00,1.3658000230789185,1.3662999868392944,1.3658000230789185,1.366260051727295,0
2026-05-07 23:12:00+00:00,1.366170048713684,1.3662099838256836,1.3658000230789185,1.366170048713684,0
2026-05-07 23:13:00+00:00,1.3662099838256836,1.3662999868392944,1.3658000230789185,1.366189956665039,0
2026-05-07 23:14:00+00:00,1.3661600351333618,1.3662999868392944,1.3658000230789185,1.3662199974060059,0
2026-05-07 23:15:00+00:00,1.3660900592803955,1.3662099838256836,1.3657000064849854,1.3661600351333618,0
2026-05-07 23:16:00+00:00,1.366129994392395,1.3661999702453613,1.3657000064849854,1.3661199808120728,0
2026-05-07 23:17:00+00:00,1.3660000562667847,1.3661999702453613,1.3657000064849854,1.3660800457000732,0
2026-05-07 23:18:00+00:00,1.3660000562667847,1.3661999702453613,1.3658000230789185,1.366170048713684,0
2026-05-07 23:19:00+00:00,1.3660800457000732,1.3661999702453613,1.3657000064849854,1.3661799430847168,0
2026-05-07 23:20:00+00:00,1.3660900592803955,1.3661199808120728,1.3657000064849854,1.3660800457000732,0
2026-05-07 23:21:00+00:00,1.366189956665039,1.3662099838256836,1.3657000064849854,1.3661099672317505,0
2026-05-07 23:22:00+00:00,1.366189956665039,1.3662199974060059,1.3657000064849854,1.3660000562667847,0
2026-05-07 23:23:00+00:00,1.366189956665039,1.3662300109863281,1.3658000230789185,1.366189956665039,0
2026-05-07 23:24:00+00:00,1.3661799430847168,1.3662199974060059,1.3658000230789185,1.3661799430847168,0
2026-05-07 23:25:00+00:00,1.3661799430847168,1.3662199974060059,1.3658000230789185,1.3661799430847168,0
2026-05-07 23:26:00+00:00,1.366189956665039,1.3661999702453613,1.3660000562667847,1.366170048713684,0
2026-05-07 23:27:00+00:00,1.366170048713684,1.3662099838256836,1.3658000230789185,1.3662099838256836,0
2026-05-07 23:28:00+00:00,1.366170048713684,1.3662099838256836,1.3658000230789185,1.3661799430847168,0
2026-05-07 23:29:00+00:00,1.3662099838256836,1.3662099838256836,1.3657000064849854,1.366189956665039,0
2026-05-07 23:30:00+00:00,1.3661999702453613,1.3662300109863281,1.3657000064849854,1.366170048713684,0
2026-05-07 23:31:00+00:00,1.3662199974060059,1.3662300109863281,1.3658000230789185,1.3662099838256836,0
2026-05-07 23:32:00+00:00,1.366189956665039,1.3662400245666504,1.3658000230789185,1.3662099838256836,0
2026-05-07 23:33:00+00:00,1.3658000230789185,1.3662300109863281,1.3658000230789185,1.366189956665039,0
2026-05-07 23:34:00+00:00,1.3658000230789185,1.3662300109863281,1.3658000230789185,1.3661799430847168,0
2026-05-07 23:35:00+00:00,1.3662199974060059,1.36627995967865,1.3658000230789185,1.3662199974060059,0
2026-05-07 23:36:00+00:00,1.366189956665039,1.3662199974060059,1.3658000230789185,1.366189956665039,0
2026-05-07 23:37:00+00:00,1.3662099838256836,1.3662199974060059,1.3658000230789185,1.3661999702453613,0
2026-05-07 23:38:00+00:00,1.366189956665039,1.3662300109863281,1.3658000230789185,1.366189956665039,0
2026-05-07 23:39:00+00:00,1.366189956665039,1.3662199974060059,1.3658000230789185,1.3658000230789185,0
2026-05-07 23:40:00+00:00,1.366189956665039,1.3662199974060059,1.3658000230789185,1.3658000230789185,0
2026-05-07 23:41:00+00:00,1.3661999702453613,1.3662199974060059,1.3660000562667847,1.366189956665039,0
2026-05-07 23:42:00+00:00,1.3661999702453613,1.3662099838256836,1.3660000562667847,1.3662099838256836,0
2026-05-07 23:43:00+00:00,1.3660999536514282,1.3662099838256836,1.3657000064849854,1.366170048713684,0
2026-05-07 23:44:00+00:00,1.3660800457000732,1.366129994392395,1.3657000064849854,1.3660999536514282,0
2026-05-07 23:45:00+00:00,1.3661199808120728,1.3661600351333618,1.3657000064849854,1.3660800457000732,0
2026-05-07 23:46:00+00:00,1.3660500049591064,1.3661199808120728,1.3655999898910522,1.3660900592803955,0
2026-05-07 23:47:00+00:00,1.3657000064849854,1.3661500215530396,1.3657000064849854,1.3660800457000732,0
2026-05-07 23:48:00+00:00,1.3660800457000732,1.3661099672317505,1.3655999898910522,1.3660800457000732,0
2026-05-07 23:49:00+00:00,1.3660099506378174,1.3660999536514282,1.3655999898910522,1.3655999898910522,0
2026-05-07 23:50:00+00:00,1.3659299612045288,1.3660399913787842,1.3654999732971191,1.3660000562667847,0
2026-05-07 23:51:00+00:00,1.3657000064849854,1.365939974784851,1.3654999732971191,1.3658900260925293,0
2026-05-07 23:52:00+00:00,1.365939974784851,1.365939974784851,1.3657000064849854,1.365939974784851,0
2026-05-07 23:53:00+00:00,1.3659000396728516,1.3660000562667847,1.3654999732971191,1.3658900260925293,0
2026-05-07 23:54:00+00:00,1.3659000396728516,1.3659499883651733,1.3654999732971191,1.3659100532531738,0
2026-05-07 23:55:00+00:00,1.366070032119751,1.366070032119751,1.3654999732971191,1.3659000396728516,0
2026-05-07 23:56:00+00:00,1.3661400079727173,1.3662199974060059,1.3655999898910522,1.3660600185394287,0
2026-05-07 23:57:00+00:00,1.366070032119751,1.3661999702453613,1.3655999898910522,1.3659000396728516,0
2026-05-07 23:58:00+00:00,1.3661400079727173,1.3661400079727173,1.3657000064849854,1.3660999536514282,0
2026-05-07 23:59:00+00:00,1.3660600185394287,1.3661400079727173,1.3655999898910522,1.3661199808120728,0
2026-05-08 00:00:00+00:00,1.3659800291061401,1.3660800457000732,1.3654999732971191,1.3660399913787842,0
2026-05-08 00:01:00+00:00,1.3659600019454956,1.366029977798462,1.3654999732971191,1.3659700155258179,0
2026-05-08 00:02:00+00:00,1.3659900426864624,1.3661400079727173,1.3654999732971191,1.3659600019454956,0
2026-05-08 00:03:00+00:00,1.3660500049591064,1.3660800457000732,1.3657000064849854,1.3659900426864624,0
2026-05-08 00:04:00+00:00,1.3660500049591064,1.3660999536514282,1.3657000064849854,1.3660500049591064,0
2026-05-08 00:05:00+00:00,1.3659900426864624,1.3660999536514282,1.3657000064849854,1.3660500049591064,0
2026-05-08 00:06:00+00:00,1.365820050239563,1.3660199642181396,1.365399956703186,1.3660199642181396,0
2026-05-08 00:07:00+00:00,1.3653000593185425,1.3659000396728516,1.3653000593185425,1.365820050239563,0
2026-05-08 00:08:00+00:00,1.3653000593185425,1.3657399415969849,1.3653000593185425,1.3657000064849854,0
2026-05-08 00:09:00+00:00,1.3656799793243408,1.3657499551773071,1.3653000593185425,1.3656699657440186,0
2026-05-08 00:10:00+00:00,1.365689992904663,1.3657499551773071,1.3652000427246094,1.3656799793243408,0
2026-05-08 00:11:00+00:00,1.3653000593185425,1.3657499551773071,1.3653000593185425,1.3656799793243408,0
2026-05-08 00:12:00+00:00,1.3656799793243408,1.3657300472259521,1.3653000593185425,1.365630030632019,0
2026-05-08 00:13:00+00:00,1.3657300472259521,1.3658000230789185,1.365399956703186,1.3656799793243408,0
2026-05-08 00:14:00+00:00,1.3657699823379517,1.365820050239563,1.365399956703186,1.365399956703186,0
2026-05-08 00:15:00+00:00,1.365880012512207,1.3659499883651733,1.3654999732971191,1.3657499551773071,0
2026-05-08 00:16:00+00:00,1.365839958190918,1.3659499883651733,1.3654999732971191,1.3655999898910522,0
2026-05-08 00:17:00+00:00,1.3660500049591064,1.3662500381469727,1.3654999732971191,1.3658599853515625,0
2026-05-08 00:18:00+00:00,1.3662199974060059,1.3662999868392944,1.3657000064849854,1.366070032119751,0
2026-05-08 00:19:00+00:00,1.3662199974060059,1.3662699460983276,1.3658000230789185,1.366189956665039,0
2026-05-08 00:20:00+00:00,1.366170048713684,1.3662699460983276,1.3659000396728516,1.3660000562667847,0
2026-05-08 00:21:00+00:00,1.3661799430847168,1.3662999868392944,1.3659000396728516,1.366189956665039,0
2026-05-08 00:22:00+00:00,1.366029977798462,1.3662199974060059,1.3657000064849854,1.366170048713684,0
2026-05-08 00:23:00+00:00,1.3659800291061401,1.3660500049591064,1.3655999898910522,1.366029977798462,0
2026-05-08 00:24:00+00:00,1.3659800291061401,1.3660399913787842,1.3655999898910522,1.3659800291061401,0
2026-05-08 00:25:00+00:00,1.3659499883651733,1.366029977798462,1.3655999898910522,1.3659800291061401,0
2026-05-08 00:26:00+00:00,1.3659299612045288,1.3660000562667847,1.3654999732971191,1.3659199476242065,0
2026-05-08 00:27:00+00:00,1.3659299612045288,1.3660000562667847,1.3655999898910522,1.3659700155258179,0
2026-05-08 00:28:00+00:00,1.3660000562667847,1.366029977798462,1.3655999898910522,1.3659000396728516,0
2026-05-08 00:29:00+00:00,1.3657000064849854,1.366029977798462,1.3655999898910522,1.3659900426864624,0
2026-05-08 00:30:00+00:00,1.3659199476242065,1.3660500049591064,1.3655999898910522,1.3659800291061401,0
2026-05-08 00:31:00+00:00,1.3658900260925293,1.3660099506378174,1.3655999898910522,1.3659199476242065,0
2026-05-08 00:32:00+00:00,1.365839958190918,1.3659499883651733,1.3654999732971191,1.3659100532531738,0
2026-05-08 00:33:00+00:00,1.3658000230789185,1.365880012512207,1.3654999732971191,1.365839958190918,0
2026-05-08 00:34:00+00:00,1.3657499551773071,1.365839958190918,1.3654999732971191,1.3658000230789185,0
2026-05-08 00:35:00+00:00,1.3658100366592407,1.3658100366592407,1.365399956703186,1.3657599687576294,0
2026-05-08 00:36:00+00:00,1.3658499717712402,1.3659100532531738,1.3654999732971191,1.3658000230789185,0
2026-05-08 00:37:00+00:00,1.365880012512207,1.3659100532531738,1.3654999732971191,1.3658499717712402,0
2026-05-08 00:38:00+00:00,1.365820050239563,1.3659000396728516,1.3654999732971191,1.3658599853515625,0
2026-05-08 00:39:00+00:00,1.365839958190918,1.3659000396728516,1.3654999732971191,1.365839958190918,0
2026-05-08 00:40:00+00:00,1.3654999732971191,1.3659000396728516,1.3654999732971191,1.3658699989318848,0
2026-05-08 00:41:00+00:00,1.365820050239563,1.3658499717712402,1.3654999732971191,1.3658100366592407,0
2026-05-08 00:42:00+00:00,1.3659100532531738,1.3659199476242065,1.3654999732971191,1.365820050239563,0
2026-05-08 00:43:00+00:00,1.3658599853515625,1.3659299612045288,1.3654999732971191,1.3659299612045288,0
2026-05-08 00:44:00+00:00,1.3654999732971191,1.3658599853515625,1.3654999732971191,1.3658499717712402,0
2026-05-08 00:45:00+00:00,1.3658900260925293,1.365939974784851,1.3654999732971191,1.3658100366592407,0
2026-05-08 00:46:00+00:00,1.365939974784851,1.3659600019454956,1.3655999898910522,1.3658900260925293,0
2026-05-08 00:47:00+00:00,1.365880012512207,1.365939974784851,1.3655999898910522,1.3659100532531738,0
2026-05-08 00:48:00+00:00,1.365839958190918,1.3659100532531738,1.365399956703186,1.365880012512207,0
2026-05-08 00:49:00+00:00,1.365839958190918,1.3659100532531738,1.3654999732971191,1.3658499717712402,0
2026-05-08 00:50:00+00:00,1.3658900260925293,1.3659299612045288,1.3654999732971191,1.365839958190918,0
2026-05-08 00:51:00+00:00,1.3658900260925293,1.3659199476242065,1.3654999732971191,1.3658599853515625,0
2026-05-08 00:52:00+00:00,1.3658000230789185,1.3659199476242065,1.3654999732971191,1.3659000396728516,0
2026-05-08 00:53:00+00:00,1.3658000230789185,1.3658599853515625,1.3654999732971191,1.3658000230789185,0
2026-05-08 00:54:00+00:00,1.3659000396728516,1.3659000396728516,1.3654999732971191,1.3658000230789185,0
2026-05-08 00:55:00+00:00,1.3659000396728516,1.3660000562667847,1.3654999732971191,1.3658299446105957,0
2026-05-08 00:56:00+00:00,1.3658900260925293,1.3660000562667847,1.3655999898910522,1.3659000396728516,0
2026-05-08 00:57:00+00:00,1.365880012512207,1.3659199476242065,1.365399956703186,1.3659000396728516,0
2026-05-08 00:58:00+00:00,1.3658699989318848,1.3659100532531738,1.3654999732971191,1.365880012512207,0
2026-05-08 00:59:00+00:00,1.3659299612045288,1.365939974784851,1.3654999732971191,1.365880012512207,0
2026-05-08 01:00:00+00:00,1.3658599853515625,1.3659600019454956,1.365399956703186,1.3659600019454956,0
2026-05-08 01:01:00+00:00,1.3659000396728516,1.3659499883651733,1.365399956703186,1.365880012512207,0
2026-05-08 01:02:00+00:00,1.3657699823379517,1.3659499883651733,1.3654999732971191,1.3659000396728516,0
2026-05-08 01:03:00+00:00,1.3658000230789185,1.365839958190918,1.365399956703186,1.3657699823379517,0
2026-05-08 01:04:00+00:00,1.3658499717712402,1.3659000396728516,1.3654999732971191,1.3658100366592407,0
2026-05-08 01:05:00+00:00,1.3658599853515625,1.3659199476242065,1.3654999732971191,1.3658599853515625,0
2026-05-08 01:06:00+00:00,1.3657399415969849,1.3659199476242065,1.3653000593185425,1.365880012512207,0
2026-05-08 01:07:00+00:00,1.3657100200653076,1.3657499551773071,1.365399956703186,1.3657000064849854,0
2026-05-08 01:08:00+00:00,1.3656200170516968,1.3657499551773071,1.3652000427246094,1.3657499551773071,0
2026-05-08 01:09:00+00:00,1.3657000064849854,1.3657300472259521,1.3653000593185425,1.3656100034713745,0
2026-05-08 01:10:00+00:00,1.3656799793243408,1.3658000230789185,1.3652000427246094,1.3657100200653076,0
2026-05-08 01:11:00+00:00,1.3656799793243408,1.3657399415969849,1.3652000427246094,1.3656799793243408,0
2026-05-08 01:12:00+00:00,1.3657399415969849,1.3657699823379517,1.3652000427246094,1.3656599521636963,0
2026-05-08 01:13:00+00:00,1.365399956703186,1.3658000230789185,1.365399956703186,1.3655999898910522,0
2026-05-08 01:14:00+00:00,1.3655799627304077,1.3657399415969849,1.3653000593185425,1.3656599521636963,0
2026-05-08 01:15:00+00:00,1.3653000593185425,1.3657200336456299,1.3652000427246094,1.36558997631073,0
2026-05-08 01:16:00+00:00,1.365820050239563,1.365839958190918,1.3653000593185425,1.3656200170516968,0
2026-05-08 01:17:00+00:00,1.3658000230789185,1.3658499717712402,1.365399956703186,1.3657699823379517,0
2026-05-08 01:18:00+00:00,1.3657200336456299,1.3658499717712402,1.365399956703186,1.3654999732971191,0
2026-05-08 01:19:00+00:00,1.3657200336456299,1.3657599687576294,1.365399956703186,1.365399956703186,0
2026-05-08 01:20:00+00:00,1.3656400442123413,1.3657699823379517,1.3652000427246094,1.3657300472259521,0
2026-05-08 01:21:00+00:00,1.3656599521636963,1.3657300472259521,1.3653000593185425,1.365630030632019,0
2026-05-08 01:22:00+00:00,1.3656200170516968,1.3657100200653076,1.3653000593185425,1.3656599521636963,0
2026-05-08 01:23:00+00:00,1.365630030632019,1.3657100200653076,1.3653000593185425,1.3656100034713745,0
2026-05-08 01:24:00+00:00,1.3657499551773071,1.3658599853515625,1.3653000593185425,1.3656500577926636,0
2026-05-08 01:25:00+00:00,1.3657499551773071,1.3658000230789185,1.365399956703186,1.3657399415969849,0
2026-05-08 01:26:00+00:00,1.365399956703186,1.3658000230789185,1.365399956703186,1.3657599687576294,0
2026-05-08 01:27:00+00:00,1.3656599521636963,1.3657399415969849,1.3653000593185425,1.365689992904663,0
2026-05-08 01:28:00+00:00,1.3657300472259521,1.3658000230789185,1.3652000427246094,1.3656599521636963,0
2026-05-08 01:29:00+00:00,1.365820050239563,1.365820050239563,1.365399956703186,1.3657300472259521,0
2026-05-08 01:30:00+00:00,1.3657399415969849,1.365839958190918,1.365399956703186,1.3657900094985962,0
2026-05-08 01:31:00+00:00,1.3656799793243408,1.3658000230789185,1.3652000427246094,1.3657499551773071,0
2026-05-08 01:32:00+00:00,1.3656799793243408,1.3657499551773071,1.3652000427246094,1.3656799793243408,0
2026-05-08 01:33:00+00:00,1.3657300472259521,1.3657699823379517,1.3652000427246094,1.3657000064849854,0
2026-05-08 01:34:00+00:00,1.3657100200653076,1.3657399415969849,1.365399956703186,1.3657000064849854,0
2026-05-08 01:35:00+00:00,1.3654999732971191,1.365820050239563,1.365399956703186,1.3657000064849854,0
2026-05-08 01:36:00+00:00,1.3657499551773071,1.3658299446105957,1.365399956703186,1.3657100200653076,0
2026-05-08 01:37:00+00:00,1.365839958190918,1.3659000396728516,1.365399956703186,1.3657599687576294,0
2026-05-08 01:38:00+00:00,1.3654999732971191,1.365839958190918,1.365399956703186,1.3658000230789185,0
2026-05-08 01:39:00+00:00,1.365779995918274,1.3658299446105957,1.365399956703186,1.3658000230789185,0
2026-05-08 01:40:00+00:00,1.3657200336456299,1.3658299446105957,1.365399956703186,1.3657900094985962,0
2026-05-08 01:41:00+00:00,1.365779995918274,1.3658299446105957,1.365399956703186,1.3657399415969849,0
2026-05-08 01:42:00+00:00,1.3654999732971191,1.3659000396728516,1.3654999732971191,1.3658299446105957,0
2026-05-08 01:43:00+00:00,1.3658100366592407,1.3658499717712402,1.3653000593185425,1.3658000230789185,0
2026-05-08 01:44:00+00:00,1.3654999732971191,1.3658299446105957,1.3654999732971191,1.3657699823379517,0
2026-05-08 01:45:00+00:00,1.3658000230789185,1.3658499717712402,1.365399956703186,1.3657599687576294,0
2026-05-08 01:46:00+00:00,1.3656500577926636,1.365839958190918,1.3653000593185425,1.3658000230789185,0
2026-05-08 01:47:00+00:00,1.3656699657440186,1.3657399415969849,1.3652000427246094,1.3656799793243408,0
2026-05-08 01:48:00+00:00,1.365399956703186,1.3657599687576294,1.3652000427246094,1.3656699657440186,0
2026-05-08 01:49:00+00:00,1.365689992904663,1.3657399415969849,1.365399956703186,1.3657399415969849,0
2026-05-08 01:50:00+00:00,1.3656599521636963,1.3657100200653076,1.3653000593185425,1.3656699657440186,0
2026-05-08 01:51:00+00:00,1.3656599521636963,1.3657000064849854,1.3653000593185425,1.3656699657440186,0
2026-05-08 01:52:00+00:00,1.3657699823379517,1.3658000230789185,1.365399956703186,1.3656599521636963,0
2026-05-08 01:53:00+00:00,1.3657100200653076,1.3657699823379517,1.3653000593185425,1.3657399415969849,0
2026-05-08 01:54:00+00:00,1.3658000230789185,1.365820050239563,1.365399956703186,1.3657200336456299,0
2026-05-08 01:55:00+00:00,1.3657100200653076,1.365820050239563,1.365399956703186,1.3657599687576294,0
2026-05-08 01:56:00+00:00,1.3657100200653076,1.365820050239563,1.365399956703186,1.3657000064849854,0
2026-05-08 01:57:00+00:00,1.3654999732971191,1.3657699823379517,1.365399956703186,1.3657200336456299,0
2026-05-08 01:58:00+00:00,1.3657100200653076,1.3658000230789185,1.3652000427246094,1.3657100200653076,0
2026-05-08 01:59:00+00:00,1.3657100200653076,1.3657499551773071,1.365399956703186,1.3657000064849854,0
2026-05-08 02:00:00+00:00,1.3658100366592407,1.365839958190918,1.3653000593185425,1.3657100200653076,0
2026-05-08 02:01:00+00:00,1.3658900260925293,1.365939974784851,1.3654999732971191,1.3658000230789185,0
2026-05-08 02:02:00+00:00,1.365839958190918,1.3659299612045288,1.3654999732971191,1.3658900260925293,0
2026-05-08 02:03:00+00:00,1.3654999732971191,1.3659000396728516,1.365399956703186,1.365839958190918,0
2026-05-08 02:04:00+00:00,1.3657300472259521,1.365820050239563,1.3653000593185425,1.3657699823379517,0
2026-05-08 02:05:00+00:00,1.3655999898910522,1.3658299446105957,1.365399956703186,1.3657300472259521,0
2026-05-08 02:06:00+00:00,1.3654999732971191,1.365820050239563,1.365399956703186,1.3657900094985962,0
2026-05-08 02:07:00+00:00,1.3658000230789185,1.365839958190918,1.3654999732971191,1.3657900094985962,0
2026-05-08 02:08:00+00:00,1.3657900094985962,1.365839958190918,1.365399956703186,1.3657900094985962,0
2026-05-08 02:09:00+00:00,1.3657399415969849,1.365820050239563,1.365399956703186,1.3657900094985962,0
2026-05-08 02:10:00+00:00,1.3657000064849854,1.3658000230789185,1.365399956703186,1.365399956703186,0
2026-05-08 02:11:00+00:00,1.3657900094985962,1.3658100366592407,1.365399956703186,1.3657100200653076,0
2026-05-08 02:12:00+00:00,1.3658000230789185,1.365820050239563,1.365399956703186,1.3657399415969849,0
2026-05-08 02:13:00+00:00,1.3657900094985962,1.365839958190918,1.365399956703186,1.3657900094985962,0
2026-05-08 02:14:00+00:00,1.3658100366592407,1.365839958190918,1.3654999732971191,1.365820050239563,0
2026-05-08 02:15:00+00:00,1.3658100366592407,1.3658499717712402,1.365399956703186,1.3658000230789185,0
2026-05-08 02:16:00+00:00,1.3659000396728516,1.3659499883651733,1.3654999732971191,1.3658000230789185,0
2026-05-08 02:17:00+00:00,1.3659299612045288,1.3659700155258179,1.3655999898910522,1.3658900260925293,0
2026-05-08 02:18:00+00:00,1.3658900260925293,1.3659499883651733,1.365399956703186,1.3658900260925293,0
2026-05-08 02:19:00+00:00,1.365839958190918,1.3659100532531738,1.365399956703186,1.3655999898910522,0
2026-05-08 02:20:00+00:00,1.3657000064849854,1.365839958190918,1.365399956703186,1.3658000230789185,0
2026-05-08 02:21:00+00:00,1.3657100200653076,1.3658000230789185,1.3653000593185425,1.3657000064849854,0
2026-05-08 02:22:00+00:00,1.3657900094985962,1.365820050239563,1.365399956703186,1.3657499551773071,0
2026-05-08 02:23:00+00:00,1.3658599853515625,1.3659100532531738,1.365399956703186,1.3657900094985962,0
2026-05-08 02:24:00+00:00,1.3657300472259521,1.3658699989318848,1.365399956703186,1.3658100366592407,0
2026-05-08 02:25:00+00:00,1.3657499551773071,1.3658000230789185,1.3653000593185425,1.3657100200653076,0
2026-05-08 02:26:00+00:00,1.365839958190918,1.365839958190918,1.365399956703186,1.365779995918274,0
2026-05-08 02:27:00+00:00,1.365839958190918,1.3659100532531738,1.365399956703186,1.365839958190918,0
2026-05-08 02:28:00+00:00,1.3657900094985962,1.365839958190918,1.3654999732971191,1.3658000230789185,0
2026-05-08 02:29:00+00:00,1.3658699989318848,1.365880012512207,1.3653000593185425,1.3654999732971191,0
2026-05-08 02:30:00+00:00,1.3658900260925293,1.3659199476242065,1.365399956703186,1.365839958190918,0
2026-05-08 02:31:00+00:00,1.3659100532531738,1.3659299612045288,1.3654999732971191,1.365880012512207,0
2026-05-08 02:32:00+00:00,1.3655999898910522,1.3659700155258179,1.3655999898910522,1.3659100532531738,0
2026-05-08 02:33:00+00:00,1.3658699989318848,1.3659600019454956,1.3654999732971191,1.3659299612045288,0
2026-05-08 02:34:00+00:00,1.3658499717712402,1.3659199476242065,1.365399956703186,1.3658699989318848,0
2026-05-08 02:35:00+00:00,1.3659800291061401,1.3660199642181396,1.3654999732971191,1.3658499717712402,0
2026-05-08 02:36:00+00:00,1.3661799430847168,1.3662199974060059,1.3654999732971191,1.3659499883651733,0
2026-05-08 02:37:00+00:00,1.3661999702453613,1.3662099838256836,1.3657000064849854,1.3661600351333618,0
2026-05-08 02:38:00+00:00,1.3660000562667847,1.3664000034332275,1.3659000396728516,1.3661799430847168,0
2026-05-08 02:39:00+00:00,1.36627995967865,1.366379976272583,1.3658000230789185,1.3662699460983276,0
2026-05-08 02:40:00+00:00,1.3661799430847168,1.3664000034332275,1.3659000396728516,1.3662899732589722,0
2026-05-08 02:41:00+00:00,1.3662699460983276,1.3663300275802612,1.3659000396728516,1.366189956665039,0
2026-05-08 02:42:00+00:00,1.36627995967865,1.3663400411605835,1.3658000230789185,1.3662999868392944,0
2026-05-08 02:43:00+00:00,1.3661999702453613,1.366320013999939,1.3659000396728516,1.36627995967865,0
2026-05-08 02:44:00+00:00,1.366260051727295,1.3662699460983276,1.3659000396728516,1.3662300109863281,0
2026-05-08 02:45:00+00:00,1.3661600351333618,1.366260051727295,1.3659000396728516,1.3662300109863281,0
2026-05-08 02:46:00+00:00,1.3660900592803955,1.3661999702453613,1.3657000064849854,1.366189956665039,0
2026-05-08 02:47:00+00:00,1.3660900592803955,1.3661400079727173,1.3655999898910522,1.3660900592803955,0
2026-05-08 02:48:00+00:00,1.366029977798462,1.366129994392395,1.3657000064849854,1.3660900592803955,0
2026-05-08 02:49:00+00:00,1.3659299612045288,1.3660999536514282,1.3654999732971191,1.366029977798462,0
2026-05-08 02:50:00+00:00,1.3660199642181396,1.3660199642181396,1.365399956703186,1.3658900260925293,0
2026-05-08 02:51:00+00:00,1.3659199476242065,1.3660099506378174,1.3655999898910522,1.3659800291061401,0
2026-05-08 02:52:00+00:00,1.366029977798462,1.3660500049591064,1.3655999898910522,1.3659199476242065,0
2026-05-08 02:53:00+00:00,1.3659900426864624,1.3660999536514282,1.3655999898910522,1.3660099506378174,0
2026-05-08 02:54:00+00:00,1.3659499883651733,1.3660399913787842,1.3655999898910522,1.3659900426864624,0
2026-05-08 02:55:00+00:00,1.3658599853515625,1.3660000562667847,1.3654999732971191,1.3657000064849854,0
2026-05-08 02:56:00+00:00,1.3659100532531738,1.3659199476242065,1.365399956703186,1.3658499717712402,0
2026-05-08 02:57:00+00:00,1.3658900260925293,1.365939974784851,1.3655999898910522,1.3658900260925293,0
2026-05-08 02:58:00+00:00,1.3655999898910522,1.3659600019454956,1.3654999732971191,1.3658900260925293,0
2026-05-08 02:59:00+00:00,1.3655999898910522,1.3659600019454956,1.3655999898910522,1.3659100532531738,0
2026-05-08 03:00:00+00:00,1.3659100532531738,1.365939974784851,1.3655999898910522,1.365939974784851,0
2026-05-08 03:01:00+00:00,1.3657000064849854,1.3660000562667847,1.3655999898910522,1.3659199476242065,0
2026-05-08 03:02:00+00:00,1.3658699989318848,1.3660099506378174,1.3655999898910522,1.3659100532531738,0
2026-05-08 03:03:00+00:00,1.3659100532531738,1.3659199476242065,1.365399956703186,1.3659000396728516,0
2026-05-08 03:04:00+00:00,1.3658100366592407,1.3659199476242065,1.3654999732971191,1.365880012512207,0
2026-05-08 03:05:00+00:00,1.3658000230789185,1.3659000396728516,1.3654999732971191,1.3654999732971191,0
2026-05-08 03:06:00+00:00,1.3658100366592407,1.3659199476242065,1.3654999732971191,1.3658100366592407,0
2026-05-08 03:07:00+00:00,1.3658299446105957,1.3659199476242065,1.3654999732971191,1.3654999732971191,0
2026-05-08 03:08:00+00:00,1.365779995918274,1.3659199476242065,1.3654999732971191,1.365839958190918,0
2026-05-08 03:09:00+00:00,1.3657699823379517,1.3658000230789185,1.365399956703186,1.3654999732971191,0
2026-05-08 03:10:00+00:00,1.3657900094985962,1.365839958190918,1.3653000593185425,1.3657200336456299,0
2026-05-08 03:11:00+00:00,1.3657900094985962,1.365839958190918,1.365399956703186,1.365399956703186,0
2026-05-08 03:12:00+00:00,1.3659900426864624,1.366070032119751,1.3653000593185425,1.3658100366592407,0
2026-05-08 03:13:00+00:00,1.3659800291061401,1.3660199642181396,1.3654999732971191,1.3659800291061401,0
2026-05-08 03:14:00+00:00,1.3659600019454956,1.3660199642181396,1.3657000064849854,1.3659700155258179,0
2026-05-08 03:15:00+00:00,1.3659199476242065,1.3660000562667847,1.3655999898910522,1.3657000064849854,0
2026-05-08 03:16:00+00:00,1.3658900260925293,1.3659700155258179,1.3655999898910522,1.3655999898910522,0
2026-05-08 03:17:00+00:00,1.3658499717712402,1.365939974784851,1.3654999732971191,1.3659000396728516,0
2026-05-08 03:18:00+00:00,1.3659700155258179,1.3660199642181396,1.365399956703186,1.3659100532531738,0
2026-05-08 03:19:00+00:00,1.3659800291061401,1.3660199642181396,1.3654999732971191,1.3659800291061401,0
2026-05-08 03:20:00+00:00,1.3659700155258179,1.3660199642181396,1.3655999898910522,1.3660000562667847,0
2026-05-08 03:21:00+00:00,1.3659900426864624,1.3660199642181396,1.3655999898910522,1.3659700155258179,0
2026-05-08 03:22:00+00:00,1.3659700155258179,1.3660099506378174,1.3655999898910522,1.3659900426864624,0
2026-05-08 03:23:00+00:00,1.3657000064849854,1.3660399913787842,1.3657000064849854,1.3660000562667847,0
2026-05-08 03:24:00+00:00,1.3659499883651733,1.3660199642181396,1.3655999898910522,1.3660199642181396,0
2026-05-08 03:25:00+00:00,1.3659100532531738,1.3660000562667847,1.3654999732971191,1.3658000230789185,0
2026-05-08 03:26:00+00:00,1.365939974784851,1.3660000562667847,1.3655999898910522,1.3659100532531738,0
2026-05-08 03:27:00+00:00,1.3658299446105957,1.3659499883651733,1.3654999732971191,1.3659199476242065,0
2026-05-08 03:28:00+00:00,1.3659199476242065,1.365939974784851,1.365399956703186,1.365839958190918,0
2026-05-08 03:29:00+00:00,1.3659000396728516,1.365939974784851,1.3654999732971191,1.3655999898910522,0
2026-05-08 03:30:00+00:00,1.3658100366592407,1.3659499883651733,1.3654999732971191,1.3659100532531738,0
2026-05-08 03:31:00+00:00,1.365399956703186,1.365839958190918,1.3653000593185425,1.3654999732971191,0
2026-05-08 03:32:00+00:00,1.365399956703186,1.3657300472259521,1.3652000427246094,1.3657300472259521,0
2026-05-08 03:33:00+00:00,1.3655500411987305,1.3657000064849854,1.3651000261306763,1.365630030632019,0
2026-05-08 03:34:00+00:00,1.3655400276184082,1.3655999898910522,1.3651000261306763,1.3655500411987305,0
2026-05-08 03:35:00+00:00,1.3655699491500854,1.365630030632019,1.3651000261306763,1.3655400276184082,0
2026-05-08 03:36:00+00:00,1.3655699491500854,1.3656200170516968,1.3651000261306763,1.3655699491500854,0
2026-05-08 03:37:00+00:00,1.3655999898910522,1.3656200170516968,1.3651000261306763,1.3655699491500854,0
2026-05-08 03:38:00+00:00,1.3655600547790527,1.365630030632019,1.3651000261306763,1.3655999898910522,0
2026-05-08 03:39:00+00:00,1.3656500577926636,1.3657000064849854,1.3651000261306763,1.3655799627304077,0
2026-05-08 03:40:00+00:00,1.365399956703186,1.3657000064849854,1.3652000427246094,1.3656200170516968,0
2026-05-08 03:41:00+00:00,1.36558997631073,1.3657000064849854,1.3651000261306763,1.3656400442123413,0
2026-05-08 03:42:00+00:00,1.3656100034713745,1.3656500577926636,1.3651000261306763,1.3655999898910522,0
2026-05-08 03:43:00+00:00,1.3656599521636963,1.3657000064849854,1.3653000593185425,1.3656100034713745,0
2026-05-08 03:44:00+00:00,1.36558997631073,1.3657000064849854,1.3653000593185425,1.3656200170516968,0
2026-05-08 03:45:00+00:00,1.3656100034713745,1.3657000064849854,1.3653000593185425,1.36558997631073,0
2026-05-08 03:46:00+00:00,1.3656400442123413,1.3656699657440186,1.3653000593185425,1.3656400442123413,0
2026-05-08 03:47:00+00:00,1.365399956703186,1.3657499551773071,1.3653000593185425,1.365630030632019,0
2026-05-08 03:48:00+00:00,1.3657900094985962,1.3658000230789185,1.365399956703186,1.3657100200653076,0
2026-05-08 03:49:00+00:00,1.365399956703186,1.365820050239563,1.365399956703186,1.365399956703186,0
2026-05-08 03:50:00+00:00,1.365779995918274,1.3658100366592407,1.365399956703186,1.3657399415969849,0
2026-05-08 03:51:00+00:00,1.3658100366592407,1.365820050239563,1.365399956703186,1.3657599687576294,0
2026-05-08 03:52:00+00:00,1.3657599687576294,1.3658599853515625,1.365399956703186,1.3657900094985962,0
2026-05-08 03:53:00+00:00,1.365399956703186,1.3658000230789185,1.365399956703186,1.3657599687576294,0
2026-05-08 03:54:00+00:00,1.3658100366592407,1.365839958190918,1.365399956703186,1.3657100200653076,0
2026-05-08 03:55:00+00:00,1.3658599853515625,1.3658599853515625,1.3654999732971191,1.3658100366592407,0
2026-05-08 03:56:00+00:00,1.3658000230789185,1.3658599853515625,1.3654999732971191,1.3658499717712402,0
2026-05-08 03:57:00+00:00,1.3657900094985962,1.365839958190918,1.365399956703186,1.3658299446105957,0
2026-05-08 03:58:00+00:00,1.3658100366592407,1.3658299446105957,1.365399956703186,1.3657599687576294,0
2026-05-08 03:59:00+00:00,1.3658499717712402,1.3658599853515625,1.365399956703186,1.3658100366592407,0
2026-05-08 04:00:00+00:00,1.365399956703186,1.3658499717712402,1.3653000593185425,1.3658299446105957,0
2026-05-08 04:01:00+00:00,1.3654999732971191,1.365839958190918,1.365399956703186,1.3657900094985962,0
2026-05-08 04:02:00+00:00,1.3657900094985962,1.3658599853515625,1.365399956703186,1.3658000230789185,0
2026-05-08 04:03:00+00:00,1.3655999898910522,1.3658299446105957,1.3653000593185425,1.3657900094985962,0
2026-05-08 04:04:00+00:00,1.3654999732971191,1.365839958190918,1.365399956703186,1.3657399415969849,0
2026-05-08 04:05:00+00:00,1.365880012512207,1.3659299612045288,1.365399956703186,1.3657900094985962,0
2026-05-08 04:06:00+00:00,1.3657000064849854,1.3660000562667847,1.3654999732971191,1.3654999732971191,0
2026-05-08 04:07:00+00:00,1.365939974784851,1.3659600019454956,1.3654999732971191,1.3659000396728516,0
2026-05-08 04:08:00+00:00,1.3659700155258179,1.366029977798462,1.3655999898910522,1.3659199476242065,0
2026-05-08 04:09:00+00:00,1.3657000064849854,1.3660099506378174,1.3654999732971191,1.3659700155258179,0
2026-05-08 04:10:00+00:00,1.3654999732971191,1.3659299612045288,1.3654999732971191,1.3658599853515625,0
2026-05-08 04:11:00+00:00,1.3658100366592407,1.3658599853515625,1.3654999732971191,1.3658000230789185,0
2026-05-08 04:12:00+00:00,1.3657900094985962,1.3658699989318848,1.365399956703186,1.3658100366592407,0
2026-05-08 04:13:00+00:00,1.365880012512207,1.3659100532531738,1.3654999732971191,1.3658100366592407,0
2026-05-08 04:14:00+00:00,1.3658900260925293,1.3659100532531738,1.3654999732971191,1.3658900260925293,0
2026-05-08 04:15:00+00:00,1.3659199476242065,1.3659600019454956,1.3654999732971191,1.3658499717712402,0
2026-05-08 04:16:00+00:00,1.365939974784851,1.3660000562667847,1.3654999732971191,1.3659100532531738,0
2026-05-08 04:17:00+00:00,1.3654999732971191,1.365939974784851,1.3654999732971191,1.3659000396728516,0
2026-05-08 04:18:00+00:00,1.3658000230789185,1.3658699989318848,1.365399956703186,1.3658299446105957,0
2026-05-08 04:19:00+00:00,1.3657900094985962,1.3658000230789185,1.3653000593185425,1.3657900094985962,0
2026-05-08 04:20:00+00:00,1.3657200336456299,1.3658000230789185,1.365399956703186,1.3657499551773071,0
2026-05-08 04:21:00+00:00,1.3657300472259521,1.3658000230789185,1.365399956703186,1.365399956703186,0
2026-05-08 04:22:00+00:00,1.3657900094985962,1.3658299446105957,1.365399956703186,1.3657699823379517,0
2026-05-08 04:23:00+00:00,1.3657699823379517,1.3658000230789185,1.365399956703186,1.3654999732971191,0
2026-05-08 04:24:00+00:00,1.3658000230789185,1.365839958190918,1.365399956703186,1.3657599687576294,0
2026-05-08 04:25:00+00:00,1.3658499717712402,1.3659000396728516,1.365399956703186,1.3658000230789185,0
2026-05-08 04:26:00+00:00,1.3658900260925293,1.3659299612045288,1.3654999732971191,1.3655999898910522,0
2026-05-08 04:27:00+00:00,1.3655999898910522,1.365939974784851,1.3654999732971191,1.365880012512207,0
2026-05-08 04:28:00+00:00,1.3658599853515625,1.365939974784851,1.3654999732971191,1.3659100532531738,0
2026-05-08 04:29:00+00:00,1.3657000064849854,1.3659299612045288,1.365399956703186,1.3658699989318848,0
2026-05-08 04:30:00+00:00,1.3657000064849854,1.3659100532531738,1.3654999732971191,1.3658599853515625,0
2026-05-08 04:31:00+00:00,1.365839958190918,1.3659100532531738,1.3654999732971191,1.3658499717712402,0
2026-05-08 04:32:00+00:00,1.3658499717712402,1.3659000396728516,1.3654999732971191,1.3658299446105957,0
2026-05-08 04:33:00+00:00,1.3659199476242065,1.3659199476242065,1.3654999732971191,1.365839958190918,0
2026-05-08 04:34:00+00:00,1.3659199476242065,1.3659299612045288,1.3654999732971191,1.3655999898910522,0
2026-05-08 04:35:00+00:00,1.3657000064849854,1.3659499883651733,1.3655999898910522,1.3659000396728516,0
2026-05-08 04:36:00+00:00,1.3659000396728516,1.3660000562667847,1.3655999898910522,1.3659299612045288,0
2026-05-08 04:37:00+00:00,1.3659000396728516,1.365939974784851,1.3654999732971191,1.365939974784851,0
2026-05-08 04:38:00+00:00,1.3655999898910522,1.365939974784851,1.3655999898910522,1.3659100532531738,0
2026-05-08 04:39:00+00:00,1.3658699989318848,1.3659299612045288,1.3654999732971191,1.3658900260925293,0
2026-05-08 04:40:00+00:00,1.3655999898910522,1.3659000396728516,1.365399956703186,1.3658599853515625,0
2026-05-08 04:41:00+00:00,1.3658299446105957,1.3659000396728516,1.365399956703186,1.3658299446105957,0
2026-05-08 04:42:00+00:00,1.3657499551773071,1.365839958190918,1.365399956703186,1.3658000230789185,0
2026-05-08 04:43:00+00:00,1.3657499551773071,1.3658000230789185,1.3653000593185425,1.3653000593185425,0
2026-05-08 04:44:00+00:00,1.3655999898910522,1.3657900094985962,1.3652000427246094,1.3657499551773071,0
2026-05-08 04:45:00+00:00,1.3655600547790527,1.3656400442123413,1.3652000427246094,1.3652000427246094,0
2026-05-08 04:46:00+00:00,1.3651000261306763,1.3655600547790527,1.3650000095367432,1.3655600547790527,0
2026-05-08 04:47:00+00:00,1.3654999732971191,1.3655400276184082,1.3650000095367432,1.365470051765442,0
2026-05-08 04:48:00+00:00,1.3654899597167969,1.3655500411987305,1.3651000261306763,1.3654999732971191,0
2026-05-08 04:49:00+00:00,1.365440011024475,1.365530014038086,1.3651000261306763,1.3654799461364746,0
2026-05-08 04:50:00+00:00,1.3652000427246094,1.3657000064849854,1.3650000095367432,1.3654099702835083,0
2026-05-08 04:51:00+00:00,1.3653000593185425,1.3656699657440186,1.3652000427246094,1.3652000427246094,0
2026-05-08 04:52:00+00:00,1.3655600547790527,1.3655999898910522,1.3651000261306763,1.3652000427246094,0
2026-05-08 04:53:00+00:00,1.3651000261306763,1.3655999898910522,1.3651000261306763,1.365530014038086,0
2026-05-08 04:54:00+00:00,1.3655200004577637,1.3655999898910522,1.3650000095367432,1.3653000593185425,0
2026-05-08 04:55:00+00:00,1.3655500411987305,1.3655999898910522,1.3651000261306763,1.3655200004577637,0
2026-05-08 04:56:00+00:00,1.3655400276184082,1.3655999898910522,1.3652000427246094,1.3655500411987305,0
2026-05-08 04:57:00+00:00,1.3653000593185425,1.3656200170516968,1.3651000261306763,1.3655699491500854,0
2026-05-08 04:58:00+00:00,1.3652000427246094,1.3656400442123413,1.3651000261306763,1.3655799627304077,0
2026-05-08 04:59:00+00:00,1.3655400276184082,1.3655999898910522,1.3651000261306763,1.365530014038086,0
2026-05-08 05:00:00+00:00,1.3655200004577637,1.3655799627304077,1.3652000427246094,1.3655799627304077,0
2026-05-08 05:01:00+00:00,1.3655200004577637,1.3655999898910522,1.3652000427246094,1.3655200004577637,0
2026-05-08 05:02:00+00:00,1.3655400276184082,1.3655999898910522,1.3652000427246094,1.3655200004577637,0
2026-05-08 05:03:00+00:00,1.3655500411987305,1.3656200170516968,1.3651000261306763,1.365530014038086,0
2026-05-08 05:04:00+00:00,1.3655200004577637,1.3655999898910522,1.3652000427246094,1.3655500411987305,0
2026-05-08 05:05:00+00:00,1.3655400276184082,1.3655999898910522,1.3652000427246094,1.3655600547790527,0
2026-05-08 05:06:00+00:00,1.3655600547790527,1.3655999898910522,1.3652000427246094,1.3655400276184082,0
2026-05-08 05:07:00+00:00,1.3654600381851196,1.3655600547790527,1.3650000095367432,1.365530014038086,0
2026-05-08 05:08:00+00:00,1.3654500246047974,1.3654999732971191,1.3650000095367432,1.3652000427246094,0
2026-05-08 05:09:00+00:00,1.3654999732971191,1.3654999732971191,1.3651000261306763,1.3654600381851196,0
2026-05-08 05:10:00+00:00,1.3655200004577637,1.3655999898910522,1.3650000095367432,1.3653000593185425,0
2026-05-08 05:11:00+00:00,1.3655600547790527,1.3655999898910522,1.3651000261306763,1.3655200004577637,0
2026-05-08 05:12:00+00:00,1.3655500411987305,1.3655699491500854,1.3652000427246094,1.3655699491500854,0
2026-05-08 05:13:00+00:00,1.3654999732971191,1.3655500411987305,1.3650000095367432,1.3655099868774414,0
2026-05-08 05:14:00+00:00,1.3655400276184082,1.3655999898910522,1.3652000427246094,1.3654999732971191,0
2026-05-08 05:15:00+00:00,1.3655200004577637,1.3656400442123413,1.3651000261306763,1.3655200004577637,0
2026-05-08 05:16:00+00:00,1.3655500411987305,1.3655999898910522,1.3652000427246094,1.3655400276184082,0
2026-05-08 05:17:00+00:00,1.3655600547790527,1.3655999898910522,1.3652000427246094,1.3655400276184082,0
2026-05-08 05:18:00+00:00,1.3655200004577637,1.3655999898910522,1.3652000427246094,1.365530014038086,0
2026-05-08 05:19:00+00:00,1.3655099868774414,1.3655999898910522,1.3652000427246094,1.3655099868774414,0
2026-05-08 05:20:00+00:00,1.3654799461364746,1.3655600547790527,1.3650000095367432,1.3655600547790527,0
2026-05-08 05:21:00+00:00,1.3654500246047974,1.3655200004577637,1.3650000095367432,1.3654899597167969,0
2026-05-08 05:22:00+00:00,1.3653500080108643,1.3654799461364746,1.3650000095367432,1.365440011024475,0
2026-05-08 05:23:00+00:00,1.3653199672698975,1.365399956703186,1.36489999294281,1.3653299808502197,0
2026-05-08 05:24:00+00:00,1.3653899431228638,1.3654199838638306,1.3650000095367432,1.365339994430542,0
2026-05-08 05:25:00+00:00,1.365440011024475,1.3654999732971191,1.3650000095367432,1.3654199838638306,0
2026-05-08 05:26:00+00:00,1.3654199838638306,1.365470051765442,1.36489999294281,1.365470051765442,0
2026-05-08 05:27:00+00:00,1.3652000427246094,1.3654799461364746,1.3650000095367432,1.3654099702835083,0
2026-05-08 05:28:00+00:00,1.365339994430542,1.3654600381851196,1.36489999294281,1.3654299974441528,0
2026-05-08 05:29:00+00:00,1.3653500080108643,1.365399956703186,1.36489999294281,1.365339994430542,0
2026-05-08 05:30:00+00:00,1.3652199506759644,1.3653600215911865,1.364799976348877,1.3653199672698975,0
2026-05-08 05:31:00+00:00,1.3653600215911865,1.3653600215911865,1.364799976348877,1.3652000427246094,0
2026-05-08 05:32:00+00:00,1.3652299642562866,1.365399956703186,1.364799976348877,1.3650000095367432,0
2026-05-08 05:33:00+00:00,1.3653199672698975,1.3653500080108643,1.364799976348877,1.3652299642562866,0
2026-05-08 05:34:00+00:00,1.3652700185775757,1.365339994430542,1.364799976348877,1.3653199672698975,0
2026-05-08 05:35:00+00:00,1.3652900457382202,1.365339994430542,1.364799976348877,1.3652700185775757,0
2026-05-08 05:36:00+00:00,1.3653199672698975,1.3653600215911865,1.36489999294281,1.365280032157898,0
2026-05-08 05:37:00+00:00,1.3653899431228638,1.365440011024475,1.36489999294281,1.3652900457382202,0
2026-05-08 05:38:00+00:00,1.3654600381851196,1.3654999732971191,1.3650000095367432,1.3653700351715088,0
2026-05-08 05:39:00+00:00,1.3653000593185425,1.3654999732971191,1.3651000261306763,1.3654600381851196,0
2026-05-08 05:40:00+00:00,1.3654899597167969,1.3655500411987305,1.3650000095367432,1.365440011024475,0
2026-05-08 05:41:00+00:00,1.3652000427246094,1.3655400276184082,1.3650000095367432,1.3654999732971191,0
2026-05-08 05:42:00+00:00,1.365380048751831,1.3654999732971191,1.3650000095367432,1.3654099702835083,0
2026-05-08 05:43:00+00:00,1.3652000427246094,1.3654199838638306,1.36489999294281,1.365380048751831,0
2026-05-08 05:44:00+00:00,1.3653500080108643,1.3654299974441528,1.36489999294281,1.3653500080108643,0
2026-05-08 05:45:00+00:00,1.3652000427246094,1.365440011024475,1.3650000095367432,1.3653500080108643,0
2026-05-08 05:46:00+00:00,1.3650000095367432,1.365440011024475,1.3650000095367432,1.3654099702835083,0
2026-05-08 05:47:00+00:00,1.365380048751831,1.3654299974441528,1.3650000095367432,1.3653600215911865,0
2026-05-08 05:48:00+00:00,1.3654600381851196,1.3654999732971191,1.3650000095367432,1.3653500080108643,0
2026-05-08 05:49:00+00:00,1.3654600381851196,1.3654999732971191,1.3651000261306763,1.3651000261306763,0
2026-05-08 05:50:00+00:00,1.365470051765442,1.365530014038086,1.3650000095367432,1.3651000261306763,0
2026-05-08 05:51:00+00:00,1.3655699491500854,1.3656100034713745,1.3650000095367432,1.3653000593185425,0
2026-05-08 05:52:00+00:00,1.3655600547790527,1.3656200170516968,1.3651000261306763,1.3655699491500854,0
2026-05-08 05:53:00+00:00,1.3652000427246094,1.3655999898910522,1.3651000261306763,1.3651000261306763,0
2026-05-08 05:54:00+00:00,1.3655500411987305,1.3655999898910522,1.3652000427246094,1.3655600547790527,0
2026-05-08 05:55:00+00:00,1.3654299974441528,1.3655200004577637,1.3651000261306763,1.3655099868774414,0
2026-05-08 05:56:00+00:00,1.3653899431228638,1.3654999732971191,1.3650000095367432,1.3654299974441528,0
2026-05-08 05:57:00+00:00,1.3653600215911865,1.3654099702835083,1.3650000095367432,1.3651000261306763,0
2026-05-08 05:58:00+00:00,1.365399956703186,1.3654999732971191,1.3650000095367432,1.365339994430542,0
2026-05-08 05:59:00+00:00,1.365470051765442,1.3654999732971191,1.3651000261306763,1.365399956703186,0
2026-05-08 06:00:00+00:00,1.3654099702835083,1.3654999732971191,1.3651000261306763,1.3654199838638306,0
2026-05-08 06:01:00+00:00,1.3650000095367432,1.365440011024475,1.3650000095367432,1.3654099702835083,0
2026-05-08 06:02:00+00:00,1.3654199838638306,1.3654999732971191,1.36489999294281,1.365339994430542,0
2026-05-08 06:03:00+00:00,1.3654199838638306,1.3655200004577637,1.3650000095367432,1.3654299974441528,0
2026-05-08 06:04:00+00:00,1.3652199506759644,1.3654500246047974,1.3646999597549438,1.3654099702835083,0
2026-05-08 06:05:00+00:00,1.36489999294281,1.3652600049972534,1.364799976348877,1.3652299642562866,0
2026-05-08 06:06:00+00:00,1.3651200532913208,1.3652299642562866,1.364799976348877,1.365190029144287,0
2026-05-08 06:07:00+00:00,1.3651599884033203,1.3652199506759644,1.3646999597549438,1.3651299476623535,0
2026-05-08 06:08:00+00:00,1.3651100397109985,1.3652000427246094,1.3646999597549438,1.3651800155639648,0
2026-05-08 06:09:00+00:00,1.365190029144287,1.3653099536895752,1.3646999597549438,1.3651200532913208,0
2026-05-08 06:10:00+00:00,1.3652399778366089,1.3653199672698975,1.364799976348877,1.365190029144287,0
2026-05-08 06:11:00+00:00,1.3652399778366089,1.3653000593185425,1.364799976348877,1.3652399778366089,0
2026-05-08 06:12:00+00:00,1.3652399778366089,1.3653000593185425,1.36489999294281,1.36489999294281,0
2026-05-08 06:13:00+00:00,1.3652700185775757,1.3653000593185425,1.36489999294281,1.36489999294281,0
2026-05-08 06:14:00+00:00,1.3653899431228638,1.3654299974441528,1.36489999294281,1.3652600049972534,0
2026-05-08 06:15:00+00:00,1.3652499914169312,1.365440011024475,1.36489999294281,1.3653899431228638,0
2026-05-08 06:16:00+00:00,1.3651800155639648,1.365339994430542,1.364799976348877,1.3652399778366089,0
2026-05-08 06:17:00+00:00,1.3652199506759644,1.3652399778366089,1.3646999597549438,1.3651800155639648,0
2026-05-08 06:18:00+00:00,1.3652100563049316,1.3652499914169312,1.364799976348877,1.3652199506759644,0
2026-05-08 06:19:00+00:00,1.3651700019836426,1.3652199506759644,1.364799976348877,1.3652000427246094,0
2026-05-08 06:20:00+00:00,1.365090012550354,1.3651700019836426,1.3646999597549438,1.365149974822998,0
2026-05-08 06:21:00+00:00,1.3651100397109985,1.3652000427246094,1.3645999431610107,1.365090012550354,0
2026-05-08 06:22:00+00:00,1.3651599884033203,1.3652000427246094,1.3646999597549438,1.365090012550354,0
2026-05-08 06:23:00+00:00,1.3651299476623535,1.3652000427246094,1.364799976348877,1.3651299476623535,0
2026-05-08 06:24:00+00:00,1.3651399612426758,1.3652199506759644,1.364799976348877,1.3651299476623535,0
2026-05-08 06:25:00+00:00,1.36489999294281,1.3652000427246094,1.3646999597549438,1.3651399612426758,0
2026-05-08 06:26:00+00:00,1.3646999597549438,1.3651599884033203,1.3646999597549438,1.3651000261306763,0
2026-05-08 06:27:00+00:00,1.3651299476623535,1.3651700019836426,1.3645999431610107,1.3650599718093872,0
2026-05-08 06:28:00+00:00,1.3646999597549438,1.3651700019836426,1.3646999597549438,1.3651599884033203,0
2026-05-08 06:29:00+00:00,1.3650100231170654,1.3651200532913208,1.3645999431610107,1.3650799989700317,0
2026-05-08 06:30:00+00:00,1.3651299476623535,1.3652000427246094,1.3646999597549438,1.3646999597549438,0
2026-05-08 06:31:00+00:00,1.3652299642562866,1.3653199672698975,1.364799976348877,1.365149974822998,0
2026-05-08 06:32:00+00:00,1.365149974822998,1.3652299642562866,1.364799976348877,1.3652199506759644,0
2026-05-08 06:33:00+00:00,1.364799976348877,1.3651599884033203,1.3646999597549438,1.3651100397109985,0
2026-05-08 06:34:00+00:00,1.3650599718093872,1.3651100397109985,1.3645000457763672,1.3650799989700317,0
2026-05-08 06:35:00+00:00,1.3650000095367432,1.3651000261306763,1.3646999597549438,1.3650599718093872,0
2026-05-08 06:36:00+00:00,1.3650399446487427,1.3650799989700317,1.3646999597549438,1.3650399446487427,0
2026-05-08 06:37:00+00:00,1.3646999597549438,1.3651000261306763,1.3646999597549438,1.3650399446487427,0
2026-05-08 06:38:00+00:00,1.3650799989700317,1.3651000261306763,1.3646999597549438,1.3650599718093872,0
2026-05-08 06:39:00+00:00,1.36489999294281,1.3652499914169312,1.3646999597549438,1.365049958229065,0
2026-05-08 06:40:00+00:00,1.3651800155639648,1.3652299642562866,1.364799976348877,1.365190029144287,0
2026-05-08 06:41:00+00:00,1.3650799989700317,1.3651800155639648,1.3646999597549438,1.3650000095367432,0
2026-05-08 06:42:00+00:00,1.365149974822998,1.365190029144287,1.3645999431610107,1.3646999597549438,0
2026-05-08 06:43:00+00:00,1.3651000261306763,1.3652000427246094,1.3646999597549438,1.3651700019836426,0
2026-05-08 06:44:00+00:00,1.3651299476623535,1.3652000427246094,1.364799976348877,1.3651000261306763,0
2026-05-08 06:45:00+00:00,1.3651599884033203,1.3652199506759644,1.3646999597549438,1.3651399612426758,0
2026-05-08 06:46:00+00:00,1.365190029144287,1.3652199506759644,1.3646999597549438,1.36489999294281,0
2026-05-08 06:47:00+00:00,1.3652600049972534,1.3653199672698975,1.3646999597549438,1.3646999597549438,0
2026-05-08 06:48:00+00:00,1.3651000261306763,1.3653099536895752,1.3646999597549438,1.3652399778366089,0
2026-05-08 06:49:00+00:00,1.3651399612426758,1.3652000427246094,1.364799976348877,1.364799976348877,0
2026-05-08 06:50:00+00:00,1.365190029144287,1.3652199506759644,1.3646999597549438,1.3651399612426758,0
2026-05-08 06:51:00+00:00,1.365149974822998,1.3652199506759644,1.3646999597549438,1.365149974822998,0
2026-05-08 06:52:00+00:00,1.3651100397109985,1.3652499914169312,1.364799976348877,1.3651800155639648,0
2026-05-08 06:53:00+00:00,1.365149974822998,1.3652199506759644,1.364799976348877,1.3651100397109985,0
2026-05-08 06:54:00+00:00,1.3652499914169312,1.365280032157898,1.364799976348877,1.365190029144287,0
2026-05-08 06:55:00+00:00,1.365280032157898,1.3653000593185425,1.364799976348877,1.365280032157898,0
2026-05-08 06:56:00+00:00,1.3651599884033203,1.365280032157898,1.364799976348877,1.3652700185775757,0
2026-05-08 06:57:00+00:00,1.3652499914169312,1.3653000593185425,1.3646999597549438,1.3651599884033203,0
2026-05-08 06:58:00+00:00,1.365190029144287,1.3653099536895752,1.364799976348877,1.3650000095367432,0
2026-05-08 06:59:00+00:00,1.3653099536895752,1.3653600215911865,1.364799976348877,1.365190029144287,0
2026-05-08 07:00:00+00:00,1.3653500080108643,1.365440011024475,1.3650000095367432,1.3653000593185425,0
2026-05-08 07:01:00+00:00,1.3652600049972534,1.365399956703186,1.36489999294281,1.3653500080108643,0
2026-05-08 07:02:00+00:00,1.365280032157898,1.3653700351715088,1.364799976348877,1.3652299642562866,0
2026-05-08 07:03:00+00:00,1.365280032157898,1.365399956703186,1.36489999294281,1.3651000261306763,0
2026-05-08 07:04:00+00:00,1.3651800155639648,1.3653199672698975,1.36489999294281,1.365280032157898,0
2026-05-08 07:05:00+00:00,1.3651000261306763,1.3653299808502197,1.364799976348877,1.3651800155639648,0
2026-05-08 07:06:00+00:00,1.3652000427246094,1.365339994430542,1.36489999294281,1.3652900457382202,0
2026-05-08 07:07:00+00:00,1.3653000593185425,1.3653899431228638,1.3650000095367432,1.3652100563049316,0
2026-05-08 07:08:00+00:00,1.3653500080108643,1.3654500246047974,1.36489999294281,1.365339994430542,0
2026-05-08 07:09:00+00:00,1.3653500080108643,1.365399956703186,1.3650000095367432,1.3653500080108643,0
2026-05-08 07:10:00+00:00,1.3652600049972534,1.365440011024475,1.3650000095367432,1.3653500080108643,0
2026-05-08 07:11:00+00:00,1.3652600049972534,1.3653299808502197,1.36489999294281,1.3652600049972534,0
2026-05-08 07:12:00+00:00,1.3653299808502197,1.3653500080108643,1.36489999294281,1.3652600049972534,0
2026-05-08 07:13:00+00:00,1.3650000095367432,1.365399956703186,1.36489999294281,1.3653299808502197,0
2026-05-08 07:14:00+00:00,1.3652000427246094,1.3654999732971191,1.3650000095367432,1.3653199672698975,0
2026-05-08 07:15:00+00:00,1.365380048751831,1.3655600547790527,1.3650000095367432,1.3654500246047974,0
2026-05-08 07:16:00+00:00,1.365399956703186,1.3654799461364746,1.36489999294281,1.3652000427246094,0
2026-05-08 07:17:00+00:00,1.3653600215911865,1.3654600381851196,1.3650000095367432,1.3654600381851196,0
2026-05-08 07:18:00+00:00,1.365339994430542,1.365399956703186,1.36489999294281,1.3650000095367432,0
2026-05-08 07:19:00+00:00,1.3653299808502197,1.365399956703186,1.3650000095367432,1.365380048751831,0
2026-05-08 07:20:00+00:00,1.3651000261306763,1.365399956703186,1.3650000095367432,1.3653299808502197,0
2026-05-08 07:21:00+00:00,1.3654099702835083,1.3654600381851196,1.3650000095367432,1.3653500080108643,0
2026-05-08 07:22:00+00:00,1.3654799461364746,1.3655600547790527,1.3650000095367432,1.3654099702835083,0
2026-05-08 07:23:00+00:00,1.3653600215911865,1.3654899597167969,1.3651000261306763,1.365470051765442,0
2026-05-08 07:24:00+00:00,1.365380048751831,1.3654500246047974,1.36489999294281,1.3653600215911865,0
2026-05-08 07:25:00+00:00,1.3654199838638306,1.3654600381851196,1.3650000095367432,1.365380048751831,0
2026-05-08 07:26:00+00:00,1.365380048751831,1.365440011024475,1.36489999294281,1.3653899431228638,0
2026-05-08 07:27:00+00:00,1.3653899431228638,1.3654299974441528,1.36489999294281,1.3653899431228638,0
2026-05-08 07:28:00+00:00,1.3653700351715088,1.365440011024475,1.3650000095367432,1.3653899431228638,0
2026-05-08 07:29:00+00:00,1.3652000427246094,1.3655200004577637,1.36489999294281,1.3653700351715088,0
2026-05-08 07:30:00+00:00,1.3654500246047974,1.3655699491500854,1.3650000095367432,1.3654799461364746,0
2026-05-08 07:31:00+00:00,1.3654299974441528,1.3654999732971191,1.3651000261306763,1.3654500246047974,0
2026-05-08 07:32:00+00:00,1.3653199672698975,1.3654999732971191,1.3650000095367432,1.3654099702835083,0
2026-05-08 07:33:00+00:00,1.3652700185775757,1.3653600215911865,1.36489999294281,1.3653299808502197,0
2026-05-08 07:34:00+00:00,1.3652600049972534,1.3653000593185425,1.36489999294281,1.3652700185775757,0
2026-05-08 07:35:00+00:00,1.3652499914169312,1.3653000593185425,1.364799976348877,1.3652299642562866,0
2026-05-08 07:36:00+00:00,1.3653199672698975,1.365399956703186,1.36489999294281,1.3652399778366089,0
2026-05-08 07:37:00+00:00,1.3652199506759644,1.3653500080108643,1.364799976348877,1.3653500080108643,0
2026-05-08 07:38:00+00:00,1.36489999294281,1.3652600049972534,1.364799976348877,1.36489999294281,0
2026-05-08 07:39:00+00:00,1.3652600049972534,1.3653199672698975,1.36489999294281,1.3652700185775757,0
2026-05-08 07:40:00+00:00,1.365280032157898,1.3653299808502197,1.36489999294281,1.3652299642562866,0
2026-05-08 07:41:00+00:00,1.3653500080108643,1.3653500080108643,1.36489999294281,1.3652700185775757,0
2026-05-08 07:42:00+00:00,1.365440011024475,1.3654999732971191,1.36489999294281,1.3653500080108643,0
2026-05-08 07:43:00+00:00,1.365470051765442,1.3654999732971191,1.3650000095367432,1.365440011024475,0
2026-05-08 07:44:00+00:00,1.365380048751831,1.3655099868774414,1.3651000261306763,1.3654500246047974,0
2026-05-08 07:45:00+00:00,1.3654199838638306,1.3654500246047974,1.36489999294281,1.365380048751831,0
2026-05-08 07:46:00+00:00,1.3654299974441528,1.3654999732971191,1.3651000261306763,1.3654199838638306,0
2026-05-08 07:47:00+00:00,1.3654299974441528,1.3654999732971191,1.3651000261306763,1.3654299974441528,0
2026-05-08 07:48:00+00:00,1.3653299808502197,1.3654600381851196,1.3650000095367432,1.365440011024475,0
2026-05-08 07:49:00+00:00,1.3652499914169312,1.3653600215911865,1.364799976348877,1.3653299808502197,0
2026-05-08 07:50:00+00:00,1.3653899431228638,1.365399956703186,1.364799976348877,1.3652600049972534,0
2026-05-08 07:51:00+00:00,1.3654199838638306,1.3654500246047974,1.3651000261306763,1.3651000261306763,0
2026-05-08 07:52:00+00:00,1.3654500246047974,1.3654600381851196,1.3650000095367432,1.3654199838638306,0
2026-05-08 07:53:00+00:00,1.3654799461364746,1.3655600547790527,1.3651000261306763,1.3651000261306763,0
2026-05-08 07:54:00+00:00,1.3654799461364746,1.3655099868774414,1.3652000427246094,1.3654999732971191,0
2026-05-08 07:55:00+00:00,1.3654799461364746,1.365530014038086,1.3652000427246094,1.3654799461364746,0
2026-05-08 07:56:00+00:00,1.3655200004577637,1.3656100034713745,1.3652000427246094,1.3654999732971191,0
2026-05-08 07:57:00+00:00,1.3656200170516968,1.3656500577926636,1.3651000261306763,1.3655400276184082,0
2026-05-08 07:58:00+00:00,1.36558997631073,1.3656400442123413,1.3652000427246094,1.3656200170516968,0
2026-05-08 07:59:00+00:00,1.365630030632019,1.3656500577926636,1.3651000261306763,1.36558997631073,0
2026-05-08 08:00:00+00:00,1.3658000230789185,1.3658100366592407,1.3652000427246094,1.3656100034713745,0
2026-05-08 08:01:00+00:00,1.365630030632019,1.365820050239563,1.3653000593185425,1.365779995918274,0
2026-05-08 08:02:00+00:00,1.3657000064849854,1.365820050239563,1.3652000427246094,1.3656799793243408,0
2026-05-08 08:03:00+00:00,1.3656100034713745,1.3657300472259521,1.3653000593185425,1.3657300472259521,0
2026-05-08 08:04:00+00:00,1.3655400276184082,1.3656599521636963,1.3652000427246094,1.3656100034713745,0
2026-05-08 08:05:00+00:00,1.3656400442123413,1.3656400442123413,1.3652000427246094,1.3655600547790527,0
2026-05-08 08:06:00+00:00,1.3656699657440186,1.3657399415969849,1.3653000593185425,1.3656100034713745,0
2026-05-08 08:07:00+00:00,1.3657000064849854,1.3658100366592407,1.3653000593185425,1.3656500577926636,0
2026-05-08 08:08:00+00:00,1.3657499551773071,1.3658000230789185,1.365399956703186,1.3657000064849854,0
2026-05-08 08:09:00+00:00,1.3657699823379517,1.365820050239563,1.365399956703186,1.3655999898910522,0
2026-05-08 08:10:00+00:00,1.3656200170516968,1.365779995918274,1.3653000593185425,1.365779995918274,0
2026-05-08 08:11:00+00:00,1.3657100200653076,1.3657499551773071,1.3653000593185425,1.3656200170516968,0
2026-05-08 08:12:00+00:00,1.3657399415969849,1.3658100366592407,1.3653000593185425,1.3654999732971191,0
2026-05-08 08:13:00+00:00,1.3657399415969849,1.3658000230789185,1.365399956703186,1.3654999732971191,0
2026-05-08 08:14:00+00:00,1.3658900260925293,1.3659199476242065,1.3654999732971191,1.3657399415969849,0
2026-05-08 08:15:00+00:00,1.365399956703186,1.3659100532531738,1.365399956703186,1.365880012512207,0
2026-05-08 08:16:00+00:00,1.3658100366592407,1.365839958190918,1.3653000593185425,1.3657499551773071,0
2026-05-08 08:17:00+00:00,1.3658100366592407,1.365839958190918,1.365399956703186,1.3657900094985962,0
2026-05-08 08:18:00+00:00,1.365689992904663,1.365820050239563,1.3652000427246094,1.365779995918274,0
2026-05-08 08:19:00+00:00,1.365630030632019,1.3656599521636963,1.3652000427246094,1.3656500577926636,0
2026-05-08 08:20:00+00:00,1.365689992904663,1.3657300472259521,1.3653000593185425,1.365399956703186,0
2026-05-08 08:21:00+00:00,1.3655999898910522,1.3657300472259521,1.3652000427246094,1.365689992904663,0
2026-05-08 08:22:00+00:00,1.3656200170516968,1.3657300472259521,1.3651000261306763,1.3656200170516968,0
2026-05-08 08:23:00+00:00,1.3655099868774414,1.3656500577926636,1.3652000427246094,1.3653000593185425,0
2026-05-08 08:24:00+00:00,1.3657399415969849,1.3657399415969849,1.3651000261306763,1.365530014038086,0
2026-05-08 08:25:00+00:00,1.365689992904663,1.3657900094985962,1.3652000427246094,1.3657000064849854,0
2026-05-08 08:26:00+00:00,1.3656400442123413,1.3657200336456299,1.3652000427246094,1.3657200336456299,0
2026-05-08 08:27:00+00:00,1.365630030632019,1.3656699657440186,1.3652000427246094,1.3656400442123413,0
2026-05-08 08:28:00+00:00,1.365630030632019,1.3657000064849854,1.3652000427246094,1.3655999898910522,0
2026-05-08 08:29:00+00:00,1.365399956703186,1.3657200336456299,1.3652000427246094,1.3656200170516968,0
2026-05-08 08:30:00+00:00,1.3654199838638306,1.3657000064849854,1.3651000261306763,1.365630030632019,0
2026-05-08 08:31:00+00:00,1.3654899597167969,1.3655500411987305,1.3650000095367432,1.3654199838638306,0
2026-05-08 08:32:00+00:00,1.3654999732971191,1.3655699491500854,1.3651000261306763,1.365470051765442,0
2026-05-08 08:33:00+00:00,1.3652000427246094,1.3655400276184082,1.3651000261306763,1.3655099868774414,0
2026-05-08 08:34:00+00:00,1.365530014038086,1.36558997631073,1.3650000095367432,1.3654099702835083,0
2026-05-08 08:35:00+00:00,1.3655500411987305,1.3655999898910522,1.3651000261306763,1.3655200004577637,0
2026-05-08 08:36:00+00:00,1.3652000427246094,1.3655999898910522,1.3652000427246094,1.3655500411987305,0
2026-05-08 08:37:00+00:00,1.3654299974441528,1.3655500411987305,1.3650000095367432,1.365530014038086,0
2026-05-08 08:38:00+00:00,1.3655200004577637,1.365530014038086,1.3650000095367432,1.3650000095367432,0
2026-05-08 08:39:00+00:00,1.3651000261306763,1.3654999732971191,1.3650000095367432,1.3651000261306763,0
2026-05-08 08:40:00+00:00,1.365399956703186,1.3654999732971191,1.36489999294281,1.3654099702835083,0
2026-05-08 08:41:00+00:00,1.3650000095367432,1.365399956703186,1.3650000095367432,1.3653700351715088,0
2026-05-08 08:42:00+00:00,1.3654299974441528,1.3654899597167969,1.36489999294281,1.3653299808502197,0
2026-05-08 08:43:00+00:00,1.3653000593185425,1.3654600381851196,1.364799976348877,1.3654299974441528,0
2026-05-08 08:44:00+00:00,1.3652000427246094,1.365470051765442,1.36489999294281,1.3653000593185425,0
2026-05-08 08:45:00+00:00,1.3650000095367432,1.365470051765442,1.364799976348877,1.3654099702835083,0
2026-05-08 08:46:00+00:00,1.3651000261306763,1.3653000593185425,1.364799976348877,1.3652399778366089,0
2026-05-08 08:47:00+00:00,1.3651000261306763,1.3652700185775757,1.3646999597549438,1.3652499914169312,0
2026-05-08 08:48:00+00:00,1.36489999294281,1.3652000427246094,1.364799976348877,1.3651000261306763,0
2026-05-08 08:49:00+00:00,1.365190029144287,1.3652499914169312,1.364799976348877,1.3651399612426758,0
2026-05-08 08:50:00+00:00,1.3652399778366089,1.3652700185775757,1.36489999294281,1.365190029144287,0
2026-05-08 08:51:00+00:00,1.3652399778366089,1.3653500080108643,1.36489999294281,1.3652399778366089,0
2026-05-08 08:52:00+00:00,1.3653500080108643,1.365399956703186,1.36489999294281,1.3652399778366089,0
2026-05-08 08:53:00+00:00,1.3654199838638306,1.3654999732971191,1.36489999294281,1.3650000095367432,0
2026-05-08 08:54:00+00:00,1.3654500246047974,1.3655400276184082,1.3650000095367432,1.3654600381851196,0
2026-05-08 08:55:00+00:00,1.3653600215911865,1.3654999732971191,1.3650000095367432,1.365440011024475,0
2026-05-08 08:56:00+00:00,1.3653899431228638,1.3654299974441528,1.36489999294281,1.3653299808502197,0
2026-05-08 08:57:00+00:00,1.36489999294281,1.3654299974441528,1.36489999294281,1.365380048751831,0
2026-05-08 08:58:00+00:00,1.36489999294281,1.3653600215911865,1.364799976348877,1.3652600049972534,0
2026-05-08 08:59:00+00:00,1.3650799989700317,1.3652700185775757,1.364799976348877,1.3652299642562866,0
2026-05-08 09:00:00+00:00,1.3650399446487427,1.3651299476623535,1.3645999431610107,1.3650699853897095,0
2026-05-08 09:01:00+00:00,1.3647700548171997,1.3650799989700317,1.3645000457763672,1.3650000095367432,0
2026-05-08 09:02:00+00:00,1.3647199869155884,1.3648699522018433,1.364300012588501,1.3647799491882324,0
2026-05-08 09:03:00+00:00,1.3645999431610107,1.3647899627685547,1.364300012588501,1.3646899461746216,0
2026-05-08 09:04:00+00:00,1.364400029182434,1.364799976348877,1.3641999959945679,1.3647500276565552,0
2026-05-08 09:05:00+00:00,1.3647199869155884,1.364799976348877,1.364400029182434,1.3646600246429443,0
2026-05-08 09:06:00+00:00,1.3645700216293335,1.3647600412368774,1.3641999959945679,1.364740014076233,0
2026-05-08 09:07:00+00:00,1.364300012588501,1.3646999597549438,1.3641999959945679,1.3645700216293335,0
2026-05-08 09:08:00+00:00,1.364400029182434,1.3647199869155884,1.364300012588501,1.364300012588501,0
2026-05-08 09:09:00+00:00,1.3647500276565552,1.3647799491882324,1.364300012588501,1.3646800518035889,0
2026-05-08 09:10:00+00:00,1.3646700382232666,1.364799976348877,1.364300012588501,1.364740014076233,0
2026-05-08 09:11:00+00:00,1.3646700382232666,1.364740014076233,1.364300012588501,1.364400029182434,0
2026-05-08 09:12:00+00:00,1.3647199869155884,1.3647899627685547,1.364300012588501,1.3646700382232666,0
2026-05-08 09:13:00+00:00,1.3647300004959106,1.364799976348877,1.364400029182434,1.3647199869155884,0
2026-05-08 09:14:00+00:00,1.3646999597549438,1.3647500276565552,1.364300012588501,1.3646800518035889,0
2026-05-08 09:15:00+00:00,1.364300012588501,1.3647600412368774,1.364300012588501,1.3646899461746216,0
2026-05-08 09:16:00+00:00,1.364609956741333,1.364609956741333,1.3641999959945679,1.364590048789978,0
2026-05-08 09:17:00+00:00,1.364400029182434,1.3647300004959106,1.364300012588501,1.3645800352096558,0
2026-05-08 09:18:00+00:00,1.364740014076233,1.3647899627685547,1.364300012588501,1.3646800518035889,0
2026-05-08 09:19:00+00:00,1.364400029182434,1.3647899627685547,1.3641999959945679,1.3647500276565552,0
2026-05-08 09:20:00+00:00,1.3646600246429443,1.3647799491882324,1.3641999959945679,1.3646700382232666,0
2026-05-08 09:21:00+00:00,1.3646700382232666,1.3647199869155884,1.364300012588501,1.3646800518035889,0
2026-05-08 09:22:00+00:00,1.364400029182434,1.3647300004959106,1.3641999959945679,1.3645000457763672,0
2026-05-08 09:23:00+00:00,1.364650011062622,1.3647199869155884,1.364300012588501,1.3646800518035889,0
2026-05-08 09:24:00+00:00,1.3645999431610107,1.3646999597549438,1.3641999959945679,1.364609956741333,0
2026-05-08 09:25:00+00:00,1.3646299839019775,1.3646700382232666,1.364300012588501,1.3645999431610107,0
2026-05-08 09:26:00+00:00,1.3646700382232666,1.3647700548171997,1.364300012588501,1.364590048789978,0
2026-05-08 09:27:00+00:00,1.3645700216293335,1.3646800518035889,1.3641999959945679,1.364400029182434,0
2026-05-08 09:28:00+00:00,1.3646199703216553,1.3646999597549438,1.3641999959945679,1.364609956741333,0
2026-05-08 09:29:00+00:00,1.364740014076233,1.3647799491882324,1.364300012588501,1.3646199703216553,0
2026-05-08 09:30:00+00:00,1.3647300004959106,1.3648799657821655,1.364400029182434,1.364740014076233,0
2026-05-08 09:31:00+00:00,1.3648099899291992,1.3648300170898438,1.364300012588501,1.3646999597549438,0
2026-05-08 09:32:00+00:00,1.3647700548171997,1.3648300170898438,1.364400029182434,1.364799976348877,0
2026-05-08 09:33:00+00:00,1.3648099899291992,1.3648300170898438,1.3645000457763672,1.3647700548171997,0
2026-05-08 09:34:00+00:00,1.3647199869155884,1.3648200035095215,1.364400029182434,1.3647899627685547,0
2026-05-08 09:35:00+00:00,1.3645000457763672,1.364740014076233,1.364400029182434,1.3647099733352661,0
2026-05-08 09:36:00+00:00,1.364400029182434,1.3647899627685547,1.364400029182434,1.3646999597549438,0
2026-05-08 09:37:00+00:00,1.364400029182434,1.3647300004959106,1.3641999959945679,1.3646800518035889,0
2026-05-08 09:38:00+00:00,1.3647500276565552,1.3648300170898438,1.364300012588501,1.3646700382232666,0
2026-05-08 09:39:00+00:00,1.3647600412368774,1.364840030670166,1.364400029182434,1.3647500276565552,0
2026-05-08 09:40:00+00:00,1.3647600412368774,1.3648300170898438,1.364400029182434,1.3647899627685547,0
2026-05-08 09:41:00+00:00,1.3646999597549438,1.3648099899291992,1.364400029182434,1.3647600412368774,0
2026-05-08 09:42:00+00:00,1.3647799491882324,1.3648200035095215,1.3641999959945679,1.364400029182434,0
2026-05-08 09:43:00+00:00,1.3647899627685547,1.3648300170898438,1.364400029182434,1.3645999431610107,0
2026-05-08 09:44:00+00:00,1.3648500442504883,1.36489999294281,1.364300012588501,1.3647899627685547,0
2026-05-08 09:45:00+00:00,1.3647199869155884,1.36489999294281,1.364400029182434,1.3648500442504883,0
2026-05-08 09:46:00+00:00,1.3647099733352661,1.364740014076233,1.3641999959945679,1.364400029182434,0
2026-05-08 09:47:00+00:00,1.3646600246429443,1.3647500276565552,1.364300012588501,1.3646800518035889,0
2026-05-08 09:48:00+00:00,1.3646899461746216,1.364740014076233,1.364300012588501,1.3646999597549438,0
2026-05-08 09:49:00+00:00,1.3647500276565552,1.3647899627685547,1.3641999959945679,1.3647199869155884,0
2026-05-08 09:50:00+00:00,1.3646700382232666,1.3648099899291992,1.364300012588501,1.3647600412368774,0
2026-05-08 09:51:00+00:00,1.3646800518035889,1.3647199869155884,1.3641999959945679,1.3646600246429443,0
2026-05-08 09:52:00+00:00,1.3648099899291992,1.3648099899291992,1.364300012588501,1.3646800518035889,0
2026-05-08 09:53:00+00:00,1.364740014076233,1.36489999294281,1.364300012588501,1.3647799491882324,0
2026-05-08 09:54:00+00:00,1.364300012588501,1.3647600412368774,1.3641999959945679,1.364740014076233,0
2026-05-08 09:55:00+00:00,1.3645700216293335,1.3646199703216553,1.3640999794006348,1.3645700216293335,0
2026-05-08 09:56:00+00:00,1.3646899461746216,1.364740014076233,1.3641999959945679,1.364590048789978,0
2026-05-08 09:57:00+00:00,1.3647099733352661,1.3647600412368774,1.364300012588501,1.3646899461746216,0
2026-05-08 09:58:00+00:00,1.3645399808883667,1.364740014076233,1.3641999959945679,1.3646999597549438,0
2026-05-08 09:59:00+00:00,1.3645100593566895,1.3645700216293335,1.3641999959945679,1.3645299673080444,0
2026-05-08 10:00:00+00:00,1.364490032196045,1.3646199703216553,1.3640999794006348,1.3645100593566895,0
2026-05-08 10:01:00+00:00,1.3645100593566895,1.364549994468689,1.3639999628067017,1.364490032196045,0
2026-05-08 10:02:00+00:00,1.3641999959945679,1.3645800352096558,1.3639999628067017,1.3641999959945679,0
2026-05-08 10:03:00+00:00,1.3644700050354004,1.3645199537277222,1.3639999628067017,1.3644700050354004,0
2026-05-08 10:04:00+00:00,1.3645199537277222,1.3645399808883667,1.3640999794006348,1.3641999959945679,0
2026-05-08 10:05:00+00:00,1.364400029182434,1.364549994468689,1.3639999628067017,1.364490032196045,0
2026-05-08 10:06:00+00:00,1.3644599914550781,1.364490032196045,1.3640999794006348,1.3643800020217896,0
2026-05-08 10:07:00+00:00,1.364400029182434,1.3645000457763672,1.3640999794006348,1.3644399642944336,0
2026-05-08 10:08:00+00:00,1.3645199537277222,1.3645399808883667,1.3640999794006348,1.364400029182434,0
2026-05-08 10:09:00+00:00,1.3643800020217896,1.3645199537277222,1.3640999794006348,1.3644800186157227,0
2026-05-08 10:10:00+00:00,1.3640999794006348,1.3644700050354004,1.3640999794006348,1.3643800020217896,0
2026-05-08 10:11:00+00:00,1.3644200563430786,1.3645000457763672,1.3640999794006348,1.3643900156021118,0
2026-05-08 10:12:00+00:00,1.3640999794006348,1.3645000457763672,1.3640999794006348,1.3644499778747559,0
2026-05-08 10:13:00+00:00,1.3644599914550781,1.3645000457763672,1.3640999794006348,1.3644100427627563,0
2026-05-08 10:14:00+00:00,1.364300012588501,1.3645100593566895,1.3641999959945679,1.3644599914550781,0
2026-05-08 10:15:00+00:00,1.3640999794006348,1.3645399808883667,1.3639999628067017,1.3644700050354004,0
2026-05-08 10:16:00+00:00,1.3644399642944336,1.3645000457763672,1.3640999794006348,1.3643800020217896,0
2026-05-08 10:17:00+00:00,1.3644700050354004,1.3645299673080444,1.3640999794006348,1.3644599914550781,0
2026-05-08 10:18:00+00:00,1.364490032196045,1.3645199537277222,1.3639999628067017,1.3645000457763672,0
2026-05-08 10:19:00+00:00,1.364300012588501,1.3645999431610107,1.3641999959945679,1.3641999959945679,0
2026-05-08 10:20:00+00:00,1.3645999431610107,1.3645999431610107,1.3640999794006348,1.3645700216293335,0
2026-05-08 10:21:00+00:00,1.3646199703216553,1.3646299839019775,1.3641999959945679,1.3645700216293335,0
2026-05-08 10:22:00+00:00,1.3645800352096558,1.3646700382232666,1.3641999959945679,1.364590048789978,0
2026-05-08 10:23:00+00:00,1.3645700216293335,1.3646600246429443,1.364300012588501,1.364590048789978,0
2026-05-08 10:24:00+00:00,1.364590048789978,1.3646399974822998,1.3641999959945679,1.3645800352096558,0
2026-05-08 10:25:00+00:00,1.364590048789978,1.3646399974822998,1.3640999794006348,1.3645999431610107,0
2026-05-08 10:26:00+00:00,1.364609956741333,1.3646600246429443,1.364300012588501,1.364609956741333,0
2026-05-08 10:27:00+00:00,1.364590048789978,1.3646399974822998,1.3641999959945679,1.364300012588501,0
2026-05-08 10:28:00+00:00,1.3645299673080444,1.364609956741333,1.3641999959945679,1.364609956741333,0
2026-05-08 10:29:00+00:00,1.364590048789978,1.3646399974822998,1.3640999794006348,1.3645100593566895,0
2026-05-08 10:30:00+00:00,1.3645299673080444,1.3646399974822998,1.3641999959945679,1.364590048789978,0
2026-05-08 10:31:00+00:00,1.3645299673080444,1.3645999431610107,1.3641999959945679,1.3641999959945679,0
2026-05-08 10:32:00+00:00,1.3641999959945679,1.3645700216293335,1.3641999959945679,1.3645299673080444,0
2026-05-08 10:33:00+00:00,1.3643300533294678,1.3645299673080444,1.3639999628067017,1.3645100593566895,0
2026-05-08 10:34:00+00:00,1.3644800186157227,1.3645299673080444,1.3638999462127686,1.3643300533294678,0
2026-05-08 10:35:00+00:00,1.3645600080490112,1.3645800352096558,1.3640999794006348,1.3641999959945679,0
2026-05-08 10:36:00+00:00,1.3645299673080444,1.3646600246429443,1.3641999959945679,1.3645700216293335,0
2026-05-08 10:37:00+00:00,1.364300012588501,1.3646299839019775,1.3641999959945679,1.3645299673080444,0
2026-05-08 10:38:00+00:00,1.3646199703216553,1.3646700382232666,1.3641999959945679,1.3646299839019775,0
2026-05-08 10:39:00+00:00,1.3646199703216553,1.3646600246429443,1.3641999959945679,1.3646199703216553,0
2026-05-08 10:40:00+00:00,1.3647500276565552,1.3648300170898438,1.364300012588501,1.364609956741333,0
2026-05-08 10:41:00+00:00,1.3647799491882324,1.364840030670166,1.364400029182434,1.364740014076233,0
2026-05-08 10:42:00+00:00,1.3647899627685547,1.364840030670166,1.364400029182434,1.3645000457763672,0
2026-05-08 10:43:00+00:00,1.364840030670166,1.3649100065231323,1.364400029182434,1.364740014076233,0
2026-05-08 10:44:00+00:00,1.3649200201034546,1.3649300336837769,1.364400029182434,1.3648899793624878,0
2026-05-08 10:45:00+00:00,1.364840030670166,1.3649300336837769,1.364400029182434,1.3649100065231323,0
2026-05-08 10:46:00+00:00,1.3647500276565552,1.3649400472640991,1.364400029182434,1.3645000457763672,0
2026-05-08 10:47:00+00:00,1.3650000095367432,1.3650100231170654,1.3645000457763672,1.3647899627685547,0
2026-05-08 10:48:00+00:00,1.3649799823760986,1.3651000261306763,1.3646999597549438,1.364959955215454,0
2026-05-08 10:49:00+00:00,1.3650399446487427,1.3651000261306763,1.3645999431610107,1.3650399446487427,0
2026-05-08 10:50:00+00:00,1.36503005027771,1.3651000261306763,1.3646999597549438,1.3650799989700317,0
2026-05-08 10:51:00+00:00,1.3650699853897095,1.3651399612426758,1.3646999597549438,1.3650399446487427,0
2026-05-08 10:52:00+00:00,1.365049958229065,1.3651200532913208,1.3645999431610107,1.3650699853897095,0
2026-05-08 10:53:00+00:00,1.365090012550354,1.3651399612426758,1.3646999597549438,1.365049958229065,0
2026-05-08 10:54:00+00:00,1.3651700019836426,1.3652100563049316,1.3646999597549438,1.3650699853897095,0
2026-05-08 10:55:00+00:00,1.3651299476623535,1.3653000593185425,1.3646999597549438,1.36489999294281,0
2026-05-08 10:56:00+00:00,1.3651000261306763,1.3652000427246094,1.3646999597549438,1.3651299476623535,0
2026-05-08 10:57:00+00:00,1.3646999597549438,1.365149974822998,1.3646999597549438,1.3651000261306763,0
2026-05-08 10:58:00+00:00,1.3650699853897095,1.3651000261306763,1.3645999431610107,1.36503005027771,0
2026-05-08 10:59:00+00:00,1.3650599718093872,1.3652000427246094,1.3646999597549438,1.3650200366973877,0
2026-05-08 11:00:00+00:00,1.36503005027771,1.3651200532913208,1.3646999597549438,1.3651200532913208,0
2026-05-08 11:01:00+00:00,1.3651200532913208,1.3651599884033203,1.3646999597549438,1.36503005027771,0
2026-05-08 11:02:00+00:00,1.3651700019836426,1.3652199506759644,1.364799976348877,1.3651100397109985,0
2026-05-08 11:03:00+00:00,1.3651700019836426,1.3652499914169312,1.364799976348877,1.3651700019836426,0
2026-05-08 11:04:00+00:00,1.365149974822998,1.365190029144287,1.364799976348877,1.3651700019836426,0
2026-05-08 11:05:00+00:00,1.3651000261306763,1.3651700019836426,1.364799976348877,1.3651100397109985,0
2026-05-08 11:06:00+00:00,1.3651299476623535,1.3652000427246094,1.3646999597549438,1.3651000261306763,0
2026-05-08 11:07:00+00:00,1.3651800155639648,1.3652100563049316,1.364799976348877,1.3651299476623535,0
2026-05-08 11:08:00+00:00,1.365149974822998,1.3652100563049316,1.364799976348877,1.365190029144287,0
2026-05-08 11:09:00+00:00,1.364989995956421,1.3652100563049316,1.3646999597549438,1.365149974822998,0
2026-05-08 11:10:00+00:00,1.365049958229065,1.3651599884033203,1.3646999597549438,1.364989995956421,0
2026-05-08 11:11:00+00:00,1.36503005027771,1.3651399612426758,1.3645999431610107,1.3651100397109985,0
2026-05-08 11:12:00+00:00,1.3649200201034546,1.365049958229065,1.3645000457763672,1.3650200366973877,0
2026-05-08 11:13:00+00:00,1.3649499416351318,1.3650000095367432,1.3645999431610107,1.3649100065231323,0
2026-05-08 11:14:00+00:00,1.3649200201034546,1.36503005027771,1.3645999431610107,1.3649499416351318,0
2026-05-08 11:15:00+00:00,1.3650100231170654,1.3650200366973877,1.3645999431610107,1.3649100065231323,0
2026-05-08 11:16:00+00:00,1.3649499416351318,1.3650200366973877,1.3646999597549438,1.364959955215454,0
2026-05-08 11:17:00+00:00,1.3649400472640991,1.3650200366973877,1.3645999431610107,1.364989995956421,0
2026-05-08 11:18:00+00:00,1.3649300336837769,1.364989995956421,1.3645999431610107,1.3649400472640991,0
2026-05-08 11:19:00+00:00,1.3649200201034546,1.3649799823760986,1.3645999431610107,1.3645999431610107,0
2026-05-08 11:20:00+00:00,1.364799976348877,1.3649799823760986,1.364400029182434,1.3649499416351318,0
2026-05-08 11:21:00+00:00,1.3649499416351318,1.364959955215454,1.3645000457763672,1.364799976348877,0
2026-05-08 11:22:00+00:00,1.3648799657821655,1.3649699687957764,1.3645000457763672,1.3649400472640991,0
2026-05-08 11:23:00+00:00,1.3647799491882324,1.3649300336837769,1.364400029182434,1.3648500442504883,0
2026-05-08 11:24:00+00:00,1.3646999597549438,1.3648699522018433,1.364300012588501,1.364799976348877,0
2026-05-08 11:25:00+00:00,1.3646999597549438,1.3648099899291992,1.364300012588501,1.3646999597549438,0
2026-05-08 11:26:00+00:00,1.3646600246429443,1.364740014076233,1.3641999959945679,1.3647300004959106,0
2026-05-08 11:27:00+00:00,1.364609956741333,1.3646999597549438,1.3641999959945679,1.3646600246429443,0
2026-05-08 11:28:00+00:00,1.3646600246429443,1.3646800518035889,1.3640999794006348,1.364300012588501,0
2026-05-08 11:29:00+00:00,1.3646600246429443,1.3646999597549438,1.3641999959945679,1.3646600246429443,0
2026-05-08 11:30:00+00:00,1.3646600246429443,1.3647199869155884,1.364300012588501,1.3646600246429443,0
2026-05-08 11:31:00+00:00,1.3645600080490112,1.3646999597549438,1.364300012588501,1.3646700382232666,0
2026-05-08 11:32:00+00:00,1.3645000457763672,1.3646299839019775,1.3640999794006348,1.3645700216293335,0
2026-05-08 11:33:00+00:00,1.364490032196045,1.3645800352096558,1.3640999794006348,1.3645700216293335,0
2026-05-08 11:34:00+00:00,1.3645700216293335,1.3645999431610107,1.3640999794006348,1.3645299673080444,0
2026-05-08 11:35:00+00:00,1.3645000457763672,1.3645999431610107,1.3641999959945679,1.3645700216293335,0
2026-05-08 11:36:00+00:00,1.3644200563430786,1.3645000457763672,1.3639999628067017,1.364490032196045,0
2026-05-08 11:37:00+00:00,1.3641999959945679,1.3645399808883667,1.3638999462127686,1.3643800020217896,0
2026-05-08 11:38:00+00:00,1.3645199537277222,1.3645999431610107,1.3639999628067017,1.364490032196045,0
2026-05-08 11:39:00+00:00,1.3644599914550781,1.3645999431610107,1.3640999794006348,1.3645100593566895,0
2026-05-08 11:40:00+00:00,1.3644700050354004,1.3645299673080444,1.3640999794006348,1.3644599914550781,0
2026-05-08 11:41:00+00:00,1.364490032196045,1.3645199537277222,1.3640999794006348,1.3645000457763672,0
2026-05-08 11:42:00+00:00,1.364490032196045,1.3645299673080444,1.3639999628067017,1.364490032196045,0
2026-05-08 11:43:00+00:00,1.3641999959945679,1.3645399808883667,1.3641999959945679,1.364490032196045,0
2026-05-08 11:44:00+00:00,1.364609956741333,1.364650011062622,1.3641999959945679,1.3644800186157227,0
2026-05-08 11:45:00+00:00,1.3641999959945679,1.3646399974822998,1.3641999959945679,1.3645999431610107,0
2026-05-08 11:46:00+00:00,1.3646199703216553,1.3647199869155884,1.3641999959945679,1.3645000457763672,0
2026-05-08 11:47:00+00:00,1.3646600246429443,1.3647199869155884,1.364300012588501,1.3646700382232666,0
2026-05-08 11:48:00+00:00,1.3644800186157227,1.3647099733352661,1.3640999794006348,1.3646800518035889,0
2026-05-08 11:49:00+00:00,1.3644800186157227,1.3645100593566895,1.3639999628067017,1.3644700050354004,0
2026-05-08 11:50:00+00:00,1.3643399477005005,1.3644700050354004,1.363800048828125,1.3644299507141113,0
2026-05-08 11:51:00+00:00,1.3643200397491455,1.364359974861145,1.3638999462127686,1.3639999628067017,0
2026-05-08 11:52:00+00:00,1.3640999794006348,1.3644599914550781,1.3639999628067017,1.3642799854278564,0
2026-05-08 11:53:00+00:00,1.3644599914550781,1.3645100593566895,1.3640999794006348,1.3644200563430786,0
2026-05-08 11:54:00+00:00,1.3644800186157227,1.3645100593566895,1.3640999794006348,1.3644700050354004,0
2026-05-08 11:55:00+00:00,1.3644200563430786,1.364549994468689,1.3640999794006348,1.3644800186157227,0
2026-05-08 11:56:00+00:00,1.3643900156021118,1.3644499778747559,1.3638999462127686,1.3644200563430786,0
2026-05-08 11:57:00+00:00,1.3641999959945679,1.364549994468689,1.3639999628067017,1.3643900156021118,0
2026-05-08 11:58:00+00:00,1.3644299507141113,1.3646299839019775,1.3640999794006348,1.3645000457763672,0
2026-05-08 11:59:00+00:00,1.3643699884414673,1.364490032196045,1.3639999628067017,1.3644299507141113,0
2026-05-08 12:00:00+00:00,1.3645100593566895,1.364549994468689,1.3639999628067017,1.3643100261688232,0
2026-05-08 12:01:00+00:00,1.3644599914550781,1.3645199537277222,1.3639999628067017,1.3644800186157227,0
2026-05-08 12:02:00+00:00,1.3640999794006348,1.3644599914550781,1.3638999462127686,1.3644100427627563,0
2026-05-08 12:03:00+00:00,1.3641999959945679,1.3645299673080444,1.3639999628067017,1.3643800020217896,0
2026-05-08 12:04:00+00:00,1.3644800186157227,1.3645299673080444,1.3640999794006348,1.3644299507141113,0
2026-05-08 12:05:00+00:00,1.3646899461746216,1.3647099733352661,1.3640999794006348,1.3644800186157227,0
2026-05-08 12:06:00+00:00,1.3650200366973877,1.3650799989700317,1.364300012588501,1.3646600246429443,0
2026-05-08 12:07:00+00:00,1.3653299808502197,1.3653600215911865,1.3646999597549438,1.36503005027771,0
2026-05-08 12:08:00+00:00,1.3654600381851196,1.365530014038086,1.36489999294281,1.3652900457382202,0
2026-05-08 12:09:00+00:00,1.3657000064849854,1.3657100200653076,1.36489999294281,1.3654799461364746,0
2026-05-08 12:10:00+00:00,1.3659600019454956,1.3659900426864624,1.3653000593185425,1.3656799793243408,0
2026-05-08 12:11:00+00:00,1.3657000064849854,1.3660000562667847,1.365399956703186,1.3658699989318848,0
2026-05-08 12:12:00+00:00,1.365399956703186,1.366029977798462,1.365399956703186,1.365399956703186,0
2026-05-08 12:13:00+00:00,1.3656799793243408,1.3658000230789185,1.3652000427246094,1.3657399415969849,0
2026-05-08 12:14:00+00:00,1.3659100532531738,1.3659499883651733,1.3652000427246094,1.3653000593185425,0
2026-05-08 12:15:00+00:00,1.3661099672317505,1.3661500215530396,1.3655999898910522,1.3659100532531738,0
2026-05-08 12:16:00+00:00,1.3660800457000732,1.3662199974060059,1.3657000064849854,1.3658000230789185,0
2026-05-08 12:17:00+00:00,1.3657900094985962,1.366129994392395,1.3654999732971191,1.3661099672317505,0
2026-05-08 12:18:00+00:00,1.3659299612045288,1.3659800291061401,1.365399956703186,1.3657900094985962,0
2026-05-08 12:19:00+00:00,1.3657499551773071,1.3659700155258179,1.365399956703186,1.3659100532531738,0
2026-05-08 12:20:00+00:00,1.3659000396728516,1.3659000396728516,1.365399956703186,1.365779995918274,0
2026-05-08 12:21:00+00:00,1.3659199476242065,1.3659800291061401,1.3654999732971191,1.3658499717712402,0
2026-05-08 12:22:00+00:00,1.3658599853515625,1.3659700155258179,1.365399956703186,1.3659100532531738,0
2026-05-08 12:23:00+00:00,1.3657000064849854,1.3659000396728516,1.3653000593185425,1.3658599853515625,0
2026-05-08 12:24:00+00:00,1.3654299974441528,1.3657300472259521,1.3651000261306763,1.3657000064849854,0
2026-05-08 12:25:00+00:00,1.3656400442123413,1.3656500577926636,1.3651000261306763,1.3654500246047974,0
2026-05-08 12:26:00+00:00,1.3657599687576294,1.3658499717712402,1.3652000427246094,1.3656100034713745,0
2026-05-08 12:27:00+00:00,1.3658100366592407,1.365939974784851,1.365399956703186,1.3657499551773071,0
2026-05-08 12:28:00+00:00,1.3657000064849854,1.3658699989318848,1.3652000427246094,1.3658100366592407,0
2026-05-08 12:29:00+00:00,1.36558997631073,1.3657699823379517,1.3652000427246094,1.3657000064849854,0
2026-05-08 12:30:00+00:00,1.3676199913024902,1.3677500486373901,1.3652000427246094,1.3653700351715088,0
2026-05-08 12:31:00+00:00,1.367840051651001,1.3679300546646118,1.3671000003814697,1.3675199747085571,0
2026-05-08 12:32:00+00:00,1.3672800064086914,1.3679100275039673,1.3668999671936035,1.3678200244903564,0
2026-05-08 12:33:00+00:00,1.367400050163269,1.3674900531768799,1.3665000200271606,1.3674299716949463,0
2026-05-08 12:34:00+00:00,1.3680200576782227,1.3682600259780884,1.3669999837875366,1.3673900365829468,0
2026-05-08 12:35:00+00:00,1.3676700592041016,1.3680299520492554,1.3671000003814697,1.3680299520492554,0
2026-05-08 12:36:00+00:00,1.3684699535369873,1.368530035018921,1.367400050163269,1.3676700592041016,0
2026-05-08 12:37:00+00:00,1.3680000305175781,1.3685699701309204,1.367799997329712,1.3684500455856323,0
2026-05-08 12:38:00+00:00,1.3682700395584106,1.3685499429702759,1.367900013923645,1.3683199882507324,0
2026-05-08 12:39:00+00:00,1.3676999807357788,1.3683899641036987,1.3675999641418457,1.3682700395584106,0
2026-05-08 12:40:00+00:00,1.368299961090088,1.3683300018310547,1.3676999807357788,1.367959976196289,0
2026-05-08 12:41:00+00:00,1.368190050125122,1.36844003200531,1.367799997329712,1.3680000305175781,0
2026-05-08 12:42:00+00:00,1.3681199550628662,1.3684300184249878,1.367799997329712,1.367799997329712,0
2026-05-08 12:43:00+00:00,1.3678799867630005,1.368149995803833,1.3674999475479126,1.367799997329712,0
2026-05-08 12:44:00+00:00,1.368149995803833,1.3682299852371216,1.3674999475479126,1.367859959602356,0
2026-05-08 12:45:00+00:00,1.3679300546646118,1.3681800365447998,1.367400050163269,1.3681700229644775,0
2026-05-08 12:46:00+00:00,1.3685699701309204,1.3687200546264648,1.3675999641418457,1.3675999641418457,0
2026-05-08 12:47:00+00:00,1.3684300184249878,1.368649959564209,1.3681000471115112,1.3685799837112427,0
2026-05-08 12:48:00+00:00,1.3684899806976318,1.3686200380325317,1.3681000471115112,1.3684300184249878,0
2026-05-08 12:49:00+00:00,1.3686599731445312,1.3687900304794312,1.3681000471115112,1.3684899806976318,0
2026-05-08 12:50:00+00:00,1.3691200017929077,1.3691799640655518,1.368299961090088,1.3686000108718872,0
2026-05-08 12:51:00+00:00,1.3687299489974976,1.3693000078201294,1.368299961090088,1.36913001537323,0
2026-05-08 12:52:00+00:00,1.3689099550247192,1.369070053100586,1.368399977684021,1.3687299489974976,0
2026-05-08 12:53:00+00:00,1.3688299655914307,1.3689500093460083,1.368399977684021,1.3689099550247192,0
2026-05-08 12:54:00+00:00,1.3685200214385986,1.3689099550247192,1.368299961090088,1.3688299655914307,0
2026-05-08 12:55:00+00:00,1.3687599897384644,1.3688499927520752,1.3681000471115112,1.3685200214385986,0
2026-05-08 12:56:00+00:00,1.3687299489974976,1.3689199686050415,1.3681999444961548,1.3687299489974976,0
2026-05-08 12:57:00+00:00,1.3685799837112427,1.3688100576400757,1.3681999444961548,1.3687299489974976,0
2026-05-08 12:58:00+00:00,1.368880033493042,1.3689500093460083,1.3681000471115112,1.3686100244522095,0
2026-05-08 12:59:00+00:00,1.3690199851989746,1.36913001537323,1.368499994277954,1.3688900470733643,0
2026-05-08 13:00:00+00:00,1.3691999912261963,1.3692799806594849,1.3687000274658203,1.3690199851989746,0
2026-05-08 13:01:00+00:00,1.3693499565124512,1.3694000244140625,1.3688000440597534,1.3691799640655518,0
2026-05-08 13:02:00+00:00,1.3695800304412842,1.3695900440216064,1.368899941444397,1.3693300485610962,0
2026-05-08 13:03:00+00:00,1.369629979133606,1.3696600198745728,1.3690999746322632,1.3695600032806396,0
2026-05-08 13:04:00+00:00,1.3696099519729614,1.3698099851608276,1.3691999912261963,1.369629979133606,0
2026-05-08 13:05:00+00:00,1.3698999881744385,1.3700400590896606,1.3693000078201294,1.3696099519729614,0
2026-05-08 13:06:00+00:00,1.3695800304412842,1.369979977607727,1.3693000078201294,1.3699100017547607,0
2026-05-08 13:07:00+00:00,1.3696199655532837,1.369670033454895,1.3690999746322632,1.3695800304412842,0
2026-05-08 13:08:00+00:00,1.3691999912261963,1.369670033454895,1.3691999912261963,1.3696500062942505,0
2026-05-08 13:09:00+00:00,1.36981999874115,1.3698500394821167,1.3691999912261963,1.3695100545883179,0
2026-05-08 13:10:00+00:00,1.3697999715805054,1.3699300289154053,1.3693000078201294,1.3696000576019287,0
2026-05-08 13:11:00+00:00,1.3698899745941162,1.369920015335083,1.3694000244140625,1.3697700500488281,0
2026-05-08 13:12:00+00:00,1.3700000047683716,1.3701399564743042,1.3695000410079956,1.369879961013794,0
2026-05-08 13:13:00+00:00,1.3700900077819824,1.3701599836349487,1.3696000576019287,1.3696999549865723,0
2026-05-08 13:14:00+00:00,1.3704500198364258,1.3705300092697144,1.3696999549865723,1.3700499534606934,0
2026-05-08 13:15:00+00:00,1.370460033416748,1.3706799745559692,1.3701000213623047,1.3704500198364258,0
2026-05-08 13:16:00+00:00,1.3702000379562378,1.3704999685287476,1.3697999715805054,1.370479941368103,0
2026-05-08 13:17:00+00:00,1.3698400259017944,1.3702499866485596,1.3695000410079956,1.3701900243759155,0
2026-05-08 13:18:00+00:00,1.3698899745941162,1.3701000213623047,1.3695000410079956,1.36981999874115,0
2026-05-08 13:19:00+00:00,1.3700300455093384,1.3701499700546265,1.3696000576019287,1.3698899745941162,0
2026-05-08 13:20:00+00:00,1.369979977607727,1.370110034942627,1.3696000576019287,1.3696999549865723,0
2026-05-08 13:21:00+00:00,1.3701900243759155,1.370300054550171,1.3696999549865723,1.3696999549865723,0
2026-05-08 13:22:00+00:00,1.3700200319290161,1.37021005153656,1.3695000410079956,1.3701900243759155,0
2026-05-08 13:23:00+00:00,1.370169997215271,1.37021005153656,1.3696000576019287,1.3696999549865723,0
2026-05-08 13:24:00+00:00,1.3696999549865723,1.3702000379562378,1.3696000576019287,1.370169997215271,0
2026-05-08 13:25:00+00:00,1.3701499700546265,1.3702000379562378,1.3696000576019287,1.369979977607727,0
2026-05-08 13:26:00+00:00,1.3701200485229492,1.3702499866485596,1.3696999549865723,1.3701499700546265,0
2026-05-08 13:27:00+00:00,1.3699899911880493,1.37021005153656,1.3696000576019287,1.3700799942016602,0
2026-05-08 13:28:00+00:00,1.3700000047683716,1.370129942893982,1.3696000576019287,1.3700499534606934,0
2026-05-08 13:29:00+00:00,1.3696999549865723,1.3700200319290161,1.3694000244140625,1.3699899911880493,0
2026-05-08 13:30:00+00:00,1.369480013847351,1.3698099851608276,1.3690999746322632,1.369729995727539,0
2026-05-08 13:31:00+00:00,1.3694299459457397,1.369570016860962,1.36899995803833,1.369480013847351,0
2026-05-08 13:32:00+00:00,1.3695499897003174,1.3696500062942505,1.3690999746322632,1.3695499897003174,0
2026-05-08 13:33:00+00:00,1.3695199489593506,1.369629979133606,1.36899995803833,1.3695499897003174,0
2026-05-08 13:34:00+00:00,1.3696600198745728,1.3697500228881836,1.3691999912261963,1.3695199489593506,0
2026-05-08 13:35:00+00:00,1.36968994140625,1.3697500228881836,1.3691999912261963,1.369629979133606,0
2026-05-08 13:36:00+00:00,1.3695000410079956,1.3698500394821167,1.3693000078201294,1.3696999549865723,0
2026-05-08 13:37:00+00:00,1.369670033454895,1.3698400259017944,1.3694000244140625,1.3698099851608276,0
2026-05-08 13:38:00+00:00,1.3696500062942505,1.369789958000183,1.3693000078201294,1.3696800470352173,0
2026-05-08 13:39:00+00:00,1.3699899911880493,1.3699899911880493,1.3694000244140625,1.3696199655532837,0
2026-05-08 13:40:00+00:00,1.3698099851608276,1.370069980621338,1.3695000410079956,1.3699500560760498,0
2026-05-08 13:41:00+00:00,1.3698699474334717,1.3699100017547607,1.3694000244140625,1.3698099851608276,0
2026-05-08 13:42:00+00:00,1.3697199821472168,1.3698999881744385,1.3691999912261963,1.369879961013794,0
2026-05-08 13:43:00+00:00,1.3698300123214722,1.3698699474334717,1.3693000078201294,1.3697199821472168,0
2026-05-08 13:44:00+00:00,1.3698300123214722,1.369920015335083,1.3694000244140625,1.3697999715805054,0
2026-05-08 13:45:00+00:00,1.3698999881744385,1.3702399730682373,1.3695000410079956,1.3698300123214722,0
2026-05-08 13:46:00+00:00,1.3698999881744385,1.3703199625015259,1.3697999715805054,1.3702000379562378,0
2026-05-08 13:47:00+00:00,1.3702199459075928,1.3703199625015259,1.3697999715805054,1.3701800107955933,0
2026-05-08 13:48:00+00:00,1.3704500198364258,1.370519995689392,1.3697999715805054,1.3701900243759155,0
2026-05-08 13:49:00+00:00,1.3705799579620361,1.3707300424575806,1.3701000213623047,1.3704299926757812,0
2026-05-08 13:50:00+00:00,1.3705400228500366,1.3706300258636475,1.3701000213623047,1.370609998703003,0
2026-05-08 13:51:00+00:00,1.3703099489212036,1.3706200122833252,1.3700000047683716,1.3705400228500366,0
2026-05-08 13:52:00+00:00,1.3703999519348145,1.3707000017166138,1.3700000047683716,1.3702800273895264,0
2026-05-08 13:53:00+00:00,1.3706400394439697,1.3709100484848022,1.3702000379562378,1.370669960975647,0
2026-05-08 13:54:00+00:00,1.3706799745559692,1.3707499504089355,1.370300054550171,1.3706899881362915,0
2026-05-08 13:55:00+00:00,1.370669960975647,1.3707799911499023,1.3701000213623047,1.3706799745559692,0
2026-05-08 13:56:00+00:00,1.3708900213241577,1.3709499835968018,1.370300054550171,1.3706599473953247,0
2026-05-08 13:57:00+00:00,1.370859980583191,1.3709399700164795,1.370300054550171,1.3708900213241577,0
2026-05-08 13:58:00+00:00,1.3708100318908691,1.37090003490448,1.3703999519348145,1.3708200454711914,0
2026-05-08 13:59:00+00:00,1.3705899715423584,1.370919942855835,1.370300054550171,1.3708399534225464,0
2026-05-08 14:00:00+00:00,1.370650053024292,1.3710099458694458,1.3702000379562378,1.3706400394439697,0
2026-05-08 14:01:00+00:00,1.3708200454711914,1.3709499835968018,1.370300054550171,1.370650053024292,0
2026-05-08 14:02:00+00:00,1.3707499504089355,1.370859980583191,1.3702000379562378,1.3708200454711914,0
2026-05-08 14:03:00+00:00,1.3705699443817139,1.3708399534225464,1.3701000213623047,1.37076997756958,0
2026-05-08 14:04:00+00:00,1.3703500032424927,1.3705699443817139,1.3700000047683716,1.3705300092697144,0
2026-05-08 14:05:00+00:00,1.370169997215271,1.3704099655151367,1.3696999549865723,1.3703900575637817,0
2026-05-08 14:06:00+00:00,1.3698999881744385,1.3703299760818481,1.3697999715805054,1.3701599836349487,0
2026-05-08 14:07:00+00:00,1.370360016822815,1.370460033416748,1.3698999881744385,1.3703099489212036,0
2026-05-08 14:08:00+00:00,1.3702000379562378,1.3703999519348145,1.3697999715805054,1.3702000379562378,0
2026-05-08 14:09:00+00:00,1.3702499866485596,1.3703700304031372,1.3697999715805054,1.3701900243759155,0
2026-05-08 14:10:00+00:00,1.3696999549865723,1.3703900575637817,1.3696000576019287,1.3702800273895264,0
2026-05-08 14:11:00+00:00,1.369979977607727,1.3703199625015259,1.3696999549865723,1.369979977607727,0
2026-05-08 14:12:00+00:00,1.3693000078201294,1.3700100183486938,1.3693000078201294,1.3699899911880493,0
2026-05-08 14:13:00+00:00,1.369480013847351,1.369629979133606,1.3690999746322632,1.3695900440216064,0
2026-05-08 14:14:00+00:00,1.3694599866867065,1.3695800304412842,1.3690999746322632,1.3693000078201294,0
2026-05-08 14:15:00+00:00,1.3696099519729614,1.369629979133606,1.36899995803833,1.3691999912261963,0
2026-05-08 14:16:00+00:00,1.3695100545883179,1.369729995727539,1.3691999912261963,1.3696399927139282,0
2026-05-08 14:17:00+00:00,1.3695600032806396,1.3696800470352173,1.3690999746322632,1.3695100545883179,0
2026-05-08 14:18:00+00:00,1.3695100545883179,1.3696600198745728,1.3690999746322632,1.3696000576019287,0
2026-05-08 14:19:00+00:00,1.369629979133606,1.3696999549865723,1.3691999912261963,1.3695499897003174,0
2026-05-08 14:20:00+00:00,1.3694000244140625,1.3698500394821167,1.3693000078201294,1.3696500062942505,0
2026-05-08 14:21:00+00:00,1.3696199655532837,1.3697500228881836,1.3691999912261963,1.3696999549865723,0
2026-05-08 14:22:00+00:00,1.3697999715805054,1.3698400259017944,1.3693000078201294,1.3696199655532837,0
2026-05-08 14:23:00+00:00,1.369860053062439,1.3699400424957275,1.3695000410079956,1.3698300123214722,0
2026-05-08 14:24:00+00:00,1.3693000078201294,1.3698699474334717,1.3693000078201294,1.36981999874115,0
2026-05-08 14:25:00+00:00,1.3694000244140625,1.3696600198745728,1.3690999746322632,1.3696199655532837,0
2026-05-08 14:26:00+00:00,1.3695199489593506,1.3697400093078613,1.3691999912261963,1.3695499897003174,0
2026-05-08 14:27:00+00:00,1.3696500062942505,1.3696800470352173,1.3690999746322632,1.3695199489593506,0
2026-05-08 14:28:00+00:00,1.3696399927139282,1.36981999874115,1.3693000078201294,1.3696800470352173,0
2026-05-08 14:29:00+00:00,1.369920015335083,1.3699500560760498,1.3693000078201294,1.3696500062942505,0
2026-05-08 14:30:00+00:00,1.369729995727539,1.3700000047683716,1.3694000244140625,1.3696000576019287,0
2026-05-08 14:31:00+00:00,1.3697600364685059,1.3698699474334717,1.3693000078201294,1.3697099685668945,0
2026-05-08 14:32:00+00:00,1.36981999874115,1.3699699640274048,1.3693000078201294,1.3697600364685059,0
2026-05-08 14:33:00+00:00,1.3696999549865723,1.369979977607727,1.3694000244140625,1.3698300123214722,0
2026-05-08 14:34:00+00:00,1.3698899745941162,1.3699500560760498,1.3694000244140625,1.3699100017547607,0
2026-05-08 14:35:00+00:00,1.3696500062942505,1.3699699640274048,1.3693000078201294,1.3698699474334717,0
2026-05-08 14:36:00+00:00,1.3694000244140625,1.3698099851608276,1.3693000078201294,1.3696399927139282,0
2026-05-08 14:37:00+00:00,1.3695399761199951,1.3697999715805054,1.3690999746322632,1.3697600364685059,0
2026-05-08 14:38:00+00:00,1.3694499731063843,1.3696000576019287,1.36899995803833,1.3695499897003174,0
2026-05-08 14:39:00+00:00,1.3691999912261963,1.3696099519729614,1.3690999746322632,1.3694499731063843,0
2026-05-08 14:40:00+00:00,1.3695499897003174,1.3696000576019287,1.36899995803833,1.3694499731063843,0
2026-05-08 14:41:00+00:00,1.3695499897003174,1.3697199821472168,1.36899995803833,1.3695499897003174,0
2026-05-08 14:42:00+00:00,1.3696399927139282,1.3696999549865723,1.3691999912261963,1.3695499897003174,0
2026-05-08 14:43:00+00:00,1.3697600364685059,1.369789958000183,1.3691999912261963,1.36968994140625,0
2026-05-08 14:44:00+00:00,1.369920015335083,1.3699500560760498,1.3693000078201294,1.3697199821472168,0
2026-05-08 14:45:00+00:00,1.3698300123214722,1.3699500560760498,1.3695000410079956,1.369920015335083,0
2026-05-08 14:46:00+00:00,1.3697999715805054,1.3698999881744385,1.3694000244140625,1.3698400259017944,0
2026-05-08 14:47:00+00:00,1.3695800304412842,1.3697999715805054,1.3693000078201294,1.3697700500488281,0
2026-05-08 14:48:00+00:00,1.3696500062942505,1.369729995727539,1.3690999746322632,1.3695600032806396,0
2026-05-08 14:49:00+00:00,1.3693599700927734,1.3696999549865723,1.3691999912261963,1.36968994140625,0
2026-05-08 14:50:00+00:00,1.3692899942398071,1.369420051574707,1.368899941444397,1.3693599700927734,0
2026-05-08 14:51:00+00:00,1.3691400289535522,1.3693599700927734,1.3687000274658203,1.369320034980774,0
2026-05-08 14:52:00+00:00,1.3688700199127197,1.3691999912261963,1.3686000108718872,1.3691200017929077,0
2026-05-08 14:53:00+00:00,1.368839979171753,1.3689500093460083,1.368399977684021,1.3689099550247192,0
2026-05-08 14:54:00+00:00,1.3690400123596191,1.369089961051941,1.368499994277954,1.3688700199127197,0
2026-05-08 14:55:00+00:00,1.3689600229263306,1.3691999912261963,1.3686000108718872,1.3690299987792969,0
2026-05-08 14:56:00+00:00,1.368939995765686,1.3691799640655518,1.3687000274658203,1.368980050086975,0
2026-05-08 14:57:00+00:00,1.3689199686050415,1.36899995803833,1.368399977684021,1.3689099550247192,0
2026-05-08 14:58:00+00:00,1.3690199851989746,1.369070053100586,1.368399977684021,1.368899941444397,0
2026-05-08 14:59:00+00:00,1.3690400123596191,1.3691200017929077,1.3687000274658203,1.3690199851989746,0
2026-05-08 15:00:00+00:00,1.3691500425338745,1.3692400455474854,1.3686000108718872,1.3690600395202637,0
2026-05-08 15:01:00+00:00,1.3690600395202637,1.3691799640655518,1.3686000108718872,1.3691699504852295,0
2026-05-08 15:02:00+00:00,1.3692899942398071,1.3693699836730957,1.3687000274658203,1.3690600395202637,0
2026-05-08 15:03:00+00:00,1.369320034980774,1.3693599700927734,1.3687000274658203,1.3693000078201294,0
2026-05-08 15:04:00+00:00,1.3690999746322632,1.3694100379943848,1.368899941444397,1.369320034980774,0
2026-05-08 15:05:00+00:00,1.369070053100586,1.3693900108337402,1.3687000274658203,1.3693599700927734,0
2026-05-08 15:06:00+00:00,1.3689299821853638,1.3691400289535522,1.368499994277954,1.3690999746322632,0
2026-05-08 15:07:00+00:00,1.3690299987792969,1.3691600561141968,1.368399977684021,1.3688900470733643,0
2026-05-08 15:08:00+00:00,1.3690099716186523,1.3691200017929077,1.368499994277954,1.3688000440597534,0
2026-05-08 15:09:00+00:00,1.3691600561141968,1.3692100048065186,1.368399977684021,1.3689700365066528,0
2026-05-08 15:10:00+00:00,1.3691400289535522,1.3692200183868408,1.3687000274658203,1.369189977645874,0
2026-05-08 15:11:00+00:00,1.3691799640655518,1.3692400455474854,1.3687000274658203,1.3691200017929077,0
2026-05-08 15:12:00+00:00,1.369089961051941,1.369320034980774,1.3688000440597534,1.3691799640655518,0
2026-05-08 15:13:00+00:00,1.3692799806594849,1.369320034980774,1.3688000440597534,1.369089961051941,0
2026-05-08 15:14:00+00:00,1.3692799806594849,1.3694000244140625,1.368899941444397,1.3692599534988403,0
2026-05-08 15:15:00+00:00,1.3690999746322632,1.3695100545883179,1.368899941444397,1.3692599534988403,0
2026-05-08 15:16:00+00:00,1.3693000078201294,1.3695499897003174,1.36899995803833,1.3694700002670288,0
2026-05-08 15:17:00+00:00,1.3693499565124512,1.3694900274276733,1.36899995803833,1.3693000078201294,0
2026-05-08 15:18:00+00:00,1.3692699670791626,1.3695000410079956,1.368899941444397,1.3693900108337402,0
2026-05-08 15:19:00+00:00,1.368899941444397,1.3693100214004517,1.3687000274658203,1.3692699670791626,0
2026-05-08 15:20:00+00:00,1.36899995803833,1.3694599866867065,1.368899941444397,1.3692599534988403,0
2026-05-08 15:21:00+00:00,1.3691600561141968,1.369379997253418,1.3687000274658203,1.369339942932129,0
2026-05-08 15:22:00+00:00,1.3687000274658203,1.3692100048065186,1.3686000108718872,1.3691500425338745,0
2026-05-08 15:23:00+00:00,1.3690799474716187,1.3690999746322632,1.3687000274658203,1.3690799474716187,0
2026-05-08 15:24:00+00:00,1.368980050086975,1.3690600395202637,1.368499994277954,1.3690600395202637,0
2026-05-08 15:25:00+00:00,1.3688000440597534,1.3691999912261963,1.3686000108718872,1.368980050086975,0
2026-05-08 15:26:00+00:00,1.3690299987792969,1.3690999746322632,1.3687000274658203,1.3690799474716187,0
2026-05-08 15:27:00+00:00,1.3689899444580078,1.3690600395202637,1.368399977684021,1.3690099716186523,0
2026-05-08 15:28:00+00:00,1.3687000274658203,1.3691099882125854,1.368499994277954,1.3689899444580078,0
2026-05-08 15:29:00+00:00,1.368880033493042,1.3690400123596191,1.368499994277954,1.3690299987792969,0
2026-05-08 15:30:00+00:00,1.3689299821853638,1.369070053100586,1.368499994277954,1.3688700199127197,0
2026-05-08 15:31:00+00:00,1.368880033493042,1.3690999746322632,1.3686000108718872,1.3689500093460083,0
2026-05-08 15:32:00+00:00,1.3688900470733643,1.3689700365066528,1.368499994277954,1.3688700199127197,0
2026-05-08 15:33:00+00:00,1.368299961090088,1.3689500093460083,1.368299961090088,1.368899941444397,0
2026-05-08 15:34:00+00:00,1.3684200048446655,1.368690013885498,1.3681000471115112,1.3686599731445312,0
2026-05-08 15:35:00+00:00,1.36844003200531,1.3685100078582764,1.3681000471115112,1.368399977684021,0
2026-05-08 15:36:00+00:00,1.3683500289916992,1.368530035018921,1.367900013923645,1.3684099912643433,0
2026-05-08 15:37:00+00:00,1.3685699701309204,1.3685699701309204,1.3680000305175781,1.3680000305175781,0
2026-05-08 15:38:00+00:00,1.368530035018921,1.3685699701309204,1.3680000305175781,1.3681999444961548,0
2026-05-08 15:39:00+00:00,1.3686000108718872,1.368649959564209,1.3681999444961548,1.3681999444961548,0
2026-05-08 15:40:00+00:00,1.3686200380325317,1.3687100410461426,1.368299961090088,1.368299961090088,0
2026-05-08 15:41:00+00:00,1.3687100410461426,1.3687700033187866,1.368299961090088,1.368399977684021,0
2026-05-08 15:42:00+00:00,1.3685699701309204,1.3688000440597534,1.368299961090088,1.368399977684021,0
2026-05-08 15:43:00+00:00,1.3686800003051758,1.3688000440597534,1.3681999444961548,1.3686000108718872,0
2026-05-08 15:44:00+00:00,1.3686800003051758,1.3687299489974976,1.368299961090088,1.368399977684021,0
2026-05-08 15:45:00+00:00,1.368340015411377,1.3687399625778198,1.3680000305175781,1.3686800003051758,0
2026-05-08 15:46:00+00:00,1.3681999444961548,1.3684200048446655,1.367799997329712,1.3683500289916992,0
2026-05-08 15:47:00+00:00,1.3679399490356445,1.3682500123977661,1.3675999641418457,1.3682199716567993,0
2026-05-08 15:48:00+00:00,1.3678799867630005,1.368090033531189,1.3674999475479126,1.3679200410842896,0
2026-05-08 15:49:00+00:00,1.3678200244903564,1.3679399490356445,1.3672000169754028,1.3678699731826782,0
2026-05-08 15:50:00+00:00,1.368190050125122,1.368190050125122,1.367400050163269,1.367799997329712,0
2026-05-08 15:51:00+00:00,1.3682299852371216,1.368299961090088,1.3676999807357788,1.3681999444961548,0
2026-05-08 15:52:00+00:00,1.3682299852371216,1.3682899475097656,1.367799997329712,1.3682299852371216,0
2026-05-08 15:53:00+00:00,1.3682399988174438,1.3683099746704102,1.367900013923645,1.3682299852371216,0
2026-05-08 15:54:00+00:00,1.3683300018310547,1.3683300018310547,1.367900013923645,1.3682399988174438,0
2026-05-08 15:55:00+00:00,1.3683300018310547,1.3684200048446655,1.3680000305175781,1.3682899475097656,0
2026-05-08 15:56:00+00:00,1.368209958076477,1.368340015411377,1.367900013923645,1.3682899475097656,0
2026-05-08 15:57:00+00:00,1.3675999641418457,1.3682899475097656,1.3675999641418457,1.368209958076477,0
2026-05-08 15:58:00+00:00,1.3680100440979004,1.3680800199508667,1.3674999475479126,1.3679300546646118,0
2026-05-08 15:59:00+00:00,1.3679499626159668,1.3680700063705444,1.3675999641418457,1.3680599927902222,0
2026-05-08 16:00:00+00:00,1.367900013923645,1.3680299520492554,1.3675999641418457,1.3679100275039673,0
2026-05-08 16:01:00+00:00,1.3680100440979004,1.368090033531189,1.3674999475479126,1.367840051651001,0
2026-05-08 16:02:00+00:00,1.368209958076477,1.3682600259780884,1.3676999807357788,1.3679900169372559,0
2026-05-08 16:03:00+00:00,1.3676999807357788,1.3682500123977661,1.3676999807357788,1.368209958076477,0
2026-05-08 16:04:00+00:00,1.367900013923645,1.3682199716567993,1.3676999807357788,1.3676999807357788,0
2026-05-08 16:05:00+00:00,1.3679300546646118,1.3682199716567993,1.3675999641418457,1.3681700229644775,0
2026-05-08 16:06:00+00:00,1.3675999641418457,1.3680399656295776,1.3674999475479126,1.3679300546646118,0
2026-05-08 16:07:00+00:00,1.3679200410842896,1.3679800033569336,1.3674999475479126,1.3679699897766113,0
2026-05-08 16:08:00+00:00,1.3680499792099,1.3680800199508667,1.3675999641418457,1.3679300546646118,0
2026-05-08 16:09:00+00:00,1.3680700063705444,1.3681199550628662,1.3676999807357788,1.3676999807357788,0
2026-05-08 16:10:00+00:00,1.3682299852371216,1.3682700395584106,1.3675999641418457,1.367799997329712,0
2026-05-08 16:11:00+00:00,1.3681299686431885,1.368280053138733,1.367900013923645,1.3682700395584106,0
2026-05-08 16:12:00+00:00,1.368399977684021,1.36844003200531,1.367799997329712,1.3681199550628662,0
2026-05-08 16:13:00+00:00,1.36844003200531,1.3685400485992432,1.3681000471115112,1.368399977684021,0
2026-05-08 16:14:00+00:00,1.3685799837112427,1.368630051612854,1.3680000305175781,1.3684699535369873,0
2026-05-08 16:15:00+00:00,1.3686100244522095,1.3686599731445312,1.3681999444961548,1.3685799837112427,0
2026-05-08 16:16:00+00:00,1.3687000274658203,1.3687399625778198,1.3681999444961548,1.3686599731445312,0
2026-05-08 16:17:00+00:00,1.3686399459838867,1.3687200546264648,1.368299961090088,1.368399977684021,0
2026-05-08 16:18:00+00:00,1.3686800003051758,1.3687399625778198,1.368299961090088,1.368649959564209,0
2026-05-08 16:19:00+00:00,1.3686200380325317,1.3687000274658203,1.368299961090088,1.368649959564209,0
2026-05-08 16:20:00+00:00,1.3686800003051758,1.3687200546264648,1.3681999444961548,1.3686200380325317,0
2026-05-08 16:21:00+00:00,1.3686599731445312,1.3687200546264648,1.368299961090088,1.3686800003051758,0
2026-05-08 16:22:00+00:00,1.3686699867248535,1.368690013885498,1.3681000471115112,1.368649959564209,0
2026-05-08 16:23:00+00:00,1.368299961090088,1.3687000274658203,1.368299961090088,1.368630051612854,0
2026-05-08 16:24:00+00:00,1.368530035018921,1.3687000274658203,1.3681999444961548,1.368649959564209,0
2026-05-08 16:25:00+00:00,1.368530035018921,1.3685799837112427,1.3681000471115112,1.368530035018921,0
2026-05-08 16:26:00+00:00,1.3684099912643433,1.3685799837112427,1.3681000471115112,1.368530035018921,0
2026-05-08 16:27:00+00:00,1.3683899641036987,1.3684699535369873,1.3680000305175781,1.368399977684021,0
2026-05-08 16:28:00+00:00,1.3681999444961548,1.3685200214385986,1.3680000305175781,1.3683899641036987,0
2026-05-08 16:29:00+00:00,1.3684099912643433,1.3685100078582764,1.3680000305175781,1.368499994277954,0
2026-05-08 16:30:00+00:00,1.3682700395584106,1.3684600591659546,1.367900013923645,1.3681999444961548,0
2026-05-08 16:31:00+00:00,1.3682199716567993,1.3683700561523438,1.367900013923645,1.3682700395584106,0
2026-05-08 16:32:00+00:00,1.3683199882507324,1.3684099912643433,1.367900013923645,1.3682199716567993,0
2026-05-08 16:33:00+00:00,1.3686200380325317,1.3686399459838867,1.3680000305175781,1.3683199882507324,0
2026-05-08 16:34:00+00:00,1.368649959564209,1.3686599731445312,1.3681999444961548,1.368299961090088,0
2026-05-08 16:35:00+00:00,1.3686000108718872,1.3686599731445312,1.3681999444961548,1.368299961090088,0
2026-05-08 16:36:00+00:00,1.368530035018921,1.3686599731445312,1.3681999444961548,1.3686100244522095,0
2026-05-08 16:37:00+00:00,1.3685100078582764,1.3686000108718872,1.3681000471115112,1.3685100078582764,0
2026-05-08 16:38:00+00:00,1.368589997291565,1.3686399459838867,1.3681999444961548,1.3685200214385986,0
2026-05-08 16:39:00+00:00,1.368749976158142,1.3687900304794312,1.3681999444961548,1.368589997291565,0
2026-05-08 16:40:00+00:00,1.3689199686050415,1.3689299821853638,1.368399977684021,1.3687599897384644,0
2026-05-08 16:41:00+00:00,1.3687000274658203,1.368980050086975,1.368499994277954,1.368499994277954,0
2026-05-08 16:42:00+00:00,1.3686800003051758,1.3689199686050415,1.3681999444961548,1.368880033493042,0
2026-05-08 16:43:00+00:00,1.368690013885498,1.368839979171753,1.368299961090088,1.3687000274658203,0
2026-05-08 16:44:00+00:00,1.3687599897384644,1.3688000440597534,1.368299961090088,1.368690013885498,0
2026-05-08 16:45:00+00:00,1.3688499927520752,1.368939995765686,1.368399977684021,1.3687200546264648,0
2026-05-08 16:46:00+00:00,1.368839979171753,1.3689600229263306,1.368499994277954,1.3688900470733643,0
2026-05-08 16:47:00+00:00,1.368499994277954,1.368880033493042,1.368399977684021,1.368880033493042,0
2026-05-08 16:48:00+00:00,1.3688900470733643,1.3689099550247192,1.368399977684021,1.3688100576400757,0
2026-05-08 16:49:00+00:00,1.3689099550247192,1.3689199686050415,1.368499994277954,1.3688900470733643,0
2026-05-08 16:50:00+00:00,1.3689500093460083,1.3689600229263306,1.368499994277954,1.3688600063323975,0
2026-05-08 16:51:00+00:00,1.3689700365066528,1.3690199851989746,1.368499994277954,1.368939995765686,0
2026-05-08 16:52:00+00:00,1.3689500093460083,1.3690400123596191,1.3686000108718872,1.3689600229263306,0
2026-05-08 16:53:00+00:00,1.3689500093460083,1.3690099716186523,1.3686000108718872,1.3689600229263306,0
2026-05-08 16:54:00+00:00,1.3687000274658203,1.3690999746322632,1.3686000108718872,1.3689099550247192,0
2026-05-08 16:55:00+00:00,1.3686000108718872,1.369070053100586,1.368499994277954,1.3690099716186523,0
2026-05-08 16:56:00+00:00,1.3689899444580078,1.3690600395202637,1.3686000108718872,1.368980050086975,0
2026-05-08 16:57:00+00:00,1.3690099716186523,1.3690600395202637,1.3686000108718872,1.3689899444580078,0
2026-05-08 16:58:00+00:00,1.368880033493042,1.36899995803833,1.368399977684021,1.3689700365066528,0
2026-05-08 16:59:00+00:00,1.368899941444397,1.3689500093460083,1.368499994277954,1.368880033493042,0
2026-05-08 17:00:00+00:00,1.3688700199127197,1.368980050086975,1.368499994277954,1.368899941444397,0
2026-05-08 17:01:00+00:00,1.3689199686050415,1.3689199686050415,1.368499994277954,1.368499994277954,0
2026-05-08 17:02:00+00:00,1.3689099550247192,1.3689199686050415,1.368499994277954,1.3688900470733643,0
2026-05-08 17:03:00+00:00,1.368899941444397,1.3689299821853638,1.368499994277954,1.3688700199127197,0
2026-05-08 17:04:00+00:00,1.3688000440597534,1.3689199686050415,1.368299961090088,1.3686000108718872,0
2026-05-08 17:05:00+00:00,1.3687299489974976,1.3688000440597534,1.368399977684021,1.3687700033187866,0
2026-05-08 17:06:00+00:00,1.3685499429702759,1.3687299489974976,1.3681999444961548,1.368690013885498,0
2026-05-08 17:07:00+00:00,1.3685699701309204,1.3686100244522095,1.3681999444961548,1.3685400485992432,0
2026-05-08 17:08:00+00:00,1.3686399459838867,1.3686599731445312,1.368299961090088,1.3685699701309204,0
2026-05-08 17:09:00+00:00,1.3686000108718872,1.3687000274658203,1.368299961090088,1.3686399459838867,0
2026-05-08 17:10:00+00:00,1.3687000274658203,1.3687599897384644,1.368299961090088,1.3686100244522095,0
2026-05-08 17:11:00+00:00,1.3686800003051758,1.3687299489974976,1.368299961090088,1.3686699867248535,0
2026-05-08 17:12:00+00:00,1.3686699867248535,1.3687200546264648,1.368299961090088,1.3686800003051758,0
2026-05-08 17:13:00+00:00,1.3687599897384644,1.3688000440597534,1.368299961090088,1.3687000274658203,0
2026-05-08 17:14:00+00:00,1.3687800168991089,1.3688299655914307,1.368399977684021,1.3687599897384644,0
2026-05-08 17:15:00+00:00,1.3687100410461426,1.368839979171753,1.368399977684021,1.3687900304794312,0
2026-05-08 17:16:00+00:00,1.3687900304794312,1.3688299655914307,1.368399977684021,1.3687200546264648,0
2026-05-08 17:17:00+00:00,1.368499994277954,1.368839979171753,1.368499994277954,1.3687900304794312,0
2026-05-08 17:18:00+00:00,1.3687399625778198,1.3688600063323975,1.368399977684021,1.3688100576400757,0
2026-05-08 17:19:00+00:00,1.3685699701309204,1.368749976158142,1.3681999444961548,1.3687399625778198,0
2026-05-08 17:20:00+00:00,1.3685200214385986,1.3686200380325317,1.3681000471115112,1.3685699701309204,0
2026-05-08 17:21:00+00:00,1.3685100078582764,1.3685699701309204,1.3681999444961548,1.3684799671173096,0
2026-05-08 17:22:00+00:00,1.3684500455856323,1.3685499429702759,1.3681000471115112,1.3685400485992432,0
2026-05-08 17:23:00+00:00,1.3684600591659546,1.3685200214385986,1.367900013923645,1.3684099912643433,0
2026-05-08 17:24:00+00:00,1.3683199882507324,1.3684600591659546,1.3680000305175781,1.3684099912643433,0
2026-05-08 17:25:00+00:00,1.368340015411377,1.3684699535369873,1.367900013923645,1.3683300018310547,0
2026-05-08 17:26:00+00:00,1.3683799505233765,1.3684300184249878,1.3680000305175781,1.3683799505233765,0
2026-05-08 17:27:00+00:00,1.3683099746704102,1.3684300184249878,1.367900013923645,1.3684300184249878,0
2026-05-08 17:28:00+00:00,1.3683500289916992,1.3684200048446655,1.367900013923645,1.3683099746704102,0
2026-05-08 17:29:00+00:00,1.3684099912643433,1.36844003200531,1.367900013923645,1.3683500289916992,0
2026-05-08 17:30:00+00:00,1.3684600591659546,1.368499994277954,1.367900013923645,1.3683600425720215,0
2026-05-08 17:31:00+00:00,1.3683799505233765,1.3684600591659546,1.367900013923645,1.3681000471115112,0
2026-05-08 17:32:00+00:00,1.3683199882507324,1.3684300184249878,1.367900013923645,1.3683899641036987,0
2026-05-08 17:33:00+00:00,1.368399977684021,1.36844003200531,1.367900013923645,1.3683199882507324,0
2026-05-08 17:34:00+00:00,1.3683099746704102,1.3684500455856323,1.3680000305175781,1.3684500455856323,0
2026-05-08 17:35:00+00:00,1.3683899641036987,1.3684200048446655,1.367900013923645,1.3683500289916992,0
2026-05-08 17:36:00+00:00,1.3681000471115112,1.3684799671173096,1.3680000305175781,1.368399977684021,0
2026-05-08 17:37:00+00:00,1.3683500289916992,1.3684200048446655,1.367900013923645,1.3683899641036987,0
2026-05-08 17:38:00+00:00,1.3684200048446655,1.3684200048446655,1.3680000305175781,1.3683500289916992,0
2026-05-08 17:39:00+00:00,1.3683899641036987,1.36844003200531,1.3680000305175781,1.3683799505233765,0
2026-05-08 17:40:00+00:00,1.3683600425720215,1.36844003200531,1.3680000305175781,1.3683899641036987,0
2026-05-08 17:41:00+00:00,1.3680000305175781,1.3684099912643433,1.367900013923645,1.3683700561523438,0
2026-05-08 17:42:00+00:00,1.3684099912643433,1.3684600591659546,1.367900013923645,1.3681999444961548,0
2026-05-08 17:43:00+00:00,1.3683300018310547,1.3684600591659546,1.3680000305175781,1.368399977684021,0
2026-05-08 17:44:00+00:00,1.3683199882507324,1.3683799505233765,1.367900013923645,1.3683099746704102,0
2026-05-08 17:45:00+00:00,1.3683899641036987,1.3684600591659546,1.3680000305175781,1.3683199882507324,0
2026-05-08 17:46:00+00:00,1.368340015411377,1.36844003200531,1.3680000305175781,1.3683899641036987,0
2026-05-08 17:47:00+00:00,1.368340015411377,1.368399977684021,1.3680000305175781,1.3683500289916992,0
2026-05-08 17:48:00+00:00,1.3682899475097656,1.3684200048446655,1.367900013923645,1.368340015411377,0
2026-05-08 17:49:00+00:00,1.3680000305175781,1.3684200048446655,1.367900013923645,1.368299961090088,0
2026-05-08 17:50:00+00:00,1.3684500455856323,1.3684500455856323,1.3680000305175781,1.3683799505233765,0
2026-05-08 17:51:00+00:00,1.3684099912643433,1.3685100078582764,1.3680000305175781,1.3684500455856323,0
2026-05-08 17:52:00+00:00,1.3684799671173096,1.3685400485992432,1.3680000305175781,1.368399977684021,0
2026-05-08 17:53:00+00:00,1.3681000471115112,1.3685100078582764,1.3681000471115112,1.368299961090088,0
2026-05-08 17:54:00+00:00,1.3684200048446655,1.3685200214385986,1.3680000305175781,1.3684699535369873,0
2026-05-08 17:55:00+00:00,1.3683899641036987,1.3685100078582764,1.3680000305175781,1.3681000471115112,0
2026-05-08 17:56:00+00:00,1.368399977684021,1.3684799671173096,1.3680000305175781,1.3681000471115112,0
2026-05-08 17:57:00+00:00,1.3684300184249878,1.368499994277954,1.3680000305175781,1.368399977684021,0
2026-05-08 17:58:00+00:00,1.3684099912643433,1.3685100078582764,1.3680000305175781,1.3684300184249878,0
2026-05-08 17:59:00+00:00,1.36844003200531,1.368499994277954,1.3681000471115112,1.3684099912643433,0
2026-05-08 18:00:00+00:00,1.3683600425720215,1.3685599565505981,1.367900013923645,1.36844003200531,0
2026-05-08 18:01:00+00:00,1.367900013923645,1.368399977684021,1.367799997329712,1.3683700561523438,0
2026-05-08 18:02:00+00:00,1.3681199550628662,1.3682299852371216,1.3675999641418457,1.368190050125122,0
2026-05-08 18:03:00+00:00,1.368209958076477,1.3682199716567993,1.3675999641418457,1.3680800199508667,0
2026-05-08 18:04:00+00:00,1.367900013923645,1.3682700395584106,1.367799997329712,1.3681700229644775,0
2026-05-08 18:05:00+00:00,1.3683899641036987,1.3684099912643433,1.367900013923645,1.3681999444961548,0
2026-05-08 18:06:00+00:00,1.3682700395584106,1.3683899641036987,1.367799997329712,1.368340015411377,0
2026-05-08 18:07:00+00:00,1.3683199882507324,1.3683300018310547,1.367900013923645,1.3682700395584106,0
2026-05-08 18:08:00+00:00,1.368209958076477,1.3683300018310547,1.367799997329712,1.3682700395584106,0
2026-05-08 18:09:00+00:00,1.367799997329712,1.3682600259780884,1.367799997329712,1.368209958076477,0
2026-05-08 18:10:00+00:00,1.368299961090088,1.368340015411377,1.3676999807357788,1.368149995803833,0
2026-05-08 18:11:00+00:00,1.368299961090088,1.3683899641036987,1.367900013923645,1.368299961090088,0
2026-05-08 18:12:00+00:00,1.3680000305175781,1.3683500289916992,1.367900013923645,1.3683099746704102,0
2026-05-08 18:13:00+00:00,1.3681199550628662,1.3683199882507324,1.367799997329712,1.3681700229644775,0
2026-05-08 18:14:00+00:00,1.3682299852371216,1.3682399988174438,1.367799997329712,1.3681199550628662,0
2026-05-08 18:15:00+00:00,1.3681999444961548,1.3682399988174438,1.367799997329712,1.3681999444961548,0
2026-05-08 18:16:00+00:00,1.3681000471115112,1.3682600259780884,1.367799997329712,1.3681999444961548,0
2026-05-08 18:17:00+00:00,1.368109941482544,1.3681700229644775,1.3676999807357788,1.3681299686431885,0
2026-05-08 18:18:00+00:00,1.3681800365447998,1.3681999444961548,1.3676999807357788,1.368109941482544,0
2026-05-08 18:19:00+00:00,1.3681000471115112,1.3683700561523438,1.367900013923645,1.3681800365447998,0
2026-05-08 18:20:00+00:00,1.3683199882507324,1.3683600425720215,1.367900013923645,1.3683600425720215,0
2026-05-08 18:21:00+00:00,1.3684200048446655,1.3684500455856323,1.367799997329712,1.3684200048446655,0
2026-05-08 18:22:00+00:00,1.3680000305175781,1.3684500455856323,1.3680000305175781,1.3684200048446655,0
2026-05-08 18:23:00+00:00,1.3682899475097656,1.3683500289916992,1.367900013923645,1.3683099746704102,0
2026-05-08 18:24:00+00:00,1.3683099746704102,1.3683700561523438,1.367900013923645,1.3682899475097656,0
2026-05-08 18:25:00+00:00,1.3683300018310547,1.3684200048446655,1.367900013923645,1.3683600425720215,0
2026-05-08 18:26:00+00:00,1.3682899475097656,1.3684099912643433,1.367900013923645,1.3683700561523438,0
2026-05-08 18:27:00+00:00,1.3681800365447998,1.368299961090088,1.367799997329712,1.368299961090088,0
2026-05-08 18:28:00+00:00,1.3682299852371216,1.3682899475097656,1.367799997329712,1.367900013923645,0
2026-05-08 18:29:00+00:00,1.368209958076477,1.3682600259780884,1.367799997329712,1.368209958076477,0
2026-05-08 18:30:00+00:00,1.368280053138733,1.3683199882507324,1.367799997329712,1.367900013923645,0
2026-05-08 18:31:00+00:00,1.3683300018310547,1.368399977684021,1.367900013923645,1.367900013923645,0
2026-05-08 18:32:00+00:00,1.3683199882507324,1.3683899641036987,1.367900013923645,1.3683300018310547,0
2026-05-08 18:33:00+00:00,1.3682700395584106,1.368340015411377,1.367900013923645,1.3683199882507324,0
2026-05-08 18:34:00+00:00,1.3682500123977661,1.368299961090088,1.367900013923645,1.3682700395584106,0
2026-05-08 18:35:00+00:00,1.3680000305175781,1.3683199882507324,1.367900013923645,1.3682399988174438,0
2026-05-08 18:36:00+00:00,1.368280053138733,1.368340015411377,1.367799997329712,1.3682700395584106,0
2026-05-08 18:37:00+00:00,1.3683600425720215,1.3683600425720215,1.367799997329712,1.368280053138733,0
2026-05-08 18:38:00+00:00,1.367799997329712,1.3683600425720215,1.367799997329712,1.3683099746704102,0
2026-05-08 18:39:00+00:00,1.368280053138733,1.3683500289916992,1.367799997329712,1.368280053138733,0
2026-05-08 18:40:00+00:00,1.367900013923645,1.3683199882507324,1.367799997329712,1.3682700395584106,0
2026-05-08 18:41:00+00:00,1.368299961090088,1.3683199882507324,1.367799997329712,1.368280053138733,0
2026-05-08 18:42:00+00:00,1.368209958076477,1.3683099746704102,1.367799997329712,1.368299961090088,0
2026-05-08 18:43:00+00:00,1.3681199550628662,1.368209958076477,1.3676999807357788,1.3676999807357788,0
2026-05-08 18:44:00+00:00,1.3682299852371216,1.3682600259780884,1.3676999807357788,1.3681199550628662,0
2026-05-08 18:45:00+00:00,1.367900013923645,1.3682600259780884,1.3676999807357788,1.368209958076477,0
2026-05-08 18:46:00+00:00,1.3676999807357788,1.3682600259780884,1.3676999807357788,1.3681999444961548,0
2026-05-08 18:47:00+00:00,1.367799997329712,1.368209958076477,1.367799997329712,1.3681299686431885,0
2026-05-08 18:48:00+00:00,1.3681199550628662,1.3682199716567993,1.3676999807357788,1.3681299686431885,0
2026-05-08 18:49:00+00:00,1.3680800199508667,1.3681999444961548,1.3675999641418457,1.368090033531189,0
2026-05-08 18:50:00+00:00,1.3675999641418457,1.3681299686431885,1.3675999641418457,1.3680499792099,0
2026-05-08 18:51:00+00:00,1.367900013923645,1.3680399656295776,1.3675999641418457,1.3679800033569336,0
2026-05-08 18:52:00+00:00,1.367900013923645,1.367959976196289,1.367400050163269,1.3678799867630005,0
2026-05-08 18:53:00+00:00,1.3675999641418457,1.3679800033569336,1.3675999641418457,1.3678699731826782,0
2026-05-08 18:54:00+00:00,1.3676999807357788,1.3680700063705444,1.3675999641418457,1.3679399490356445,0
2026-05-08 18:55:00+00:00,1.367799997329712,1.3682600259780884,1.3676999807357788,1.3680100440979004,0
2026-05-08 18:56:00+00:00,1.368149995803833,1.368209958076477,1.3675999641418457,1.368149995803833,0
2026-05-08 18:57:00+00:00,1.3680499792099,1.368149995803833,1.3675999641418457,1.367799997329712,0
2026-05-08 18:58:00+00:00,1.3680000305175781,1.3680499792099,1.3674999475479126,1.3676999807357788,0
2026-05-08 18:59:00+00:00,1.3680599927902222,1.3680700063705444,1.3674999475479126,1.367799997329712,0
2026-05-08 19:00:00+00:00,1.3680100440979004,1.368190050125122,1.3676999807357788,1.367799997329712,0
2026-05-08 19:01:00+00:00,1.3679300546646118,1.3680700063705444,1.3675999641418457,1.3680100440979004,0
2026-05-08 19:02:00+00:00,1.3678300380706787,1.3679800033569336,1.3674999475479126,1.367959976196289,0
2026-05-08 19:03:00+00:00,1.367799997329712,1.3678799867630005,1.367300033569336,1.3678499460220337,0
2026-05-08 19:04:00+00:00,1.3674999475479126,1.3678499460220337,1.367300033569336,1.3678100109100342,0
2026-05-08 19:05:00+00:00,1.3677799701690674,1.367840051651001,1.367300033569336,1.3677400350570679,0
2026-05-08 19:06:00+00:00,1.367650032043457,1.3677899837493896,1.367300033569336,1.3677799701690674,0
2026-05-08 19:07:00+00:00,1.367300033569336,1.3676899671554565,1.3672000169754028,1.3676899671554565,0
2026-05-08 19:08:00+00:00,1.3676799535751343,1.3677300214767456,1.3672000169754028,1.3676199913024902,0
2026-05-08 19:09:00+00:00,1.3675899505615234,1.3676999807357788,1.3671000003814697,1.3676400184631348,0
2026-05-08 19:10:00+00:00,1.3672000169754028,1.367609977722168,1.3671000003814697,1.367609977722168,0
2026-05-08 19:11:00+00:00,1.3675700426101685,1.3676199913024902,1.3672000169754028,1.3675600290298462,0
2026-05-08 19:12:00+00:00,1.3676700592041016,1.3676999807357788,1.3672000169754028,1.3675800561904907,0
2026-05-08 19:13:00+00:00,1.3676700592041016,1.3677200078964233,1.367300033569336,1.367300033569336,0
2026-05-08 19:14:00+00:00,1.3676999807357788,1.3677200078964233,1.367300033569336,1.3676700592041016,0
2026-05-08 19:15:00+00:00,1.3675800561904907,1.3677500486373901,1.3672000169754028,1.367300033569336,0
2026-05-08 19:16:00+00:00,1.3675600290298462,1.3676400184631348,1.3671000003814697,1.3675999641418457,0
2026-05-08 19:17:00+00:00,1.3675999641418457,1.3676199913024902,1.3671000003814697,1.3675600290298462,0
2026-05-08 19:18:00+00:00,1.3676300048828125,1.3676700592041016,1.3671000003814697,1.3675999641418457,0
2026-05-08 19:19:00+00:00,1.367609977722168,1.3676700592041016,1.3671000003814697,1.3676300048828125,0
2026-05-08 19:20:00+00:00,1.367609977722168,1.3676600456237793,1.3672000169754028,1.367609977722168,0
2026-05-08 19:21:00+00:00,1.3676300048828125,1.3676999807357788,1.3672000169754028,1.367650032043457,0
2026-05-08 19:22:00+00:00,1.3676600456237793,1.3677200078964233,1.367300033569336,1.367650032043457,0
2026-05-08 19:23:00+00:00,1.3675999641418457,1.367709994316101,1.367300033569336,1.3676600456237793,0
2026-05-08 19:24:00+00:00,1.3676400184631348,1.3676600456237793,1.3672000169754028,1.367609977722168,0
2026-05-08 19:25:00+00:00,1.3675899505615234,1.3676600456237793,1.367300033569336,1.367609977722168,0
2026-05-08 19:26:00+00:00,1.3676300048828125,1.3676899671554565,1.3671000003814697,1.3675999641418457,0
2026-05-08 19:27:00+00:00,1.367650032043457,1.3676999807357788,1.367300033569336,1.3676700592041016,0
2026-05-08 19:28:00+00:00,1.3676600456237793,1.3676999807357788,1.367300033569336,1.3676400184631348,0
2026-05-08 19:29:00+00:00,1.3676600456237793,1.367709994316101,1.3672000169754028,1.3676600456237793,0
2026-05-08 19:30:00+00:00,1.3675800561904907,1.367709994316101,1.3671000003814697,1.3676600456237793,0
2026-05-08 19:31:00+00:00,1.367300033569336,1.3676400184631348,1.3671000003814697,1.3675800561904907,0
2026-05-08 19:32:00+00:00,1.367300033569336,1.3676700592041016,1.3671000003814697,1.3675999641418457,0
2026-05-08 19:33:00+00:00,1.367300033569336,1.3676600456237793,1.3672000169754028,1.3675999641418457,0
2026-05-08 19:34:00+00:00,1.3675800561904907,1.3676600456237793,1.3671000003814697,1.367300033569336,0
2026-05-08 19:35:00+00:00,1.3675999641418457,1.3676600456237793,1.3672000169754028,1.3676199913024902,0
2026-05-08 19:36:00+00:00,1.3675800561904907,1.3676400184631348,1.3671000003814697,1.3676300048828125,0
2026-05-08 19:37:00+00:00,1.3676199913024902,1.3676999807357788,1.3671000003814697,1.3675800561904907,0
2026-05-08 19:38:00+00:00,1.3676400184631348,1.3676899671554565,1.3672000169754028,1.3676199913024902,0
2026-05-08 19:39:00+00:00,1.3676400184631348,1.3676600456237793,1.3672000169754028,1.3676400184631348,0
2026-05-08 19:40:00+00:00,1.3675600290298462,1.3676700592041016,1.3671000003814697,1.3675999641418457,0
2026-05-08 19:41:00+00:00,1.3675600290298462,1.367609977722168,1.3672000169754028,1.3675600290298462,0
2026-05-08 19:42:00+00:00,1.3676199913024902,1.3676600456237793,1.3672000169754028,1.3675600290298462,0
2026-05-08 19:43:00+00:00,1.3675899505615234,1.3676400184631348,1.3672000169754028,1.367609977722168,0
2026-05-08 19:44:00+00:00,1.367300033569336,1.3676700592041016,1.3672000169754028,1.3675800561904907,0
2026-05-08 19:45:00+00:00,1.3677699565887451,1.3678200244903564,1.367300033569336,1.3676400184631348,0
2026-05-08 19:46:00+00:00,1.3679399490356445,1.3679900169372559,1.367400050163269,1.3677599430084229,0
2026-05-08 19:47:00+00:00,1.3680000305175781,1.3680100440979004,1.3674999475479126,1.3679800033569336,0
2026-05-08 19:48:00+00:00,1.3679399490356445,1.3680100440979004,1.3674999475479126,1.367959976196289,0
2026-05-08 19:49:00+00:00,1.3681000471115112,1.3681399822235107,1.3675999641418457,1.3679200410842896,0
2026-05-08 19:50:00+00:00,1.3680599927902222,1.368149995803833,1.3675999641418457,1.3680800199508667,0
2026-05-08 19:51:00+00:00,1.3681600093841553,1.3681999444961548,1.3676999807357788,1.3680700063705444,0
2026-05-08 19:52:00+00:00,1.3683300018310547,1.368399977684021,1.367799997329712,1.3681199550628662,0
2026-05-08 19:53:00+00:00,1.3681999444961548,1.3684799671173096,1.367900013923645,1.3683500289916992,0
2026-05-08 19:54:00+00:00,1.36844003200531,1.3684799671173096,1.3680000305175781,1.3684300184249878,0
2026-05-08 19:55:00+00:00,1.3684600591659546,1.368499994277954,1.367900013923645,1.3684300184249878,0
2026-05-08 19:56:00+00:00,1.3683899641036987,1.368499994277954,1.3680000305175781,1.36844003200531,0
2026-05-08 19:57:00+00:00,1.3681600093841553,1.3684699535369873,1.3676999807357788,1.3683899641036987,0
2026-05-08 19:58:00+00:00,1.3680399656295776,1.368190050125122,1.3675999641418457,1.3681199550628662,0
2026-05-08 19:59:00+00:00,1.368149995803833,1.3682199716567993,1.3675999641418457,1.3680000305175781,0
2026-05-08 20:00:00+00:00,1.3681600093841553,1.368209958076477,1.3676999807357788,1.3681299686431885,0
2026-05-08 20:01:00+00:00,1.368149995803833,1.3681999444961548,1.3675999641418457,1.367799997329712,0
2026-05-08 20:02:00+00:00,1.3679800033569336,1.368149995803833,1.3674999475479126,1.368109941482544,0
2026-05-08 20:03:00+00:00,1.368090033531189,1.3681199550628662,1.3675999641418457,1.3679800033569336,0
2026-05-08 20:04:00+00:00,1.3680100440979004,1.3681000471115112,1.3675999641418457,1.367900013923645,0
2026-05-08 20:05:00+00:00,1.3680599927902222,1.3681199550628662,1.3675999641418457,1.3680399656295776,0
2026-05-08 20:06:00+00:00,1.3679499626159668,1.3681000471115112,1.3674999475479126,1.367900013923645,0
2026-05-08 20:07:00+00:00,1.3678699731826782,1.3680000305175781,1.3674999475479126,1.3676999807357788,0
2026-05-08 20:08:00+00:00,1.3678699731826782,1.3679399490356445,1.367400050163269,1.3678699731826782,0
2026-05-08 20:09:00+00:00,1.3679300546646118,1.3680000305175781,1.3674999475479126,1.3679399490356445,0
2026-05-08 20:10:00+00:00,1.3679100275039673,1.3680000305175781,1.367400050163269,1.3679499626159668,0
2026-05-08 20:11:00+00:00,1.3679200410842896,1.3679900169372559,1.3674999475479126,1.3679499626159668,0
2026-05-08 20:12:00+00:00,1.367900013923645,1.367959976196289,1.367400050163269,1.3674999475479126,0
2026-05-08 20:13:00+00:00,1.3680000305175781,1.3680700063705444,1.367400050163269,1.3679300546646118,0
2026-05-08 20:14:00+00:00,1.3679300546646118,1.3680399656295776,1.367400050163269,1.3680399656295776,0
2026-05-08 20:15:00+00:00,1.3679800033569336,1.3680000305175781,1.367400050163269,1.367959976196289,0
2026-05-08 20:16:00+00:00,1.3679699897766113,1.3680000305175781,1.367400050163269,1.3679499626159668,0
2026-05-08 20:17:00+00:00,1.367959976196289,1.3680100440979004,1.367400050163269,1.3679900169372559,0
2026-05-08 20:18:00+00:00,1.3680499792099,1.3680800199508667,1.3674999475479126,1.3679699897766113,0
2026-05-08 20:19:00+00:00,1.368209958076477,1.368299961090088,1.3675999641418457,1.3680700063705444,0
2026-05-08 20:20:00+00:00,1.3681800365447998,1.3682500123977661,1.3676999807357788,1.367799997329712,0
2026-05-08 20:21:00+00:00,1.367900013923645,1.3682199716567993,1.367400050163269,1.3681800365447998,0
2026-05-08 20:22:00+00:00,1.3678699731826782,1.367959976196289,1.367300033569336,1.3678699731826782,0
2026-05-08 20:23:00+00:00,1.3677899837493896,1.3679399490356445,1.367300033569336,1.367900013923645,0
2026-05-08 20:24:00+00:00,1.3677500486373901,1.3678300380706787,1.367300033569336,1.3677799701690674,0
2026-05-08 20:25:00+00:00,1.3677500486373901,1.367799997329712,1.3674999475479126,1.3677300214767456,0
2026-05-08 20:26:00+00:00,1.3677300214767456,1.3678200244903564,1.3674999475479126,1.3677400350570679,0
2026-05-08 20:27:00+00:00,1.3675800561904907,1.367799997329712,1.367400050163269,1.3677300214767456,0
2026-05-08 20:28:00+00:00,1.3676400184631348,1.3676799535751343,1.367400050163269,1.3675600290298462,0
2026-05-08 20:29:00+00:00,1.3678100109100342,1.367900013923645,1.3674999475479126,1.367650032043457,0
2026-05-08 20:30:00+00:00,1.3679200410842896,1.3679200410842896,1.3675999641418457,1.3679200410842896,0
2026-05-08 20:31:00+00:00,1.3679200410842896,1.3680000305175781,1.3676999807357788,1.3679100275039673,0
2026-05-08 20:32:00+00:00,1.3678799867630005,1.3680399656295776,1.3675999641418457,1.3679399490356445,0
2026-05-08 20:33:00+00:00,1.3675999641418457,1.367900013923645,1.3675999641418457,1.3678300380706787,0
2026-05-08 20:34:00+00:00,1.367709994316101,1.3678200244903564,1.3674999475479126,1.3677899837493896,0
2026-05-08 20:35:00+00:00,1.367709994316101,1.367799997329712,1.3674999475479126,1.3677300214767456,0
2026-05-08 20:36:00+00:00,1.367460012435913,1.3677300214767456,1.3672000169754028,1.3676899671554565,0
2026-05-08 20:37:00+00:00,1.3671000003814697,1.3675099611282349,1.3671000003814697,1.3674999475479126,0
2026-05-08 20:38:00+00:00,1.3672900199890137,1.3674800395965576,1.3671000003814697,1.36735999584198,0
2026-05-08 20:39:00+00:00,1.3670599460601807,1.36735999584198,1.3667999505996704,1.3673499822616577,0
2026-05-08 20:40:00+00:00,1.3671499490737915,1.3672300577163696,1.3668999671936035,1.3670799732208252,0
2026-05-08 20:41:00+00:00,1.3671599626541138,1.3672499656677246,1.3668999671936035,1.3671599626541138,0
2026-05-08 20:42:00+00:00,1.3670599460601807,1.3672499656677246,1.3668999671936035,1.3671599626541138,0
2026-05-08 20:43:00+00:00,1.367169976234436,1.3672300577163696,1.3666000366210938,1.3670799732208252,0
2026-05-08 20:44:00+00:00,1.3672300577163696,1.367300033569336,1.3669999837875366,1.3671599626541138,0
2026-05-08 20:45:00+00:00,1.367169976234436,1.3672800064086914,1.3668999671936035,1.3672300577163696,0
2026-05-08 20:46:00+00:00,1.3671499490737915,1.3672599792480469,1.3668999671936035,1.3672000169754028,0
2026-05-08 20:47:00+00:00,1.3671900033950806,1.3672000169754028,1.3668999671936035,1.3672000169754028,0
2026-05-08 20:48:00+00:00,1.3671200275421143,1.3672399520874023,1.3668999671936035,1.3671200275421143,0
2026-05-08 20:49:00+00:00,1.3671300411224365,1.3672599792480469,1.3669999837875366,1.3671300411224365,0
2026-05-08 20:50:00+00:00,1.3671300411224365,1.3672499656677246,1.3669999837875366,1.3671300411224365,0
2026-05-08 20:51:00+00:00,1.3672599792480469,1.36735999584198,1.3669999837875366,1.3672000169754028,0
2026-05-08 20:52:00+00:00,1.3672900199890137,1.3674299716949463,1.3671000003814697,1.3672200441360474,0
2026-05-08 20:53:00+00:00,1.367300033569336,1.367400050163269,1.3669999837875366,1.367400050163269,0
2026-05-08 20:54:00+00:00,1.3672800064086914,1.3673700094223022,1.3671000003814697,1.367300033569336,0
2026-05-08 20:55:00+00:00,1.367319941520691,1.3674399852752686,1.3671000003814697,1.3672800064086914,0
2026-05-08 20:56:00+00:00,1.3674399852752686,1.367650032043457,1.3671000003814697,1.367300033569336,0
2026-05-08 20:57:00+00:00,1.3676400184631348,1.3676600456237793,1.3671300411224365,1.3675299882888794,0
2026-05-08 20:58:00+00:00,1.3674700260162354,1.367709994316101,1.3672900199890137,1.367650032043457,0
2026-05-08 20:59:00+00:00,1.3671000003814697,1.3675299882888794,1.3669999837875366,1.3674299716949463,0
2026-05-08 21:00:00+00:00,1.3675999641418457,1.3675999641418457,1.3675999641418457,1.3675999641418457,0
2026-05-08 21:07:00+00:00,1.3671000003814697,1.3671000003814697,1.3671000003814697,1.3671000003814697,0
2026-05-08 21:08:00+00:00,1.3671000003814697,1.3671000003814697,1.3671000003814697,1.3671000003814697,0
